2026-09-24 09:38:52,450 [apscheduler.scheduler] INFO: Adding job tentatively -- it will be properly scheduled when the scheduler starts
2026-09-24 09:38:52,451 [apscheduler.scheduler] INFO: Adding job tentatively -- it will be properly scheduled when the scheduler starts
2026-09-24 09:38:52,451 [apscheduler.scheduler] INFO: Adding job tentatively -- it will be properly scheduled when the scheduler starts
2026-09-24 09:38:52,451 [apscheduler.scheduler] INFO: Adding job tentatively -- it will be properly scheduled when the scheduler starts
2026-09-24 09:38:52,451 [apscheduler.scheduler] INFO: Adding job tentatively -- it will be properly scheduled when the scheduler starts
2026-09-24 09:38:52,451 [apscheduler.scheduler] INFO: Adding job tentatively -- it will be properly scheduled when the scheduler starts
2026-09-24 09:38:52,452 [apscheduler.scheduler] INFO: Added job "refresh_ocs" to job store "default"
2026-09-24 09:38:52,452 [apscheduler.scheduler] INFO: Added job "NVD Delta Collector" to job store "default"
2026-09-24 09:38:52,452 [apscheduler.scheduler] INFO: Added job "CISA KEV Collector" to job store "default"
2026-09-24 09:38:52,452 [apscheduler.scheduler] INFO: Added job "InterSystems Collector" to job store "default"
2026-09-24 09:38:52,452 [apscheduler.scheduler] INFO: Added job "Vendor RSS Collector" to job store "default"
2026-09-24 09:38:52,452 [apscheduler.scheduler] INFO: Added job "OCS Cache Refresh" to job store "default"
2026-09-24 09:38:52,453 [apscheduler.scheduler] INFO: Scheduler started
2026-09-24 09:38:52,453 [vuln-engine.scheduler] INFO: Scheduler started with all collectors
2026-09-24 09:38:52,453 [apscheduler.scheduler] INFO: Removed job 566b11e872e44263b260c5be8d310a64
2026-09-24 09:38:52,453 [apscheduler.executors.default] INFO: Running job "refresh_ocs (trigger: date[2026-09-24 09:38:52 CEST], next run at: 2026-09-24 09:38:52 CEST)" (scheduled at 2026-09-24 09:38:52.450673+02:00)
2026-09-24 09:38:52,453 [vuln-engine.ocs_cache] INFO: Refreshing OCS inventory cache...
2026-09-24 09:38:52,520 [httpx] INFO: HTTP Request: GET https://localhost/ocsapi/v1/computers/listID "HTTP/1.1 200 OK"
2026-09-24 09:38:52,579 [httpx] INFO: HTTP Request: GET https://localhost/ocsapi/v1/computer/21/software "HTTP/1.1 200 OK"
2026-09-24 09:38:52,633 [httpx] INFO: HTTP Request: GET https://localhost/ocsapi/v1/computer/32/software "HTTP/1.1 200 OK"
2026-09-24 09:38:52,675 [httpx] INFO: HTTP Request: GET https://localhost/ocsapi/v1/computer/33/software "HTTP/1.1 200 OK"
2026-09-24 09:38:52,699 [httpx] INFO: HTTP Request: GET https://localhost/ocsapi/v1/computer/14/software "HTTP/1.1 200 OK"
2026-09-24 09:38:52,720 [httpx] INFO: HTTP Request: GET https://localhost/ocsapi/v1/computer/15/software "HTTP/1.1 200 OK"
2026-09-24 09:38:52,784 [httpx] INFO: HTTP Request: GET https://localhost/ocsapi/v1/computer/4/software "HTTP/1.1 200 OK"
2026-09-24 09:38:52,830 [httpx] INFO: HTTP Request: GET https://localhost/ocsapi/v1/computer/16/software "HTTP/1.1 200 OK"
2026-09-24 09:38:52,876 [httpx] INFO: HTTP Request: GET https://localhost/ocsapi/v1/computer/26/software "HTTP/1.1 200 OK"
2026-09-24 09:38:52,897 [httpx] INFO: HTTP Request: GET https://localhost/ocsapi/v1/computer/10/software "HTTP/1.1 200 OK"
2026-09-24 09:38:52,956 [httpx] INFO: HTTP Request: GET https://localhost/ocsapi/v1/computer/11/software "HTTP/1.1 200 OK"
2026-09-24 09:38:52,982 [httpx] INFO: HTTP Request: GET https://localhost/ocsapi/v1/computer/12/software "HTTP/1.1 200 OK"
2026-09-24 09:38:52,996 [httpx] INFO: HTTP Request: GET https://localhost/ocsapi/v1/computer/13/software "HTTP/1.1 200 OK"
2026-09-24 09:38:52,998 [vuln-engine.ocs_cache] INFO: OCS cache refreshed: 12 machines, 3809 unique packages
2026-09-24 09:38:52,998 [apscheduler.executors.default] INFO: Job "refresh_ocs (trigger: date[2026-09-24 09:38:52 CEST], next run at: 2026-09-24 09:38:52 CEST)" executed successfully
2026-09-24 09:47:39,840 [apscheduler.scheduler] INFO: Scheduler has been shut down
2026-09-24 09:47:40,624 [apscheduler.scheduler] INFO: Adding job tentatively -- it will be properly scheduled when the scheduler starts
2026-09-24 09:47:40,625 [apscheduler.scheduler] INFO: Adding job tentatively -- it will be properly scheduled when the scheduler starts
2026-09-24 09:47:40,625 [apscheduler.scheduler] INFO: Adding job tentatively -- it will be properly scheduled when the scheduler starts
2026-09-24 09:47:40,625 [apscheduler.scheduler] INFO: Adding job tentatively -- it will be properly scheduled when the scheduler starts
2026-09-24 09:47:40,626 [apscheduler.scheduler] INFO: Adding job tentatively -- it will be properly scheduled when the scheduler starts
2026-09-24 09:47:40,626 [apscheduler.scheduler] INFO: Adding job tentatively -- it will be properly scheduled when the scheduler starts
2026-09-24 09:47:40,626 [apscheduler.scheduler] INFO: Added job "refresh_ocs" to job store "default"
2026-09-24 09:47:40,627 [apscheduler.scheduler] INFO: Added job "NVD Delta Collector" to job store "default"
2026-09-24 09:47:40,627 [apscheduler.scheduler] INFO: Added job "CISA KEV Collector" to job store "default"
2026-09-24 09:47:40,627 [apscheduler.scheduler] INFO: Added job "InterSystems Collector" to job store "default"
2026-09-24 09:47:40,628 [apscheduler.scheduler] INFO: Added job "Vendor RSS Collector" to job store "default"
2026-09-24 09:47:40,628 [apscheduler.scheduler] INFO: Added job "OCS Cache Refresh" to job store "default"
2026-09-24 09:47:40,628 [apscheduler.scheduler] INFO: Scheduler started
2026-09-24 09:47:40,628 [vuln-engine.scheduler] INFO: Scheduler started with all collectors
2026-09-24 09:47:40,629 [apscheduler.scheduler] INFO: Removed job 91c28e5f11cd461c9cf98a67ddc44ab2
2026-09-24 09:47:40,629 [apscheduler.executors.default] INFO: Running job "refresh_ocs (trigger: date[2026-09-24 09:47:40 CEST], next run at: 2026-09-24 09:47:40 CEST)" (scheduled at 2026-09-24 09:47:40.624641+02:00)
2026-09-24 09:47:40,630 [vuln-engine.ocs_cache] INFO: Refreshing OCS inventory cache...
2026-09-24 09:47:40,678 [httpx] INFO: HTTP Request: GET https://localhost/ocsapi/v1/computers/listID "HTTP/1.1 200 OK"
2026-09-24 09:47:40,730 [httpx] INFO: HTTP Request: GET https://localhost/ocsapi/v1/computer/21/software "HTTP/1.1 200 OK"
2026-09-24 09:47:40,778 [httpx] INFO: HTTP Request: GET https://localhost/ocsapi/v1/computer/32/software "HTTP/1.1 200 OK"
2026-09-24 09:47:40,820 [httpx] INFO: HTTP Request: GET https://localhost/ocsapi/v1/computer/33/software "HTTP/1.1 200 OK"
2026-09-24 09:47:40,840 [httpx] INFO: HTTP Request: GET https://localhost/ocsapi/v1/computer/14/software "HTTP/1.1 200 OK"
2026-09-24 09:47:40,863 [httpx] INFO: HTTP Request: GET https://localhost/ocsapi/v1/computer/15/software "HTTP/1.1 200 OK"
2026-09-24 09:47:40,923 [httpx] INFO: HTTP Request: GET https://localhost/ocsapi/v1/computer/4/software "HTTP/1.1 200 OK"
2026-09-24 09:47:40,966 [httpx] INFO: HTTP Request: GET https://localhost/ocsapi/v1/computer/16/software "HTTP/1.1 200 OK"
2026-09-24 09:47:41,007 [httpx] INFO: HTTP Request: GET https://localhost/ocsapi/v1/computer/26/software "HTTP/1.1 200 OK"
2026-09-24 09:47:41,026 [httpx] INFO: HTTP Request: GET https://localhost/ocsapi/v1/computer/10/software "HTTP/1.1 200 OK"
2026-09-24 09:47:41,073 [httpx] INFO: HTTP Request: GET https://localhost/ocsapi/v1/computer/11/software "HTTP/1.1 200 OK"
2026-09-24 09:47:41,097 [httpx] INFO: HTTP Request: GET https://localhost/ocsapi/v1/computer/12/software "HTTP/1.1 200 OK"
2026-09-24 09:47:41,112 [httpx] INFO: HTTP Request: GET https://localhost/ocsapi/v1/computer/13/software "HTTP/1.1 200 OK"
2026-09-24 09:47:41,113 [vuln-engine.ocs_cache] INFO: OCS cache refreshed: 12 machines, 3809 unique packages
2026-09-24 09:47:41,115 [apscheduler.executors.default] INFO: Job "refresh_ocs (trigger: date[2026-09-24 09:47:40 CEST], next run at: 2026-09-24 09:47:40 CEST)" executed successfully
2026-09-24 10:17:15,432 [apscheduler.scheduler] INFO: Scheduler has been shut down
2026-09-24 10:17:16,300 [apscheduler.scheduler] INFO: Adding job tentatively -- it will be properly scheduled when the scheduler starts
2026-09-24 10:17:16,300 [apscheduler.scheduler] INFO: Adding job tentatively -- it will be properly scheduled when the scheduler starts
2026-09-24 10:17:16,300 [apscheduler.scheduler] INFO: Adding job tentatively -- it will be properly scheduled when the scheduler starts
2026-09-24 10:17:16,301 [apscheduler.scheduler] INFO: Adding job tentatively -- it will be properly scheduled when the scheduler starts
2026-09-24 10:17:16,301 [apscheduler.scheduler] INFO: Adding job tentatively -- it will be properly scheduled when the scheduler starts
2026-09-24 10:17:16,301 [apscheduler.scheduler] INFO: Adding job tentatively -- it will be properly scheduled when the scheduler starts
2026-09-24 10:17:16,302 [apscheduler.scheduler] INFO: Added job "refresh_ocs" to job store "default"
2026-09-24 10:17:16,302 [apscheduler.scheduler] INFO: Added job "NVD Delta Collector" to job store "default"
2026-09-24 10:17:16,302 [apscheduler.scheduler] INFO: Added job "CISA KEV Collector" to job store "default"
2026-09-24 10:17:16,303 [apscheduler.scheduler] INFO: Added job "InterSystems Collector" to job store "default"
2026-09-24 10:17:16,303 [apscheduler.scheduler] INFO: Added job "Vendor RSS Collector" to job store "default"
2026-09-24 10:17:16,303 [apscheduler.scheduler] INFO: Added job "OCS Cache Refresh" to job store "default"
2026-09-24 10:17:16,303 [apscheduler.scheduler] INFO: Scheduler started
2026-09-24 10:17:16,303 [vuln-engine.scheduler] INFO: Scheduler started with all collectors
2026-09-24 10:17:16,304 [apscheduler.scheduler] INFO: Removed job dff73e7ede154f43a0ff61035cdf409e
2026-09-24 10:17:16,304 [apscheduler.executors.default] INFO: Running job "refresh_ocs (trigger: date[2026-09-24 10:17:16 CEST], next run at: 2026-09-24 10:17:16 CEST)" (scheduled at 2026-09-24 10:17:16.299908+02:00)
2026-09-24 10:17:16,305 [vuln-engine.ocs_cache] INFO: Refreshing OCS inventory cache...
2026-09-24 10:17:16,360 [httpx] INFO: HTTP Request: GET https://localhost/ocsapi/v1/computers/listID "HTTP/1.1 200 OK"
2026-09-24 10:17:16,421 [httpx] INFO: HTTP Request: GET https://localhost/ocsapi/v1/computer/21/software "HTTP/1.1 200 OK"
2026-09-24 10:17:16,471 [httpx] INFO: HTTP Request: GET https://localhost/ocsapi/v1/computer/32/software "HTTP/1.1 200 OK"
2026-09-24 10:17:16,515 [httpx] INFO: HTTP Request: GET https://localhost/ocsapi/v1/computer/33/software "HTTP/1.1 200 OK"
2026-09-24 10:17:16,538 [httpx] INFO: HTTP Request: GET https://localhost/ocsapi/v1/computer/14/software "HTTP/1.1 200 OK"
2026-09-24 10:17:16,558 [httpx] INFO: HTTP Request: GET https://localhost/ocsapi/v1/computer/15/software "HTTP/1.1 200 OK"
2026-09-24 10:17:16,625 [httpx] INFO: HTTP Request: GET https://localhost/ocsapi/v1/computer/4/software "HTTP/1.1 200 OK"
2026-09-24 10:17:16,672 [httpx] INFO: HTTP Request: GET https://localhost/ocsapi/v1/computer/16/software "HTTP/1.1 200 OK"
2026-09-24 10:17:16,726 [httpx] INFO: HTTP Request: GET https://localhost/ocsapi/v1/computer/26/software "HTTP/1.1 200 OK"
2026-09-24 10:17:16,749 [httpx] INFO: HTTP Request: GET https://localhost/ocsapi/v1/computer/10/software "HTTP/1.1 200 OK"
2026-09-24 10:17:16,813 [httpx] INFO: HTTP Request: GET https://localhost/ocsapi/v1/computer/11/software "HTTP/1.1 200 OK"
2026-09-24 10:17:16,837 [httpx] INFO: HTTP Request: GET https://localhost/ocsapi/v1/computer/12/software "HTTP/1.1 200 OK"
2026-09-24 10:17:16,850 [httpx] INFO: HTTP Request: GET https://localhost/ocsapi/v1/computer/13/software "HTTP/1.1 200 OK"
2026-09-24 10:17:16,851 [vuln-engine.ocs_cache] INFO: OCS cache refreshed: 12 machines, 3809 unique packages
2026-09-24 10:17:16,852 [apscheduler.executors.default] INFO: Job "refresh_ocs (trigger: date[2026-09-24 10:17:16 CEST], next run at: 2026-09-24 10:17:16 CEST)" executed successfully
2026-09-24 10:47:16,302 [apscheduler.executors.default] INFO: Running job "NVD Delta Collector (trigger: interval[0:30:00], next run at: 2026-09-24 11:17:16 CEST)" (scheduled at 2026-09-24 10:47:16.300433+02:00)
2026-09-24 10:47:16,302 [vuln-engine.scheduler] INFO: ⏰ Running NVD delta collector...
2026-09-24 10:47:17,233 [httpx] INFO: HTTP Request: GET https://services.nvd.nist.gov/rest/json/cves/2.0?lastModStartDate=2026-09-24T07%3A17%3A16.000&lastModEndDate=2026-09-24T08%3A47%3A16.000&cvssV3Severity=CRITICAL "HTTP/1.1 200 OK"
2026-09-24 10:47:17,234 [vuln-engine.nvd_delta] INFO: NVD delta: 0 critical CVE(s) since 2026-09-24T07:17:16.209921+00:00
2026-09-24 10:47:17,235 [apscheduler.executors.default] INFO: Job "NVD Delta Collector (trigger: interval[0:30:00], next run at: 2026-09-24 11:17:16 CEST)" executed successfully
2026-09-24 11:17:16,302 [apscheduler.executors.default] INFO: Running job "NVD Delta Collector (trigger: interval[0:30:00], next run at: 2026-09-24 11:47:16 CEST)" (scheduled at 2026-09-24 11:17:16.300433+02:00)
2026-09-24 11:17:16,303 [vuln-engine.scheduler] INFO: ⏰ Running NVD delta collector...
2026-09-24 11:17:16,318 [apscheduler.executors.default] INFO: Running job "CISA KEV Collector (trigger: interval[1:00:00], next run at: 2026-09-24 12:17:16 CEST)" (scheduled at 2026-09-24 11:17:16.300724+02:00)
2026-09-24 11:17:16,318 [vuln-engine.scheduler] INFO: ⏰ Running CISA KEV collector...
2026-09-24 11:17:16,330 [apscheduler.executors.default] INFO: Running job "InterSystems Collector (trigger: interval[1:00:00], next run at: 2026-09-24 12:17:16 CEST)" (scheduled at 2026-09-24 11:17:16.300994+02:00)
2026-09-24 11:17:16,330 [vuln-engine.scheduler] INFO: ⏰ Running InterSystems collector...
2026-09-24 11:17:16,344 [apscheduler.executors.default] INFO: Running job "Vendor RSS Collector (trigger: interval[1:00:00], next run at: 2026-09-24 12:17:16 CEST)" (scheduled at 2026-09-24 11:17:16.301289+02:00)
2026-09-24 11:17:16,344 [vuln-engine.scheduler] INFO: ⏰ Running Vendor RSS collector...
2026-09-24 11:17:16,440 [httpx] INFO: HTTP Request: GET https://www.cisa.gov/sites/default/files/feeds/known_exploited_vulnerabilities.json "HTTP/1.1 200 OK"
2026-09-24 11:17:16,477 [vuln-engine.cisa_kev] INFO: CISA KEV: initial load, 1721 CVEs catalogued
2026-09-24 11:17:16,479 [apscheduler.executors.default] INFO: Job "CISA KEV Collector (trigger: interval[1:00:00], next run at: 2026-09-24 12:17:16 CEST)" executed successfully
2026-09-24 11:17:16,949 [httpx] INFO: HTTP Request: GET https://api.msrc.microsoft.com/update-guide/rss "HTTP/1.1 200 OK"
2026-09-24 11:17:17,456 [httpx] INFO: HTTP Request: GET https://services.nvd.nist.gov/rest/json/cves/2.0?lastModStartDate=2026-09-24T08%3A47%3A16.000&lastModEndDate=2026-09-24T09%3A17%3A16.000&cvssV3Severity=CRITICAL "HTTP/1.1 200 OK"
2026-09-24 11:17:17,457 [vuln-engine.nvd_delta] INFO: NVD delta: 0 critical CVE(s) since 2026-09-24T08:47:16.302978+00:00
2026-09-24 11:17:17,457 [apscheduler.executors.default] INFO: Job "NVD Delta Collector (trigger: interval[0:30:00], next run at: 2026-09-24 11:47:16 CEST)" executed successfully
2026-09-24 11:17:20,598 [vuln-engine.vendor_rss] INFO: Vendor RSS [microsoft_msrc]: parsed 5097 entries
2026-09-24 11:17:20,612 [httpx] INFO: HTTP Request: GET https://www.intersystems.com/support/product-alerts-advisories/ "HTTP/1.1 200 OK"
2026-09-24 11:17:20,623 [vuln-engine.intersystems] INFO: InterSystems: found 10 advisories on page
2026-09-24 11:17:20,623 [vuln-engine.intersystems] INFO: InterSystems: initial load, 10 advisories catalogued
2026-09-24 11:17:20,624 [apscheduler.executors.default] INFO: Job "InterSystems Collector (trigger: interval[1:00:00], next run at: 2026-09-24 12:17:16 CEST)" executed successfully
2026-09-24 11:17:20,791 [httpx] INFO: HTTP Request: GET https://www.debian.org/security/dsa "HTTP/1.1 200 OK"
2026-09-24 11:17:20,816 [vuln-engine.vendor_rss] INFO: Vendor RSS [debian_dsa]: parsed 30 entries
2026-09-24 11:17:22,131 [httpx] INFO: HTTP Request: GET https://sec.cloudapps.cisco.com/security/center/psirtrss20/CiscoSecurityAdvisory.xml "HTTP/1.1 200 OK"
2026-09-24 11:17:22,505 [vuln-engine.vendor_rss] INFO: Vendor RSS [cisco]: parsed 50 entries
2026-09-24 11:17:22,505 [vuln-engine.vendor_rss] WARNING: Vendor RSS: 37 new HIGH+/zero-day advisory(ies)
2026-09-24 11:17:22,506 [vuln-engine.matching] INFO: Matching: 0/37 alerts matched
2026-09-24 11:17:22,506 [apscheduler.executors.default] INFO: Job "Vendor RSS Collector (trigger: interval[1:00:00], next run at: 2026-09-24 12:17:16 CEST)" executed successfully
2026-09-24 11:47:16,302 [apscheduler.executors.default] INFO: Running job "NVD Delta Collector (trigger: interval[0:30:00], next run at: 2026-09-24 12:17:16 CEST)" (scheduled at 2026-09-24 11:47:16.300433+02:00)
2026-09-24 11:47:16,303 [vuln-engine.scheduler] INFO: ⏰ Running NVD delta collector...
2026-09-24 11:47:17,106 [httpx] INFO: HTTP Request: GET https://services.nvd.nist.gov/rest/json/cves/2.0?lastModStartDate=2026-09-24T09%3A17%3A16.000&lastModEndDate=2026-09-24T09%3A47%3A16.000&cvssV3Severity=CRITICAL "HTTP/1.1 200 OK"
2026-09-24 11:47:17,108 [vuln-engine.nvd_delta] INFO: NVD delta: 0 critical CVE(s) since 2026-09-24T09:17:16.303616+00:00
2026-09-24 11:47:17,108 [apscheduler.executors.default] INFO: Job "NVD Delta Collector (trigger: interval[0:30:00], next run at: 2026-09-24 12:17:16 CEST)" executed successfully
2026-09-24 12:17:16,334 [apscheduler.executors.default] INFO: Running job "NVD Delta Collector (trigger: interval[0:30:00], next run at: 2026-09-24 12:47:16 CEST)" (scheduled at 2026-09-24 12:17:16.300433+02:00)
2026-09-24 12:17:16,351 [vuln-engine.scheduler] INFO: ⏰ Running NVD delta collector...
2026-09-24 12:17:16,472 [apscheduler.executors.default] INFO: Running job "CISA KEV Collector (trigger: interval[1:00:00], next run at: 2026-09-24 13:17:16 CEST)" (scheduled at 2026-09-24 12:17:16.300724+02:00)
2026-09-24 12:17:16,476 [vuln-engine.scheduler] INFO: ⏰ Running CISA KEV collector...
2026-09-24 12:17:16,520 [apscheduler.executors.default] INFO: Running job "InterSystems Collector (trigger: interval[1:00:00], next run at: 2026-09-24 13:17:16 CEST)" (scheduled at 2026-09-24 12:17:16.300994+02:00)
2026-09-24 12:17:16,525 [vuln-engine.scheduler] INFO: ⏰ Running InterSystems collector...
2026-09-24 12:17:16,570 [apscheduler.executors.default] INFO: Running job "Vendor RSS Collector (trigger: interval[1:00:00], next run at: 2026-09-24 13:17:16 CEST)" (scheduled at 2026-09-24 12:17:16.301289+02:00)
2026-09-24 12:17:16,571 [vuln-engine.scheduler] INFO: ⏰ Running Vendor RSS collector...
2026-09-24 12:17:16,613 [apscheduler.executors.default] INFO: Running job "OCS Cache Refresh (trigger: interval[2:00:00], next run at: 2026-09-24 14:17:16 CEST)" (scheduled at 2026-09-24 12:17:16.301526+02:00)
2026-09-24 12:17:16,614 [vuln-engine.ocs_cache] INFO: Refreshing OCS inventory cache...
2026-09-24 12:17:16,770 [httpx] INFO: HTTP Request: GET https://www.cisa.gov/sites/default/files/feeds/known_exploited_vulnerabilities.json "HTTP/1.1 200 OK"
2026-09-24 12:17:17,219 [apscheduler.executors.default] INFO: Job "CISA KEV Collector (trigger: interval[1:00:00], next run at: 2026-09-24 13:17:16 CEST)" executed successfully
2026-09-24 12:17:17,270 [httpx] INFO: HTTP Request: GET https://localhost/ocsapi/v1/computers/listID "HTTP/1.1 200 OK"
2026-09-24 12:17:17,306 [httpx] INFO: HTTP Request: GET https://api.msrc.microsoft.com/update-guide/rss "HTTP/1.1 200 OK"
2026-09-24 12:17:18,366 [httpx] INFO: HTTP Request: GET https://localhost/ocsapi/v1/computer/21/software "HTTP/1.1 200 OK"
2026-09-24 12:17:18,563 [httpx] INFO: HTTP Request: GET https://services.nvd.nist.gov/rest/json/cves/2.0?lastModStartDate=2026-09-24T09%3A47%3A16.000&lastModEndDate=2026-09-24T10%3A17%3A16.000&cvssV3Severity=CRITICAL "HTTP/1.1 200 OK"
2026-09-24 12:17:18,565 [vuln-engine.nvd_delta] INFO: NVD delta: 0 critical CVE(s) since 2026-09-24T09:47:16.303424+00:00
2026-09-24 12:17:18,565 [apscheduler.executors.default] INFO: Job "NVD Delta Collector (trigger: interval[0:30:00], next run at: 2026-09-24 12:47:16 CEST)" executed successfully
2026-09-24 12:17:22,147 [vuln-engine.vendor_rss] INFO: Vendor RSS [microsoft_msrc]: parsed 5097 entries
2026-09-24 12:17:22,164 [httpx] INFO: HTTP Request: GET https://www.intersystems.com/support/product-alerts-advisories/ "HTTP/1.1 200 OK"
2026-09-24 12:17:22,166 [httpx] INFO: HTTP Request: GET https://localhost/ocsapi/v1/computer/32/software "HTTP/1.1 200 OK"
2026-09-24 12:17:22,222 [vuln-engine.intersystems] INFO: InterSystems: found 10 advisories on page
2026-09-24 12:17:22,222 [apscheduler.executors.default] INFO: Job "InterSystems Collector (trigger: interval[1:00:00], next run at: 2026-09-24 13:17:16 CEST)" executed successfully
2026-09-24 12:17:22,267 [httpx] INFO: HTTP Request: GET https://www.debian.org/security/dsa "HTTP/1.1 200 OK"
2026-09-24 12:17:22,298 [vuln-engine.vendor_rss] INFO: Vendor RSS [debian_dsa]: parsed 30 entries
2026-09-24 12:17:23,031 [httpx] INFO: HTTP Request: GET https://localhost/ocsapi/v1/computer/33/software "HTTP/1.1 200 OK"
2026-09-24 12:17:23,658 [httpx] INFO: HTTP Request: GET https://localhost/ocsapi/v1/computer/14/software "HTTP/1.1 200 OK"
2026-09-24 12:17:23,698 [httpx] INFO: HTTP Request: GET https://sec.cloudapps.cisco.com/security/center/psirtrss20/CiscoSecurityAdvisory.xml "HTTP/1.1 200 OK"
2026-09-24 12:17:24,103 [vuln-engine.vendor_rss] INFO: Vendor RSS [cisco]: parsed 50 entries
2026-09-24 12:17:24,104 [apscheduler.executors.default] INFO: Job "Vendor RSS Collector (trigger: interval[1:00:00], next run at: 2026-09-24 13:17:16 CEST)" executed successfully
2026-09-24 12:17:24,252 [httpx] INFO: HTTP Request: GET https://localhost/ocsapi/v1/computer/15/software "HTTP/1.1 200 OK"
2026-09-24 12:17:25,222 [httpx] INFO: HTTP Request: GET https://localhost/ocsapi/v1/computer/4/software "HTTP/1.1 200 OK"
2026-09-24 12:17:25,661 [httpx] INFO: HTTP Request: GET https://localhost/ocsapi/v1/computer/16/software "HTTP/1.1 200 OK"
2026-09-24 12:17:25,730 [httpx] INFO: HTTP Request: GET https://localhost/ocsapi/v1/computer/26/software "HTTP/1.1 200 OK"
2026-09-24 12:17:25,765 [httpx] INFO: HTTP Request: GET https://localhost/ocsapi/v1/computer/10/software "HTTP/1.1 200 OK"
2026-09-24 12:17:26,071 [httpx] INFO: HTTP Request: GET https://localhost/ocsapi/v1/computer/11/software "HTTP/1.1 200 OK"
2026-09-24 12:17:26,161 [httpx] INFO: HTTP Request: GET https://localhost/ocsapi/v1/computer/12/software "HTTP/1.1 200 OK"
2026-09-24 12:17:26,219 [httpx] INFO: HTTP Request: GET https://localhost/ocsapi/v1/computer/13/software "HTTP/1.1 200 OK"
2026-09-24 12:17:26,262 [vuln-engine.ocs_cache] INFO: OCS cache refreshed: 12 machines, 3809 unique packages
2026-09-24 12:17:26,265 [apscheduler.executors.default] INFO: Job "OCS Cache Refresh (trigger: interval[2:00:00], next run at: 2026-09-24 14:17:16 CEST)" executed successfully
2026-09-24 12:47:16,328 [apscheduler.executors.default] INFO: Running job "NVD Delta Collector (trigger: interval[0:30:00], next run at: 2026-09-24 13:17:16 CEST)" (scheduled at 2026-09-24 12:47:16.300433+02:00)
2026-09-24 12:47:16,344 [vuln-engine.scheduler] INFO: ⏰ Running NVD delta collector...
2026-09-24 12:47:17,647 [httpx] INFO: HTTP Request: GET https://services.nvd.nist.gov/rest/json/cves/2.0?lastModStartDate=2026-09-24T10%3A17%3A16.000&lastModEndDate=2026-09-24T10%3A47%3A16.000&cvssV3Severity=CRITICAL "HTTP/1.1 200 OK"
2026-09-24 12:47:17,657 [vuln-engine.nvd_delta] INFO: NVD delta: 1 critical CVE(s) since 2026-09-24T10:17:16.351670+00:00
2026-09-24 12:47:17,670 [vuln-engine.matching] INFO: Matching: 0/1 alerts matched
2026-09-24 12:47:17,671 [apscheduler.executors.default] INFO: Job "NVD Delta Collector (trigger: interval[0:30:00], next run at: 2026-09-24 13:17:16 CEST)" executed successfully
2026-09-24 13:17:16,309 [apscheduler.executors.default] INFO: Running job "NVD Delta Collector (trigger: interval[0:30:00], next run at: 2026-09-24 13:47:16 CEST)" (scheduled at 2026-09-24 13:17:16.300433+02:00)
2026-09-24 13:17:16,311 [vuln-engine.scheduler] INFO: ⏰ Running NVD delta collector...
2026-09-24 13:17:16,356 [apscheduler.executors.default] INFO: Running job "CISA KEV Collector (trigger: interval[1:00:00], next run at: 2026-09-24 14:17:16 CEST)" (scheduled at 2026-09-24 13:17:16.300724+02:00)
2026-09-24 13:17:16,358 [vuln-engine.scheduler] INFO: ⏰ Running CISA KEV collector...
2026-09-24 13:17:16,402 [apscheduler.executors.default] INFO: Running job "InterSystems Collector (trigger: interval[1:00:00], next run at: 2026-09-24 14:17:16 CEST)" (scheduled at 2026-09-24 13:17:16.300994+02:00)
2026-09-24 13:17:16,403 [vuln-engine.scheduler] INFO: ⏰ Running InterSystems collector...
2026-09-24 13:17:16,447 [apscheduler.executors.default] INFO: Running job "Vendor RSS Collector (trigger: interval[1:00:00], next run at: 2026-09-24 14:17:16 CEST)" (scheduled at 2026-09-24 13:17:16.301289+02:00)
2026-09-24 13:17:16,448 [vuln-engine.scheduler] INFO: ⏰ Running Vendor RSS collector...
2026-09-24 13:17:16,606 [httpx] INFO: HTTP Request: GET https://www.cisa.gov/sites/default/files/feeds/known_exploited_vulnerabilities.json "HTTP/1.1 200 OK"
2026-09-24 13:17:16,950 [apscheduler.executors.default] INFO: Job "CISA KEV Collector (trigger: interval[1:00:00], next run at: 2026-09-24 14:17:16 CEST)" executed successfully
2026-09-24 13:17:17,110 [httpx] INFO: HTTP Request: GET https://api.msrc.microsoft.com/update-guide/rss "HTTP/1.1 200 OK"
2026-09-24 13:17:17,799 [httpx] INFO: HTTP Request: GET https://services.nvd.nist.gov/rest/json/cves/2.0?lastModStartDate=2026-09-24T10%3A47%3A16.000&lastModEndDate=2026-09-24T11%3A17%3A16.000&cvssV3Severity=CRITICAL "HTTP/1.1 200 OK"
2026-09-24 13:17:17,801 [vuln-engine.nvd_delta] INFO: NVD delta: 0 critical CVE(s) since 2026-09-24T10:47:16.344431+00:00
2026-09-24 13:17:17,801 [apscheduler.executors.default] INFO: Job "NVD Delta Collector (trigger: interval[0:30:00], next run at: 2026-09-24 13:47:16 CEST)" executed successfully
2026-09-24 13:17:22,205 [vuln-engine.vendor_rss] INFO: Vendor RSS [microsoft_msrc]: parsed 5097 entries
2026-09-24 13:17:22,225 [httpx] INFO: HTTP Request: GET https://www.intersystems.com/support/product-alerts-advisories/ "HTTP/1.1 200 OK"
2026-09-24 13:17:22,348 [vuln-engine.intersystems] INFO: InterSystems: found 10 advisories on page
2026-09-24 13:17:22,349 [apscheduler.executors.default] INFO: Job "InterSystems Collector (trigger: interval[1:00:00], next run at: 2026-09-24 14:17:16 CEST)" executed successfully
2026-09-24 13:17:22,542 [httpx] INFO: HTTP Request: GET https://www.debian.org/security/dsa "HTTP/1.1 200 OK"
2026-09-24 13:17:22,585 [vuln-engine.vendor_rss] INFO: Vendor RSS [debian_dsa]: parsed 30 entries
2026-09-24 13:17:23,799 [httpx] INFO: HTTP Request: GET https://sec.cloudapps.cisco.com/security/center/psirtrss20/CiscoSecurityAdvisory.xml "HTTP/1.1 200 OK"
2026-09-24 13:17:24,187 [vuln-engine.vendor_rss] INFO: Vendor RSS [cisco]: parsed 50 entries
2026-09-24 13:17:24,188 [apscheduler.executors.default] INFO: Job "Vendor RSS Collector (trigger: interval[1:00:00], next run at: 2026-09-24 14:17:16 CEST)" executed successfully
2026-09-24 13:47:16,305 [apscheduler.executors.default] INFO: Running job "NVD Delta Collector (trigger: interval[0:30:00], next run at: 2026-09-24 14:17:16 CEST)" (scheduled at 2026-09-24 13:47:16.300433+02:00)
2026-09-24 13:47:16,308 [vuln-engine.scheduler] INFO: ⏰ Running NVD delta collector...
2026-09-24 13:47:17,368 [httpx] INFO: HTTP Request: GET https://services.nvd.nist.gov/rest/json/cves/2.0?lastModStartDate=2026-09-24T11%3A17%3A16.000&lastModEndDate=2026-09-24T11%3A47%3A16.000&cvssV3Severity=CRITICAL "HTTP/1.1 200 OK"
2026-09-24 13:47:17,371 [vuln-engine.nvd_delta] INFO: NVD delta: 0 critical CVE(s) since 2026-09-24T11:17:16.312052+00:00
2026-09-24 13:47:17,372 [apscheduler.executors.default] INFO: Job "NVD Delta Collector (trigger: interval[0:30:00], next run at: 2026-09-24 14:17:16 CEST)" executed successfully
2026-09-24 14:17:16,306 [apscheduler.executors.default] INFO: Running job "NVD Delta Collector (trigger: interval[0:30:00], next run at: 2026-09-24 14:47:16 CEST)" (scheduled at 2026-09-24 14:17:16.300433+02:00)
2026-09-24 14:17:16,308 [vuln-engine.scheduler] INFO: ⏰ Running NVD delta collector...
2026-09-24 14:17:16,373 [apscheduler.executors.default] INFO: Running job "CISA KEV Collector (trigger: interval[1:00:00], next run at: 2026-09-24 15:17:16 CEST)" (scheduled at 2026-09-24 14:17:16.300724+02:00)
2026-09-24 14:17:16,374 [vuln-engine.scheduler] INFO: ⏰ Running CISA KEV collector...
2026-09-24 14:17:16,422 [apscheduler.executors.default] INFO: Running job "InterSystems Collector (trigger: interval[1:00:00], next run at: 2026-09-24 15:17:16 CEST)" (scheduled at 2026-09-24 14:17:16.300994+02:00)
2026-09-24 14:17:16,424 [vuln-engine.scheduler] INFO: ⏰ Running InterSystems collector...
2026-09-24 14:17:16,476 [apscheduler.executors.default] INFO: Running job "Vendor RSS Collector (trigger: interval[1:00:00], next run at: 2026-09-24 15:17:16 CEST)" (scheduled at 2026-09-24 14:17:16.301289+02:00)
2026-09-24 14:17:16,477 [vuln-engine.scheduler] INFO: ⏰ Running Vendor RSS collector...
2026-09-24 14:17:16,532 [apscheduler.executors.default] INFO: Running job "OCS Cache Refresh (trigger: interval[2:00:00], next run at: 2026-09-24 16:17:16 CEST)" (scheduled at 2026-09-24 14:17:16.301526+02:00)
2026-09-24 14:17:16,533 [vuln-engine.ocs_cache] INFO: Refreshing OCS inventory cache...
2026-09-24 14:17:16,657 [httpx] INFO: HTTP Request: GET https://www.cisa.gov/sites/default/files/feeds/known_exploited_vulnerabilities.json "HTTP/1.1 200 OK"
2026-09-24 14:17:17,032 [apscheduler.executors.default] INFO: Job "CISA KEV Collector (trigger: interval[1:00:00], next run at: 2026-09-24 15:17:16 CEST)" executed successfully
2026-09-24 14:17:17,166 [httpx] INFO: HTTP Request: GET https://api.msrc.microsoft.com/update-guide/rss "HTTP/1.1 200 OK"
2026-09-24 14:17:17,213 [httpx] INFO: HTTP Request: GET https://localhost/ocsapi/v1/computers/listID "HTTP/1.1 200 OK"
2026-09-24 14:17:17,926 [httpx] INFO: HTTP Request: GET https://services.nvd.nist.gov/rest/json/cves/2.0?lastModStartDate=2026-09-24T11%3A47%3A16.000&lastModEndDate=2026-09-24T12%3A17%3A16.000&cvssV3Severity=CRITICAL "HTTP/1.1 200 OK"
2026-09-24 14:17:17,929 [vuln-engine.nvd_delta] INFO: NVD delta: 0 critical CVE(s) since 2026-09-24T11:47:16.308838+00:00
2026-09-24 14:17:17,930 [apscheduler.executors.default] INFO: Job "NVD Delta Collector (trigger: interval[0:30:00], next run at: 2026-09-24 14:47:16 CEST)" executed successfully
2026-09-24 14:17:18,084 [httpx] INFO: HTTP Request: GET https://localhost/ocsapi/v1/computer/21/software "HTTP/1.1 200 OK"
2026-09-24 14:17:22,078 [vuln-engine.vendor_rss] INFO: Vendor RSS [microsoft_msrc]: parsed 5097 entries
2026-09-24 14:17:22,096 [httpx] INFO: HTTP Request: GET https://www.intersystems.com/support/product-alerts-advisories/ "HTTP/1.1 200 OK"
2026-09-24 14:17:22,098 [httpx] INFO: HTTP Request: GET https://localhost/ocsapi/v1/computer/32/software "HTTP/1.1 200 OK"
2026-09-24 14:17:22,165 [vuln-engine.intersystems] INFO: InterSystems: found 10 advisories on page
2026-09-24 14:17:22,165 [apscheduler.executors.default] INFO: Job "InterSystems Collector (trigger: interval[1:00:00], next run at: 2026-09-24 15:17:16 CEST)" executed successfully
2026-09-24 14:17:22,315 [httpx] INFO: HTTP Request: GET https://www.debian.org/security/dsa "HTTP/1.1 200 OK"
2026-09-24 14:17:22,365 [vuln-engine.vendor_rss] INFO: Vendor RSS [debian_dsa]: parsed 30 entries
2026-09-24 14:17:22,865 [httpx] INFO: HTTP Request: GET https://localhost/ocsapi/v1/computer/33/software "HTTP/1.1 200 OK"
2026-09-24 14:17:23,436 [httpx] INFO: HTTP Request: GET https://localhost/ocsapi/v1/computer/14/software "HTTP/1.1 200 OK"
2026-09-24 14:17:23,774 [httpx] INFO: HTTP Request: GET https://sec.cloudapps.cisco.com/security/center/psirtrss20/CiscoSecurityAdvisory.xml "HTTP/1.1 200 OK"
2026-09-24 14:17:23,993 [httpx] INFO: HTTP Request: GET https://localhost/ocsapi/v1/computer/15/software "HTTP/1.1 200 OK"
2026-09-24 14:17:24,124 [vuln-engine.vendor_rss] INFO: Vendor RSS [cisco]: parsed 50 entries
2026-09-24 14:17:24,125 [apscheduler.executors.default] INFO: Job "Vendor RSS Collector (trigger: interval[1:00:00], next run at: 2026-09-24 15:17:16 CEST)" executed successfully
2026-09-24 14:17:24,817 [httpx] INFO: HTTP Request: GET https://localhost/ocsapi/v1/computer/4/software "HTTP/1.1 200 OK"
2026-09-24 14:17:25,195 [httpx] INFO: HTTP Request: GET https://localhost/ocsapi/v1/computer/16/software "HTTP/1.1 200 OK"
2026-09-24 14:17:25,272 [httpx] INFO: HTTP Request: GET https://localhost/ocsapi/v1/computer/26/software "HTTP/1.1 200 OK"
2026-09-24 14:17:25,302 [httpx] INFO: HTTP Request: GET https://localhost/ocsapi/v1/computer/10/software "HTTP/1.1 200 OK"
2026-09-24 14:17:25,568 [httpx] INFO: HTTP Request: GET https://localhost/ocsapi/v1/computer/11/software "HTTP/1.1 200 OK"
2026-09-24 14:17:25,632 [httpx] INFO: HTTP Request: GET https://localhost/ocsapi/v1/computer/12/software "HTTP/1.1 200 OK"
2026-09-24 14:17:25,697 [httpx] INFO: HTTP Request: GET https://localhost/ocsapi/v1/computer/13/software "HTTP/1.1 200 OK"
2026-09-24 14:17:25,726 [vuln-engine.ocs_cache] INFO: OCS cache refreshed: 12 machines, 3809 unique packages
2026-09-24 14:17:25,729 [apscheduler.executors.default] INFO: Job "OCS Cache Refresh (trigger: interval[2:00:00], next run at: 2026-09-24 16:17:16 CEST)" executed successfully
2026-09-24 14:38:24,066 [apscheduler.scheduler] INFO: Scheduler has been shut down
2026-09-24 14:38:25,109 [apscheduler.scheduler] INFO: Adding job tentatively -- it will be properly scheduled when the scheduler starts
2026-09-24 14:38:25,109 [apscheduler.scheduler] INFO: Adding job tentatively -- it will be properly scheduled when the scheduler starts
2026-09-24 14:38:25,109 [apscheduler.scheduler] INFO: Adding job tentatively -- it will be properly scheduled when the scheduler starts
2026-09-24 14:38:25,109 [apscheduler.scheduler] INFO: Adding job tentatively -- it will be properly scheduled when the scheduler starts
2026-09-24 14:38:25,110 [apscheduler.scheduler] INFO: Adding job tentatively -- it will be properly scheduled when the scheduler starts
2026-09-24 14:38:25,110 [apscheduler.scheduler] INFO: Adding job tentatively -- it will be properly scheduled when the scheduler starts
2026-09-24 14:38:25,111 [apscheduler.scheduler] INFO: Added job "refresh_ocs" to job store "default"
2026-09-24 14:38:25,111 [apscheduler.scheduler] INFO: Added job "NVD Delta Collector" to job store "default"
2026-09-24 14:38:25,111 [apscheduler.scheduler] INFO: Added job "CISA KEV Collector" to job store "default"
2026-09-24 14:38:25,111 [apscheduler.scheduler] INFO: Added job "InterSystems Collector" to job store "default"
2026-09-24 14:38:25,112 [apscheduler.scheduler] INFO: Added job "Vendor RSS Collector" to job store "default"
2026-09-24 14:38:25,112 [apscheduler.scheduler] INFO: Added job "OCS Cache Refresh" to job store "default"
2026-09-24 14:38:25,112 [apscheduler.scheduler] INFO: Scheduler started
2026-09-24 14:38:25,112 [vuln-engine.scheduler] INFO: Scheduler started with all collectors
2026-09-24 14:38:25,113 [apscheduler.scheduler] INFO: Removed job cfb99df675d34319901bd4be7376411f
2026-09-24 14:38:25,113 [apscheduler.executors.default] INFO: Running job "refresh_ocs (trigger: date[2026-09-24 14:38:25 CEST], next run at: 2026-09-24 14:38:25 CEST)" (scheduled at 2026-09-24 14:38:25.109102+02:00)
2026-09-24 14:38:25,114 [vuln-engine.ocs_cache] INFO: Refreshing OCS inventory cache...
2026-09-24 14:38:25,190 [httpx] INFO: HTTP Request: GET https://localhost/ocsapi/v1/computers/listID "HTTP/1.1 200 OK"
2026-09-24 14:38:25,303 [httpx] INFO: HTTP Request: GET https://localhost/ocsapi/v1/computer/21/software "HTTP/1.1 200 OK"
2026-09-24 14:38:25,401 [httpx] INFO: HTTP Request: GET https://localhost/ocsapi/v1/computer/32/software "HTTP/1.1 200 OK"
2026-09-24 14:38:25,499 [httpx] INFO: HTTP Request: GET https://localhost/ocsapi/v1/computer/33/software "HTTP/1.1 200 OK"
2026-09-24 14:38:25,549 [httpx] INFO: HTTP Request: GET https://localhost/ocsapi/v1/computer/14/software "HTTP/1.1 200 OK"
2026-09-24 14:38:25,607 [httpx] INFO: HTTP Request: GET https://localhost/ocsapi/v1/computer/15/software "HTTP/1.1 200 OK"
2026-09-24 14:38:25,908 [httpx] INFO: HTTP Request: GET https://localhost/ocsapi/v1/computer/4/software "HTTP/1.1 200 OK"
2026-09-24 14:38:26,001 [httpx] INFO: HTTP Request: GET https://localhost/ocsapi/v1/computer/16/software "HTTP/1.1 200 OK"
2026-09-24 14:38:26,049 [httpx] INFO: HTTP Request: GET https://localhost/ocsapi/v1/computer/26/software "HTTP/1.1 200 OK"
2026-09-24 14:38:26,085 [httpx] INFO: HTTP Request: GET https://localhost/ocsapi/v1/computer/10/software "HTTP/1.1 200 OK"
2026-09-24 14:38:26,238 [httpx] INFO: HTTP Request: GET https://localhost/ocsapi/v1/computer/11/software "HTTP/1.1 200 OK"
2026-09-24 14:38:26,270 [httpx] INFO: HTTP Request: GET https://localhost/ocsapi/v1/computer/12/software "HTTP/1.1 200 OK"
2026-09-24 14:38:26,319 [httpx] INFO: HTTP Request: GET https://localhost/ocsapi/v1/computer/13/software "HTTP/1.1 200 OK"
2026-09-24 14:38:26,321 [vuln-engine.ocs_cache] INFO: OCS cache refreshed: 12 machines, 3809 unique packages
2026-09-24 14:38:26,322 [apscheduler.executors.default] INFO: Job "refresh_ocs (trigger: date[2026-09-24 14:38:25 CEST], next run at: 2026-09-24 14:38:25 CEST)" executed successfully
2026-09-24 15:08:25,163 [apscheduler.executors.default] INFO: Running job "NVD Delta Collector (trigger: interval[0:30:00], next run at: 2026-09-24 15:38:25 CEST)" (scheduled at 2026-09-24 15:08:25.109517+02:00)
2026-09-24 15:08:25,190 [vuln-engine.scheduler] INFO: ⏰ Running NVD delta collector...
2026-09-24 15:08:26,761 [httpx] INFO: HTTP Request: GET https://services.nvd.nist.gov/rest/json/cves/2.0?lastModStartDate=2026-09-24T11%3A38%3A25.000&lastModEndDate=2026-09-24T13%3A08%3A25.000&cvssV3Severity=CRITICAL "HTTP/1.1 200 OK"
2026-09-24 15:08:26,774 [vuln-engine.nvd_delta] INFO: NVD delta: 0 critical CVE(s) since 2026-09-24T11:38:25.001935+00:00
2026-09-24 15:08:26,783 [apscheduler.executors.default] INFO: Job "NVD Delta Collector (trigger: interval[0:30:00], next run at: 2026-09-24 15:38:25 CEST)" executed successfully
2026-09-24 15:38:25,115 [apscheduler.executors.default] INFO: Running job "NVD Delta Collector (trigger: interval[0:30:00], next run at: 2026-09-24 16:08:25 CEST)" (scheduled at 2026-09-24 15:38:25.109517+02:00)
2026-09-24 15:38:25,117 [vuln-engine.scheduler] INFO: ⏰ Running NVD delta collector...
2026-09-24 15:38:25,161 [apscheduler.executors.default] INFO: Running job "CISA KEV Collector (trigger: interval[1:00:00], next run at: 2026-09-24 16:38:25 CEST)" (scheduled at 2026-09-24 15:38:25.109683+02:00)
2026-09-24 15:38:25,165 [vuln-engine.scheduler] INFO: ⏰ Running CISA KEV collector...
2026-09-24 15:38:25,193 [apscheduler.executors.default] INFO: Running job "InterSystems Collector (trigger: interval[1:00:00], next run at: 2026-09-24 16:38:25 CEST)" (scheduled at 2026-09-24 15:38:25.109837+02:00)
2026-09-24 15:38:25,194 [vuln-engine.scheduler] INFO: ⏰ Running InterSystems collector...
2026-09-24 15:38:25,214 [apscheduler.executors.default] INFO: Running job "Vendor RSS Collector (trigger: interval[1:00:00], next run at: 2026-09-24 16:38:25 CEST)" (scheduled at 2026-09-24 15:38:25.109958+02:00)
2026-09-24 15:38:25,214 [vuln-engine.scheduler] INFO: ⏰ Running Vendor RSS collector...
2026-09-24 15:38:25,337 [httpx] INFO: HTTP Request: GET https://www.cisa.gov/sites/default/files/feeds/known_exploited_vulnerabilities.json "HTTP/1.1 200 OK"
2026-09-24 15:38:25,479 [vuln-engine.cisa_kev] INFO: CISA KEV: initial load, 1721 CVEs catalogued
2026-09-24 15:38:25,480 [apscheduler.executors.default] INFO: Job "CISA KEV Collector (trigger: interval[1:00:00], next run at: 2026-09-24 16:38:25 CEST)" executed successfully
2026-09-24 15:38:25,870 [httpx] INFO: HTTP Request: GET https://api.msrc.microsoft.com/update-guide/rss "HTTP/1.1 200 OK"
2026-09-24 15:38:26,410 [httpx] INFO: HTTP Request: GET https://services.nvd.nist.gov/rest/json/cves/2.0?lastModStartDate=2026-09-24T13%3A08%3A25.000&lastModEndDate=2026-09-24T13%3A38%3A25.000&cvssV3Severity=CRITICAL "HTTP/1.1 200 OK"
2026-09-24 15:38:26,416 [vuln-engine.nvd_delta] INFO: NVD delta: 4 critical CVE(s) since 2026-09-24T13:08:25.192641+00:00
2026-09-24 15:38:26,434 [vuln-engine.matching] INFO: Matching: 0/4 alerts matched
2026-09-24 15:38:26,435 [apscheduler.executors.default] INFO: Job "NVD Delta Collector (trigger: interval[0:30:00], next run at: 2026-09-24 16:08:25 CEST)" executed successfully
2026-09-24 15:38:29,637 [vuln-engine.vendor_rss] INFO: Vendor RSS [microsoft_msrc]: parsed 5097 entries
2026-09-24 15:38:29,652 [httpx] INFO: HTTP Request: GET https://www.intersystems.com/support/product-alerts-advisories/ "HTTP/1.1 200 OK"
2026-09-24 15:38:29,664 [vuln-engine.intersystems] INFO: InterSystems: found 10 advisories on page
2026-09-24 15:38:29,665 [vuln-engine.intersystems] INFO: InterSystems: initial load, 10 advisories catalogued
2026-09-24 15:38:29,665 [apscheduler.executors.default] INFO: Job "InterSystems Collector (trigger: interval[1:00:00], next run at: 2026-09-24 16:38:25 CEST)" executed successfully
2026-09-24 15:38:41,721 [vuln-engine.vendor_rss] ERROR: Vendor RSS [debian_dsa] failed: 
2026-09-24 15:38:43,208 [httpx] INFO: HTTP Request: GET https://sec.cloudapps.cisco.com/security/center/psirtrss20/CiscoSecurityAdvisory.xml "HTTP/1.1 200 OK"
2026-09-24 15:38:43,548 [vuln-engine.vendor_rss] INFO: Vendor RSS [cisco]: parsed 50 entries
2026-09-24 15:38:43,548 [vuln-engine.vendor_rss] WARNING: Vendor RSS: 37 new HIGH+/zero-day advisory(ies)
2026-09-24 15:38:43,557 [vuln-engine.matching] INFO: Matching: 0/37 alerts matched
2026-09-24 15:38:43,557 [apscheduler.executors.default] INFO: Job "Vendor RSS Collector (trigger: interval[1:00:00], next run at: 2026-09-24 16:38:25 CEST)" executed successfully
2026-09-24 16:08:25,111 [apscheduler.executors.default] INFO: Running job "NVD Delta Collector (trigger: interval[0:30:00], next run at: 2026-09-24 16:38:25 CEST)" (scheduled at 2026-09-24 16:08:25.109517+02:00)
2026-09-24 16:08:25,113 [vuln-engine.scheduler] INFO: ⏰ Running NVD delta collector...
2026-09-24 16:08:26,196 [httpx] INFO: HTTP Request: GET https://services.nvd.nist.gov/rest/json/cves/2.0?lastModStartDate=2026-09-24T13%3A38%3A25.000&lastModEndDate=2026-09-24T14%3A08%3A25.000&cvssV3Severity=CRITICAL "HTTP/1.1 200 OK"
2026-09-24 16:08:26,197 [vuln-engine.nvd_delta] INFO: NVD delta: 0 critical CVE(s) since 2026-09-24T13:38:25.117285+00:00
2026-09-24 16:08:26,197 [apscheduler.executors.default] INFO: Job "NVD Delta Collector (trigger: interval[0:30:00], next run at: 2026-09-24 16:38:25 CEST)" executed successfully
2026-09-24 16:38:25,113 [apscheduler.executors.default] INFO: Running job "NVD Delta Collector (trigger: interval[0:30:00], next run at: 2026-09-24 17:08:25 CEST)" (scheduled at 2026-09-24 16:38:25.109517+02:00)
2026-09-24 16:38:25,114 [vuln-engine.scheduler] INFO: ⏰ Running NVD delta collector...
2026-09-24 16:38:25,144 [apscheduler.executors.default] INFO: Running job "CISA KEV Collector (trigger: interval[1:00:00], next run at: 2026-09-24 17:38:25 CEST)" (scheduled at 2026-09-24 16:38:25.109683+02:00)
2026-09-24 16:38:25,144 [vuln-engine.scheduler] INFO: ⏰ Running CISA KEV collector...
2026-09-24 16:38:25,162 [apscheduler.executors.default] INFO: Running job "InterSystems Collector (trigger: interval[1:00:00], next run at: 2026-09-24 17:38:25 CEST)" (scheduled at 2026-09-24 16:38:25.109837+02:00)
2026-09-24 16:38:25,163 [vuln-engine.scheduler] INFO: ⏰ Running InterSystems collector...
2026-09-24 16:38:25,179 [apscheduler.executors.default] INFO: Running job "Vendor RSS Collector (trigger: interval[1:00:00], next run at: 2026-09-24 17:38:25 CEST)" (scheduled at 2026-09-24 16:38:25.109958+02:00)
2026-09-24 16:38:25,179 [vuln-engine.scheduler] INFO: ⏰ Running Vendor RSS collector...
2026-09-24 16:38:25,195 [apscheduler.executors.default] INFO: Running job "OCS Cache Refresh (trigger: interval[2:00:00], next run at: 2026-09-24 18:38:25 CEST)" (scheduled at 2026-09-24 16:38:25.110105+02:00)
2026-09-24 16:38:25,196 [vuln-engine.ocs_cache] INFO: Refreshing OCS inventory cache...
2026-09-24 16:38:25,300 [httpx] INFO: HTTP Request: GET https://www.cisa.gov/sites/default/files/feeds/known_exploited_vulnerabilities.json "HTTP/1.1 200 OK"
2026-09-24 16:38:25,336 [apscheduler.executors.default] INFO: Job "CISA KEV Collector (trigger: interval[1:00:00], next run at: 2026-09-24 17:38:25 CEST)" executed successfully
2026-09-24 16:38:25,642 [httpx] INFO: HTTP Request: GET https://localhost/ocsapi/v1/computers/listID "HTTP/1.1 200 OK"
2026-09-24 16:38:25,811 [httpx] INFO: HTTP Request: GET https://api.msrc.microsoft.com/update-guide/rss "HTTP/1.1 200 OK"
2026-09-24 16:38:26,281 [httpx] INFO: HTTP Request: GET https://services.nvd.nist.gov/rest/json/cves/2.0?lastModStartDate=2026-09-24T14%3A08%3A25.000&lastModEndDate=2026-09-24T14%3A38%3A25.000&cvssV3Severity=CRITICAL "HTTP/1.1 200 OK"
2026-09-24 16:38:26,289 [vuln-engine.nvd_delta] INFO: NVD delta: 2 critical CVE(s) since 2026-09-24T14:08:25.113429+00:00
2026-09-24 16:38:26,289 [vuln-engine.matching] INFO: Matching: 0/2 alerts matched
2026-09-24 16:38:26,289 [apscheduler.executors.default] INFO: Job "NVD Delta Collector (trigger: interval[0:30:00], next run at: 2026-09-24 17:08:25 CEST)" executed successfully
2026-09-24 16:38:26,904 [httpx] INFO: HTTP Request: GET https://localhost/ocsapi/v1/computer/21/software "HTTP/1.1 200 OK"
2026-09-24 16:38:30,866 [vuln-engine.vendor_rss] INFO: Vendor RSS [microsoft_msrc]: parsed 5095 entries
2026-09-24 16:38:30,891 [httpx] INFO: HTTP Request: GET https://localhost/ocsapi/v1/computer/32/software "HTTP/1.1 200 OK"
2026-09-24 16:38:30,895 [httpx] INFO: HTTP Request: GET https://www.intersystems.com/support/product-alerts-advisories/ "HTTP/1.1 200 OK"
2026-09-24 16:38:30,918 [vuln-engine.intersystems] INFO: InterSystems: found 10 advisories on page
2026-09-24 16:38:30,918 [apscheduler.executors.default] INFO: Job "InterSystems Collector (trigger: interval[1:00:00], next run at: 2026-09-24 17:38:25 CEST)" executed successfully
2026-09-24 16:38:31,767 [httpx] INFO: HTTP Request: GET https://localhost/ocsapi/v1/computer/33/software "HTTP/1.1 200 OK"
2026-09-24 16:38:31,895 [httpx] INFO: HTTP Request: GET https://localhost/ocsapi/v1/computer/14/software "HTTP/1.1 200 OK"
2026-09-24 16:38:32,506 [httpx] INFO: HTTP Request: GET https://localhost/ocsapi/v1/computer/15/software "HTTP/1.1 200 OK"
2026-09-24 16:38:32,695 [httpx] INFO: HTTP Request: GET https://localhost/ocsapi/v1/computer/4/software "HTTP/1.1 200 OK"
2026-09-24 16:38:32,816 [httpx] INFO: HTTP Request: GET https://localhost/ocsapi/v1/computer/16/software "HTTP/1.1 200 OK"
2026-09-24 16:38:33,846 [httpx] INFO: HTTP Request: GET https://localhost/ocsapi/v1/computer/26/software "HTTP/1.1 200 OK"
2026-09-24 16:38:33,930 [httpx] INFO: HTTP Request: GET https://localhost/ocsapi/v1/computer/10/software "HTTP/1.1 200 OK"
2026-09-24 16:38:34,156 [httpx] INFO: HTTP Request: GET https://localhost/ocsapi/v1/computer/11/software "HTTP/1.1 200 OK"
2026-09-24 16:38:34,211 [httpx] INFO: HTTP Request: GET https://localhost/ocsapi/v1/computer/12/software "HTTP/1.1 200 OK"
2026-09-24 16:38:34,679 [httpx] INFO: HTTP Request: GET https://localhost/ocsapi/v1/computer/13/software "HTTP/1.1 200 OK"
2026-09-24 16:38:34,723 [vuln-engine.ocs_cache] INFO: OCS cache refreshed: 12 machines, 3809 unique packages
2026-09-24 16:38:34,724 [apscheduler.executors.default] INFO: Job "OCS Cache Refresh (trigger: interval[2:00:00], next run at: 2026-09-24 18:38:25 CEST)" executed successfully
2026-09-24 16:38:50,971 [vuln-engine.vendor_rss] ERROR: Vendor RSS [debian_dsa] failed: 
2026-09-24 16:38:52,306 [httpx] INFO: HTTP Request: GET https://sec.cloudapps.cisco.com/security/center/psirtrss20/CiscoSecurityAdvisory.xml "HTTP/1.1 200 OK"
2026-09-24 16:38:52,760 [vuln-engine.vendor_rss] INFO: Vendor RSS [cisco]: parsed 50 entries
2026-09-24 16:38:52,763 [apscheduler.executors.default] INFO: Job "Vendor RSS Collector (trigger: interval[1:00:00], next run at: 2026-09-24 17:38:25 CEST)" executed successfully
2026-09-24 17:08:25,129 [apscheduler.executors.default] INFO: Running job "NVD Delta Collector (trigger: interval[0:30:00], next run at: 2026-09-24 17:38:25 CEST)" (scheduled at 2026-09-24 17:08:25.109517+02:00)
2026-09-24 17:08:25,138 [vuln-engine.scheduler] INFO: ⏰ Running NVD delta collector...
2026-09-24 17:08:26,332 [httpx] INFO: HTTP Request: GET https://services.nvd.nist.gov/rest/json/cves/2.0?lastModStartDate=2026-09-24T14%3A38%3A25.000&lastModEndDate=2026-09-24T15%3A08%3A25.000&cvssV3Severity=CRITICAL "HTTP/1.1 200 OK"
2026-09-24 17:08:26,341 [vuln-engine.nvd_delta] INFO: NVD delta: 4 critical CVE(s) since 2026-09-24T14:38:25.114382+00:00
2026-09-24 17:08:26,353 [vuln-engine.matching] INFO: Matching: 0/4 alerts matched
2026-09-24 17:08:26,357 [apscheduler.executors.default] INFO: Job "NVD Delta Collector (trigger: interval[0:30:00], next run at: 2026-09-24 17:38:25 CEST)" executed successfully
2026-09-24 17:38:25,113 [apscheduler.executors.default] INFO: Running job "NVD Delta Collector (trigger: interval[0:30:00], next run at: 2026-09-24 18:08:25 CEST)" (scheduled at 2026-09-24 17:38:25.109517+02:00)
2026-09-24 17:38:25,115 [vuln-engine.scheduler] INFO: ⏰ Running NVD delta collector...
2026-09-24 17:38:25,151 [apscheduler.executors.default] INFO: Running job "CISA KEV Collector (trigger: interval[1:00:00], next run at: 2026-09-24 18:38:25 CEST)" (scheduled at 2026-09-24 17:38:25.109683+02:00)
2026-09-24 17:38:25,152 [vuln-engine.scheduler] INFO: ⏰ Running CISA KEV collector...
2026-09-24 17:38:25,179 [apscheduler.executors.default] INFO: Running job "InterSystems Collector (trigger: interval[1:00:00], next run at: 2026-09-24 18:38:25 CEST)" (scheduled at 2026-09-24 17:38:25.109837+02:00)
2026-09-24 17:38:25,180 [vuln-engine.scheduler] INFO: ⏰ Running InterSystems collector...
2026-09-24 17:38:25,203 [apscheduler.executors.default] INFO: Running job "Vendor RSS Collector (trigger: interval[1:00:00], next run at: 2026-09-24 18:38:25 CEST)" (scheduled at 2026-09-24 17:38:25.109958+02:00)
2026-09-24 17:38:25,204 [vuln-engine.scheduler] INFO: ⏰ Running Vendor RSS collector...
2026-09-24 17:38:25,349 [httpx] INFO: HTTP Request: GET https://www.cisa.gov/sites/default/files/feeds/known_exploited_vulnerabilities.json "HTTP/1.1 200 OK"
2026-09-24 17:38:25,504 [apscheduler.executors.default] INFO: Job "CISA KEV Collector (trigger: interval[1:00:00], next run at: 2026-09-24 18:38:25 CEST)" executed successfully
2026-09-24 17:38:25,856 [httpx] INFO: HTTP Request: GET https://api.msrc.microsoft.com/update-guide/rss "HTTP/1.1 200 OK"
2026-09-24 17:38:26,449 [httpx] INFO: HTTP Request: GET https://services.nvd.nist.gov/rest/json/cves/2.0?lastModStartDate=2026-09-24T15%3A08%3A25.000&lastModEndDate=2026-09-24T15%3A38%3A25.000&cvssV3Severity=CRITICAL "HTTP/1.1 200 OK"
2026-09-24 17:38:26,451 [vuln-engine.nvd_delta] INFO: NVD delta: 3 critical CVE(s) since 2026-09-24T15:08:25.139064+00:00
2026-09-24 17:38:26,452 [vuln-engine.matching] INFO: Matching: 0/3 alerts matched
2026-09-24 17:38:26,452 [apscheduler.executors.default] INFO: Job "NVD Delta Collector (trigger: interval[0:30:00], next run at: 2026-09-24 18:08:25 CEST)" executed successfully
2026-09-24 17:38:30,514 [vuln-engine.vendor_rss] INFO: Vendor RSS [microsoft_msrc]: parsed 5106 entries
2026-09-24 17:38:30,534 [httpx] INFO: HTTP Request: GET https://www.intersystems.com/support/product-alerts-advisories/ "HTTP/1.1 200 OK"
2026-09-24 17:38:30,554 [vuln-engine.intersystems] INFO: InterSystems: found 10 advisories on page
2026-09-24 17:38:30,554 [apscheduler.executors.default] INFO: Job "InterSystems Collector (trigger: interval[1:00:00], next run at: 2026-09-24 18:38:25 CEST)" executed successfully
2026-09-24 17:38:30,730 [httpx] INFO: HTTP Request: GET https://www.debian.org/security/dsa "HTTP/1.1 200 OK"
2026-09-24 17:38:30,757 [vuln-engine.vendor_rss] INFO: Vendor RSS [debian_dsa]: parsed 30 entries
2026-09-24 17:38:32,807 [httpx] INFO: HTTP Request: GET https://sec.cloudapps.cisco.com/security/center/psirtrss20/CiscoSecurityAdvisory.xml "HTTP/1.1 200 OK"
2026-09-24 17:38:33,129 [vuln-engine.vendor_rss] INFO: Vendor RSS [cisco]: parsed 50 entries
2026-09-24 17:38:33,129 [apscheduler.executors.default] INFO: Job "Vendor RSS Collector (trigger: interval[1:00:00], next run at: 2026-09-24 18:38:25 CEST)" executed successfully
2026-09-24 18:08:25,111 [apscheduler.executors.default] INFO: Running job "NVD Delta Collector (trigger: interval[0:30:00], next run at: 2026-09-24 18:38:25 CEST)" (scheduled at 2026-09-24 18:08:25.109517+02:00)
2026-09-24 18:08:25,113 [vuln-engine.scheduler] INFO: ⏰ Running NVD delta collector...
2026-09-24 18:08:26,258 [httpx] INFO: HTTP Request: GET https://services.nvd.nist.gov/rest/json/cves/2.0?lastModStartDate=2026-09-24T15%3A38%3A25.000&lastModEndDate=2026-09-24T16%3A08%3A25.000&cvssV3Severity=CRITICAL "HTTP/1.1 200 OK"
2026-09-24 18:08:26,260 [vuln-engine.nvd_delta] INFO: NVD delta: 0 critical CVE(s) since 2026-09-24T15:38:25.115150+00:00
2026-09-24 18:08:26,260 [apscheduler.executors.default] INFO: Job "NVD Delta Collector (trigger: interval[0:30:00], next run at: 2026-09-24 18:38:25 CEST)" executed successfully
2026-09-24 18:38:25,112 [apscheduler.executors.default] INFO: Running job "NVD Delta Collector (trigger: interval[0:30:00], next run at: 2026-09-24 19:08:25 CEST)" (scheduled at 2026-09-24 18:38:25.109517+02:00)
2026-09-24 18:38:25,113 [vuln-engine.scheduler] INFO: ⏰ Running NVD delta collector...
2026-09-24 18:38:25,132 [apscheduler.executors.default] INFO: Running job "CISA KEV Collector (trigger: interval[1:00:00], next run at: 2026-09-24 19:38:25 CEST)" (scheduled at 2026-09-24 18:38:25.109683+02:00)
2026-09-24 18:38:25,132 [vuln-engine.scheduler] INFO: ⏰ Running CISA KEV collector...
2026-09-24 18:38:25,145 [apscheduler.executors.default] INFO: Running job "InterSystems Collector (trigger: interval[1:00:00], next run at: 2026-09-24 19:38:25 CEST)" (scheduled at 2026-09-24 18:38:25.109837+02:00)
2026-09-24 18:38:25,145 [vuln-engine.scheduler] INFO: ⏰ Running InterSystems collector...
2026-09-24 18:38:25,158 [apscheduler.executors.default] INFO: Running job "Vendor RSS Collector (trigger: interval[1:00:00], next run at: 2026-09-24 19:38:25 CEST)" (scheduled at 2026-09-24 18:38:25.109958+02:00)
2026-09-24 18:38:25,158 [vuln-engine.scheduler] INFO: ⏰ Running Vendor RSS collector...
2026-09-24 18:38:25,172 [apscheduler.executors.default] INFO: Running job "OCS Cache Refresh (trigger: interval[2:00:00], next run at: 2026-09-24 20:38:25 CEST)" (scheduled at 2026-09-24 18:38:25.110105+02:00)
2026-09-24 18:38:25,173 [vuln-engine.ocs_cache] INFO: Refreshing OCS inventory cache...
2026-09-24 18:38:25,265 [httpx] INFO: HTTP Request: GET https://www.cisa.gov/sites/default/files/feeds/known_exploited_vulnerabilities.json "HTTP/1.1 200 OK"
2026-09-24 18:38:25,305 [apscheduler.executors.default] INFO: Job "CISA KEV Collector (trigger: interval[1:00:00], next run at: 2026-09-24 19:38:25 CEST)" executed successfully
2026-09-24 18:38:25,578 [httpx] INFO: HTTP Request: GET https://localhost/ocsapi/v1/computers/listID "HTTP/1.1 200 OK"
2026-09-24 18:38:25,864 [httpx] INFO: HTTP Request: GET https://api.msrc.microsoft.com/update-guide/rss "HTTP/1.1 200 OK"
2026-09-24 18:38:25,879 [httpx] INFO: HTTP Request: GET https://localhost/ocsapi/v1/computer/21/software "HTTP/1.1 200 OK"
2026-09-24 18:38:26,040 [httpx] INFO: HTTP Request: GET https://localhost/ocsapi/v1/computer/32/software "HTTP/1.1 200 OK"
2026-09-24 18:38:26,491 [httpx] INFO: HTTP Request: GET https://localhost/ocsapi/v1/computer/33/software "HTTP/1.1 200 OK"
2026-09-24 18:38:26,570 [httpx] INFO: HTTP Request: GET https://services.nvd.nist.gov/rest/json/cves/2.0?lastModStartDate=2026-09-24T16%3A08%3A25.000&lastModEndDate=2026-09-24T16%3A38%3A25.000&cvssV3Severity=CRITICAL "HTTP/1.1 200 OK"
2026-09-24 18:38:26,572 [vuln-engine.nvd_delta] INFO: NVD delta: 0 critical CVE(s) since 2026-09-24T16:08:25.113290+00:00
2026-09-24 18:38:26,572 [apscheduler.executors.default] INFO: Job "NVD Delta Collector (trigger: interval[0:30:00], next run at: 2026-09-24 19:08:25 CEST)" executed successfully
2026-09-24 18:38:26,631 [httpx] INFO: HTTP Request: GET https://localhost/ocsapi/v1/computer/14/software "HTTP/1.1 200 OK"
2026-09-24 18:38:26,804 [httpx] INFO: HTTP Request: GET https://localhost/ocsapi/v1/computer/15/software "HTTP/1.1 200 OK"
2026-09-24 18:38:26,972 [httpx] INFO: HTTP Request: GET https://localhost/ocsapi/v1/computer/4/software "HTTP/1.1 200 OK"
2026-09-24 18:38:29,427 [vuln-engine.vendor_rss] INFO: Vendor RSS [microsoft_msrc]: parsed 5106 entries
2026-09-24 18:38:29,466 [httpx] INFO: HTTP Request: GET https://localhost/ocsapi/v1/computer/16/software "HTTP/1.1 200 OK"
2026-09-24 18:38:29,471 [httpx] INFO: HTTP Request: GET https://www.intersystems.com/support/product-alerts-advisories/ "HTTP/1.1 200 OK"
2026-09-24 18:38:29,520 [vuln-engine.intersystems] INFO: InterSystems: found 10 advisories on page
2026-09-24 18:38:29,520 [apscheduler.executors.default] INFO: Job "InterSystems Collector (trigger: interval[1:00:00], next run at: 2026-09-24 19:38:25 CEST)" executed successfully
2026-09-24 18:38:29,592 [httpx] INFO: HTTP Request: GET https://localhost/ocsapi/v1/computer/26/software "HTTP/1.1 200 OK"
2026-09-24 18:38:29,628 [httpx] INFO: HTTP Request: GET https://localhost/ocsapi/v1/computer/10/software "HTTP/1.1 200 OK"
2026-09-24 18:38:29,688 [httpx] INFO: HTTP Request: GET https://www.debian.org/security/dsa "HTTP/1.1 200 OK"
2026-09-24 18:38:29,717 [vuln-engine.vendor_rss] INFO: Vendor RSS [debian_dsa]: parsed 30 entries
2026-09-24 18:38:29,851 [httpx] INFO: HTTP Request: GET https://localhost/ocsapi/v1/computer/11/software "HTTP/1.1 200 OK"
2026-09-24 18:38:29,893 [httpx] INFO: HTTP Request: GET https://localhost/ocsapi/v1/computer/12/software "HTTP/1.1 200 OK"
2026-09-24 18:38:29,924 [httpx] INFO: HTTP Request: GET https://localhost/ocsapi/v1/computer/13/software "HTTP/1.1 200 OK"
2026-09-24 18:38:29,930 [vuln-engine.ocs_cache] INFO: OCS cache refreshed: 12 machines, 3809 unique packages
2026-09-24 18:38:29,931 [apscheduler.executors.default] INFO: Job "OCS Cache Refresh (trigger: interval[2:00:00], next run at: 2026-09-24 20:38:25 CEST)" executed successfully
2026-09-24 18:38:31,401 [httpx] INFO: HTTP Request: GET https://sec.cloudapps.cisco.com/security/center/psirtrss20/CiscoSecurityAdvisory.xml "HTTP/1.1 200 OK"
2026-09-24 18:38:31,699 [vuln-engine.vendor_rss] INFO: Vendor RSS [cisco]: parsed 50 entries
2026-09-24 18:38:31,699 [apscheduler.executors.default] INFO: Job "Vendor RSS Collector (trigger: interval[1:00:00], next run at: 2026-09-24 19:38:25 CEST)" executed successfully
2026-09-24 19:08:25,112 [apscheduler.executors.default] INFO: Running job "NVD Delta Collector (trigger: interval[0:30:00], next run at: 2026-09-24 19:38:25 CEST)" (scheduled at 2026-09-24 19:08:25.109517+02:00)
2026-09-24 19:08:25,112 [vuln-engine.scheduler] INFO: ⏰ Running NVD delta collector...
2026-09-24 19:08:26,170 [httpx] INFO: HTTP Request: GET https://services.nvd.nist.gov/rest/json/cves/2.0?lastModStartDate=2026-09-24T16%3A38%3A25.000&lastModEndDate=2026-09-24T17%3A08%3A25.000&cvssV3Severity=CRITICAL "HTTP/1.1 200 OK"
2026-09-24 19:08:26,171 [vuln-engine.nvd_delta] INFO: NVD delta: 0 critical CVE(s) since 2026-09-24T16:38:25.113464+00:00
2026-09-24 19:08:26,171 [apscheduler.executors.default] INFO: Job "NVD Delta Collector (trigger: interval[0:30:00], next run at: 2026-09-24 19:38:25 CEST)" executed successfully
2026-09-24 19:38:25,111 [apscheduler.executors.default] INFO: Running job "NVD Delta Collector (trigger: interval[0:30:00], next run at: 2026-09-24 20:08:25 CEST)" (scheduled at 2026-09-24 19:38:25.109517+02:00)
2026-09-24 19:38:25,112 [vuln-engine.scheduler] INFO: ⏰ Running NVD delta collector...
2026-09-24 19:38:25,127 [apscheduler.executors.default] INFO: Running job "CISA KEV Collector (trigger: interval[1:00:00], next run at: 2026-09-24 20:38:25 CEST)" (scheduled at 2026-09-24 19:38:25.109683+02:00)
2026-09-24 19:38:25,128 [vuln-engine.scheduler] INFO: ⏰ Running CISA KEV collector...
2026-09-24 19:38:25,140 [apscheduler.executors.default] INFO: Running job "InterSystems Collector (trigger: interval[1:00:00], next run at: 2026-09-24 20:38:25 CEST)" (scheduled at 2026-09-24 19:38:25.109837+02:00)
2026-09-24 19:38:25,140 [vuln-engine.scheduler] INFO: ⏰ Running InterSystems collector...
2026-09-24 19:38:25,153 [apscheduler.executors.default] INFO: Running job "Vendor RSS Collector (trigger: interval[1:00:00], next run at: 2026-09-24 20:38:25 CEST)" (scheduled at 2026-09-24 19:38:25.109958+02:00)
2026-09-24 19:38:25,153 [vuln-engine.scheduler] INFO: ⏰ Running Vendor RSS collector...
2026-09-24 19:38:25,264 [httpx] INFO: HTTP Request: GET https://www.cisa.gov/sites/default/files/feeds/known_exploited_vulnerabilities.json "HTTP/1.1 200 OK"
2026-09-24 19:38:25,324 [apscheduler.executors.default] INFO: Job "CISA KEV Collector (trigger: interval[1:00:00], next run at: 2026-09-24 20:38:25 CEST)" executed successfully
2026-09-24 19:38:25,829 [httpx] INFO: HTTP Request: GET https://api.msrc.microsoft.com/update-guide/rss "HTTP/1.1 200 OK"
2026-09-24 19:38:26,249 [httpx] INFO: HTTP Request: GET https://services.nvd.nist.gov/rest/json/cves/2.0?lastModStartDate=2026-09-24T17%3A08%3A25.000&lastModEndDate=2026-09-24T17%3A38%3A25.000&cvssV3Severity=CRITICAL "HTTP/1.1 200 OK"
2026-09-24 19:38:26,251 [vuln-engine.nvd_delta] INFO: NVD delta: 0 critical CVE(s) since 2026-09-24T17:08:25.112992+00:00
2026-09-24 19:38:26,251 [apscheduler.executors.default] INFO: Job "NVD Delta Collector (trigger: interval[0:30:00], next run at: 2026-09-24 20:08:25 CEST)" executed successfully
2026-09-24 19:38:29,539 [vuln-engine.vendor_rss] INFO: Vendor RSS [microsoft_msrc]: parsed 5106 entries
2026-09-24 19:38:29,552 [httpx] INFO: HTTP Request: GET https://www.intersystems.com/support/product-alerts-advisories/ "HTTP/1.1 200 OK"
2026-09-24 19:38:29,561 [vuln-engine.intersystems] INFO: InterSystems: found 10 advisories on page
2026-09-24 19:38:29,561 [apscheduler.executors.default] INFO: Job "InterSystems Collector (trigger: interval[1:00:00], next run at: 2026-09-24 20:38:25 CEST)" executed successfully
2026-09-24 19:38:29,619 [httpx] INFO: HTTP Request: GET https://www.debian.org/security/dsa "HTTP/1.1 200 OK"
2026-09-24 19:38:29,644 [vuln-engine.vendor_rss] INFO: Vendor RSS [debian_dsa]: parsed 30 entries
2026-09-24 19:38:31,226 [httpx] INFO: HTTP Request: GET https://sec.cloudapps.cisco.com/security/center/psirtrss20/CiscoSecurityAdvisory.xml "HTTP/1.1 200 OK"
2026-09-24 19:38:31,525 [vuln-engine.vendor_rss] INFO: Vendor RSS [cisco]: parsed 50 entries
2026-09-24 19:38:31,525 [apscheduler.executors.default] INFO: Job "Vendor RSS Collector (trigger: interval[1:00:00], next run at: 2026-09-24 20:38:25 CEST)" executed successfully
2026-09-24 20:08:25,111 [apscheduler.executors.default] INFO: Running job "NVD Delta Collector (trigger: interval[0:30:00], next run at: 2026-09-24 20:38:25 CEST)" (scheduled at 2026-09-24 20:08:25.109517+02:00)
2026-09-24 20:08:25,111 [vuln-engine.scheduler] INFO: ⏰ Running NVD delta collector...
2026-09-24 20:08:26,418 [httpx] INFO: HTTP Request: GET https://services.nvd.nist.gov/rest/json/cves/2.0?lastModStartDate=2026-09-24T17%3A38%3A25.000&lastModEndDate=2026-09-24T18%3A08%3A25.000&cvssV3Severity=CRITICAL "HTTP/1.1 200 OK"
2026-09-24 20:08:26,420 [vuln-engine.nvd_delta] INFO: NVD delta: 0 critical CVE(s) since 2026-09-24T17:38:25.112117+00:00
2026-09-24 20:08:26,420 [apscheduler.executors.default] INFO: Job "NVD Delta Collector (trigger: interval[0:30:00], next run at: 2026-09-24 20:38:25 CEST)" executed successfully
2026-09-24 20:38:25,111 [apscheduler.executors.default] INFO: Running job "NVD Delta Collector (trigger: interval[0:30:00], next run at: 2026-09-24 21:08:25 CEST)" (scheduled at 2026-09-24 20:38:25.109517+02:00)
2026-09-24 20:38:25,112 [vuln-engine.scheduler] INFO: ⏰ Running NVD delta collector...
2026-09-24 20:38:25,130 [apscheduler.executors.default] INFO: Running job "CISA KEV Collector (trigger: interval[1:00:00], next run at: 2026-09-24 21:38:25 CEST)" (scheduled at 2026-09-24 20:38:25.109683+02:00)
2026-09-24 20:38:25,130 [vuln-engine.scheduler] INFO: ⏰ Running CISA KEV collector...
2026-09-24 20:38:25,143 [apscheduler.executors.default] INFO: Running job "InterSystems Collector (trigger: interval[1:00:00], next run at: 2026-09-24 21:38:25 CEST)" (scheduled at 2026-09-24 20:38:25.109837+02:00)
2026-09-24 20:38:25,144 [vuln-engine.scheduler] INFO: ⏰ Running InterSystems collector...
2026-09-24 20:38:25,156 [apscheduler.executors.default] INFO: Running job "Vendor RSS Collector (trigger: interval[1:00:00], next run at: 2026-09-24 21:38:25 CEST)" (scheduled at 2026-09-24 20:38:25.109958+02:00)
2026-09-24 20:38:25,157 [vuln-engine.scheduler] INFO: ⏰ Running Vendor RSS collector...
2026-09-24 20:38:25,176 [apscheduler.executors.default] INFO: Running job "OCS Cache Refresh (trigger: interval[2:00:00], next run at: 2026-09-24 22:38:25 CEST)" (scheduled at 2026-09-24 20:38:25.110105+02:00)
2026-09-24 20:38:25,176 [vuln-engine.ocs_cache] INFO: Refreshing OCS inventory cache...
2026-09-24 20:38:25,205 [httpx] INFO: HTTP Request: GET https://localhost/ocsapi/v1/computers/listID "HTTP/1.1 200 OK"
2026-09-24 20:38:25,291 [httpx] INFO: HTTP Request: GET https://www.cisa.gov/sites/default/files/feeds/known_exploited_vulnerabilities.json "HTTP/1.1 200 OK"
2026-09-24 20:38:25,326 [apscheduler.executors.default] INFO: Job "CISA KEV Collector (trigger: interval[1:00:00], next run at: 2026-09-24 21:38:25 CEST)" executed successfully
2026-09-24 20:38:25,327 [httpx] INFO: HTTP Request: GET https://localhost/ocsapi/v1/computer/21/software "HTTP/1.1 200 OK"
2026-09-24 20:38:25,380 [httpx] INFO: HTTP Request: GET https://localhost/ocsapi/v1/computer/32/software "HTTP/1.1 200 OK"
2026-09-24 20:38:25,430 [httpx] INFO: HTTP Request: GET https://localhost/ocsapi/v1/computer/33/software "HTTP/1.1 200 OK"
2026-09-24 20:38:25,451 [httpx] INFO: HTTP Request: GET https://localhost/ocsapi/v1/computer/14/software "HTTP/1.1 200 OK"
2026-09-24 20:38:25,472 [httpx] INFO: HTTP Request: GET https://localhost/ocsapi/v1/computer/15/software "HTTP/1.1 200 OK"
2026-09-24 20:38:25,609 [httpx] INFO: HTTP Request: GET https://localhost/ocsapi/v1/computer/4/software "HTTP/1.1 200 OK"
2026-09-24 20:38:25,691 [httpx] INFO: HTTP Request: GET https://localhost/ocsapi/v1/computer/16/software "HTTP/1.1 200 OK"
2026-09-24 20:38:25,741 [httpx] INFO: HTTP Request: GET https://localhost/ocsapi/v1/computer/26/software "HTTP/1.1 200 OK"
2026-09-24 20:38:25,760 [httpx] INFO: HTTP Request: GET https://localhost/ocsapi/v1/computer/10/software "HTTP/1.1 200 OK"
2026-09-24 20:38:25,824 [httpx] INFO: HTTP Request: GET https://api.msrc.microsoft.com/update-guide/rss "HTTP/1.1 200 OK"
2026-09-24 20:38:25,833 [httpx] INFO: HTTP Request: GET https://localhost/ocsapi/v1/computer/11/software "HTTP/1.1 200 OK"
2026-09-24 20:38:25,859 [httpx] INFO: HTTP Request: GET https://localhost/ocsapi/v1/computer/12/software "HTTP/1.1 200 OK"
2026-09-24 20:38:25,878 [httpx] INFO: HTTP Request: GET https://localhost/ocsapi/v1/computer/13/software "HTTP/1.1 200 OK"
2026-09-24 20:38:25,883 [vuln-engine.ocs_cache] INFO: OCS cache refreshed: 12 machines, 3809 unique packages
2026-09-24 20:38:25,883 [apscheduler.executors.default] INFO: Job "OCS Cache Refresh (trigger: interval[2:00:00], next run at: 2026-09-24 22:38:25 CEST)" executed successfully
2026-09-24 20:38:26,257 [httpx] INFO: HTTP Request: GET https://services.nvd.nist.gov/rest/json/cves/2.0?lastModStartDate=2026-09-24T18%3A08%3A25.000&lastModEndDate=2026-09-24T18%3A38%3A25.000&cvssV3Severity=CRITICAL "HTTP/1.1 200 OK"
2026-09-24 20:38:26,258 [vuln-engine.nvd_delta] INFO: NVD delta: 0 critical CVE(s) since 2026-09-24T18:08:25.111760+00:00
2026-09-24 20:38:26,259 [apscheduler.executors.default] INFO: Job "NVD Delta Collector (trigger: interval[0:30:00], next run at: 2026-09-24 21:08:25 CEST)" executed successfully
2026-09-24 20:38:29,410 [vuln-engine.vendor_rss] INFO: Vendor RSS [microsoft_msrc]: parsed 5106 entries
2026-09-24 20:38:29,425 [httpx] INFO: HTTP Request: GET https://www.intersystems.com/support/product-alerts-advisories/ "HTTP/1.1 200 OK"
2026-09-24 20:38:29,434 [vuln-engine.intersystems] INFO: InterSystems: found 10 advisories on page
2026-09-24 20:38:29,435 [apscheduler.executors.default] INFO: Job "InterSystems Collector (trigger: interval[1:00:00], next run at: 2026-09-24 21:38:25 CEST)" executed successfully
2026-09-24 20:38:29,697 [httpx] INFO: HTTP Request: GET https://www.debian.org/security/dsa "HTTP/1.1 200 OK"
2026-09-24 20:38:29,721 [vuln-engine.vendor_rss] INFO: Vendor RSS [debian_dsa]: parsed 30 entries
2026-09-24 20:38:31,228 [httpx] INFO: HTTP Request: GET https://sec.cloudapps.cisco.com/security/center/psirtrss20/CiscoSecurityAdvisory.xml "HTTP/1.1 200 OK"
2026-09-24 20:38:31,598 [vuln-engine.vendor_rss] INFO: Vendor RSS [cisco]: parsed 50 entries
2026-09-24 20:38:31,599 [apscheduler.executors.default] INFO: Job "Vendor RSS Collector (trigger: interval[1:00:00], next run at: 2026-09-24 21:38:25 CEST)" executed successfully
2026-09-24 21:08:25,111 [apscheduler.executors.default] INFO: Running job "NVD Delta Collector (trigger: interval[0:30:00], next run at: 2026-09-24 21:38:25 CEST)" (scheduled at 2026-09-24 21:08:25.109517+02:00)
2026-09-24 21:08:25,112 [vuln-engine.scheduler] INFO: ⏰ Running NVD delta collector...
2026-09-24 21:08:26,256 [httpx] INFO: HTTP Request: GET https://services.nvd.nist.gov/rest/json/cves/2.0?lastModStartDate=2026-09-24T18%3A38%3A25.000&lastModEndDate=2026-09-24T19%3A08%3A25.000&cvssV3Severity=CRITICAL "HTTP/1.1 200 OK"
2026-09-24 21:08:26,258 [vuln-engine.nvd_delta] INFO: NVD delta: 0 critical CVE(s) since 2026-09-24T18:38:25.112863+00:00
2026-09-24 21:08:26,258 [apscheduler.executors.default] INFO: Job "NVD Delta Collector (trigger: interval[0:30:00], next run at: 2026-09-24 21:38:25 CEST)" executed successfully
2026-09-24 21:38:25,111 [apscheduler.executors.default] INFO: Running job "NVD Delta Collector (trigger: interval[0:30:00], next run at: 2026-09-24 22:08:25 CEST)" (scheduled at 2026-09-24 21:38:25.109517+02:00)
2026-09-24 21:38:25,112 [vuln-engine.scheduler] INFO: ⏰ Running NVD delta collector...
2026-09-24 21:38:25,128 [apscheduler.executors.default] INFO: Running job "CISA KEV Collector (trigger: interval[1:00:00], next run at: 2026-09-24 22:38:25 CEST)" (scheduled at 2026-09-24 21:38:25.109683+02:00)
2026-09-24 21:38:25,128 [vuln-engine.scheduler] INFO: ⏰ Running CISA KEV collector...
2026-09-24 21:38:25,141 [apscheduler.executors.default] INFO: Running job "InterSystems Collector (trigger: interval[1:00:00], next run at: 2026-09-24 22:38:25 CEST)" (scheduled at 2026-09-24 21:38:25.109837+02:00)
2026-09-24 21:38:25,141 [vuln-engine.scheduler] INFO: ⏰ Running InterSystems collector...
2026-09-24 21:38:25,154 [apscheduler.executors.default] INFO: Running job "Vendor RSS Collector (trigger: interval[1:00:00], next run at: 2026-09-24 22:38:25 CEST)" (scheduled at 2026-09-24 21:38:25.109958+02:00)
2026-09-24 21:38:25,154 [vuln-engine.scheduler] INFO: ⏰ Running Vendor RSS collector...
2026-09-24 21:38:25,285 [httpx] INFO: HTTP Request: GET https://www.cisa.gov/sites/default/files/feeds/known_exploited_vulnerabilities.json "HTTP/1.1 200 OK"
2026-09-24 21:38:25,320 [vuln-engine.cisa_kev] WARNING: CISA KEV: 2 NEW actively exploited CVE(s)!
2026-09-24 21:38:25,321 [vuln-engine.matching] INFO: Matching: 0/2 alerts matched
2026-09-24 21:38:25,321 [apscheduler.executors.default] INFO: Job "CISA KEV Collector (trigger: interval[1:00:00], next run at: 2026-09-24 22:38:25 CEST)" executed successfully
2026-09-24 21:38:25,762 [httpx] INFO: HTTP Request: GET https://api.msrc.microsoft.com/update-guide/rss "HTTP/1.1 200 OK"
2026-09-24 21:38:26,427 [httpx] INFO: HTTP Request: GET https://services.nvd.nist.gov/rest/json/cves/2.0?lastModStartDate=2026-09-24T19%3A08%3A25.000&lastModEndDate=2026-09-24T19%3A38%3A25.000&cvssV3Severity=CRITICAL "HTTP/1.1 200 OK"
2026-09-24 21:38:26,429 [vuln-engine.nvd_delta] INFO: NVD delta: 0 critical CVE(s) since 2026-09-24T19:08:25.113014+00:00
2026-09-24 21:38:26,429 [apscheduler.executors.default] INFO: Job "NVD Delta Collector (trigger: interval[0:30:00], next run at: 2026-09-24 22:08:25 CEST)" executed successfully
2026-09-24 21:38:29,513 [vuln-engine.vendor_rss] INFO: Vendor RSS [microsoft_msrc]: parsed 5106 entries
2026-09-24 21:38:29,529 [httpx] INFO: HTTP Request: GET https://www.intersystems.com/support/product-alerts-advisories/ "HTTP/1.1 200 OK"
2026-09-24 21:38:29,539 [vuln-engine.intersystems] INFO: InterSystems: found 10 advisories on page
2026-09-24 21:38:29,539 [apscheduler.executors.default] INFO: Job "InterSystems Collector (trigger: interval[1:00:00], next run at: 2026-09-24 22:38:25 CEST)" executed successfully
2026-09-24 21:38:29,641 [httpx] INFO: HTTP Request: GET https://www.debian.org/security/dsa "HTTP/1.1 200 OK"
2026-09-24 21:38:29,665 [vuln-engine.vendor_rss] INFO: Vendor RSS [debian_dsa]: parsed 30 entries
2026-09-24 21:38:30,961 [httpx] INFO: HTTP Request: GET https://sec.cloudapps.cisco.com/security/center/psirtrss20/CiscoSecurityAdvisory.xml "HTTP/1.1 200 OK"
2026-09-24 21:38:31,328 [vuln-engine.vendor_rss] INFO: Vendor RSS [cisco]: parsed 50 entries
2026-09-24 21:38:31,329 [apscheduler.executors.default] INFO: Job "Vendor RSS Collector (trigger: interval[1:00:00], next run at: 2026-09-24 22:38:25 CEST)" executed successfully
2026-09-24 22:08:25,111 [apscheduler.executors.default] INFO: Running job "NVD Delta Collector (trigger: interval[0:30:00], next run at: 2026-09-24 22:38:25 CEST)" (scheduled at 2026-09-24 22:08:25.109517+02:00)
2026-09-24 22:08:25,112 [vuln-engine.scheduler] INFO: ⏰ Running NVD delta collector...
2026-09-24 22:08:26,305 [httpx] INFO: HTTP Request: GET https://services.nvd.nist.gov/rest/json/cves/2.0?lastModStartDate=2026-09-24T19%3A38%3A25.000&lastModEndDate=2026-09-24T20%3A08%3A25.000&cvssV3Severity=CRITICAL "HTTP/1.1 200 OK"
2026-09-24 22:08:26,306 [vuln-engine.nvd_delta] INFO: NVD delta: 0 critical CVE(s) since 2026-09-24T19:38:25.112727+00:00
2026-09-24 22:08:26,306 [apscheduler.executors.default] INFO: Job "NVD Delta Collector (trigger: interval[0:30:00], next run at: 2026-09-24 22:38:25 CEST)" executed successfully
2026-09-24 22:38:25,111 [apscheduler.executors.default] INFO: Running job "NVD Delta Collector (trigger: interval[0:30:00], next run at: 2026-09-24 23:08:25 CEST)" (scheduled at 2026-09-24 22:38:25.109517+02:00)
2026-09-24 22:38:25,112 [vuln-engine.scheduler] INFO: ⏰ Running NVD delta collector...
2026-09-24 22:38:25,128 [apscheduler.executors.default] INFO: Running job "CISA KEV Collector (trigger: interval[1:00:00], next run at: 2026-09-24 23:38:25 CEST)" (scheduled at 2026-09-24 22:38:25.109683+02:00)
2026-09-24 22:38:25,128 [vuln-engine.scheduler] INFO: ⏰ Running CISA KEV collector...
2026-09-24 22:38:25,141 [apscheduler.executors.default] INFO: Running job "InterSystems Collector (trigger: interval[1:00:00], next run at: 2026-09-24 23:38:25 CEST)" (scheduled at 2026-09-24 22:38:25.109837+02:00)
2026-09-24 22:38:25,141 [vuln-engine.scheduler] INFO: ⏰ Running InterSystems collector...
2026-09-24 22:38:25,154 [apscheduler.executors.default] INFO: Running job "Vendor RSS Collector (trigger: interval[1:00:00], next run at: 2026-09-24 23:38:25 CEST)" (scheduled at 2026-09-24 22:38:25.109958+02:00)
2026-09-24 22:38:25,154 [vuln-engine.scheduler] INFO: ⏰ Running Vendor RSS collector...
2026-09-24 22:38:25,167 [apscheduler.executors.default] INFO: Running job "OCS Cache Refresh (trigger: interval[2:00:00], next run at: 2026-09-25 00:38:25 CEST)" (scheduled at 2026-09-24 22:38:25.110105+02:00)
2026-09-24 22:38:25,167 [vuln-engine.ocs_cache] INFO: Refreshing OCS inventory cache...
2026-09-24 22:38:25,196 [httpx] INFO: HTTP Request: GET https://localhost/ocsapi/v1/computers/listID "HTTP/1.1 200 OK"
2026-09-24 22:38:25,255 [httpx] INFO: HTTP Request: GET https://localhost/ocsapi/v1/computer/21/software "HTTP/1.1 200 OK"
2026-09-24 22:38:25,276 [httpx] INFO: HTTP Request: GET https://www.cisa.gov/sites/default/files/feeds/known_exploited_vulnerabilities.json "HTTP/1.1 200 OK"
2026-09-24 22:38:25,368 [apscheduler.executors.default] INFO: Job "CISA KEV Collector (trigger: interval[1:00:00], next run at: 2026-09-24 23:38:25 CEST)" executed successfully
2026-09-24 22:38:25,369 [httpx] INFO: HTTP Request: GET https://localhost/ocsapi/v1/computer/32/software "HTTP/1.1 200 OK"
2026-09-24 22:38:25,433 [httpx] INFO: HTTP Request: GET https://localhost/ocsapi/v1/computer/33/software "HTTP/1.1 200 OK"
2026-09-24 22:38:25,456 [httpx] INFO: HTTP Request: GET https://localhost/ocsapi/v1/computer/14/software "HTTP/1.1 200 OK"
2026-09-24 22:38:25,474 [httpx] INFO: HTTP Request: GET https://localhost/ocsapi/v1/computer/15/software "HTTP/1.1 200 OK"
2026-09-24 22:38:25,532 [httpx] INFO: HTTP Request: GET https://localhost/ocsapi/v1/computer/4/software "HTTP/1.1 200 OK"
2026-09-24 22:38:25,581 [httpx] INFO: HTTP Request: GET https://localhost/ocsapi/v1/computer/16/software "HTTP/1.1 200 OK"
2026-09-24 22:38:25,626 [httpx] INFO: HTTP Request: GET https://localhost/ocsapi/v1/computer/26/software "HTTP/1.1 200 OK"
2026-09-24 22:38:25,644 [httpx] INFO: HTTP Request: GET https://localhost/ocsapi/v1/computer/10/software "HTTP/1.1 200 OK"
2026-09-24 22:38:25,710 [httpx] INFO: HTTP Request: GET https://localhost/ocsapi/v1/computer/11/software "HTTP/1.1 200 OK"
2026-09-24 22:38:25,734 [httpx] INFO: HTTP Request: GET https://localhost/ocsapi/v1/computer/12/software "HTTP/1.1 200 OK"
2026-09-24 22:38:25,750 [httpx] INFO: HTTP Request: GET https://localhost/ocsapi/v1/computer/13/software "HTTP/1.1 200 OK"
2026-09-24 22:38:25,754 [vuln-engine.ocs_cache] INFO: OCS cache refreshed: 12 machines, 3809 unique packages
2026-09-24 22:38:25,755 [apscheduler.executors.default] INFO: Job "OCS Cache Refresh (trigger: interval[2:00:00], next run at: 2026-09-25 00:38:25 CEST)" executed successfully
2026-09-24 22:38:25,787 [httpx] INFO: HTTP Request: GET https://api.msrc.microsoft.com/update-guide/rss "HTTP/1.1 200 OK"
2026-09-24 22:38:26,465 [httpx] INFO: HTTP Request: GET https://services.nvd.nist.gov/rest/json/cves/2.0?lastModStartDate=2026-09-24T20%3A08%3A25.000&lastModEndDate=2026-09-24T20%3A38%3A25.000&cvssV3Severity=CRITICAL "HTTP/1.1 200 OK"
2026-09-24 22:38:26,467 [vuln-engine.nvd_delta] INFO: NVD delta: 0 critical CVE(s) since 2026-09-24T20:08:25.113082+00:00
2026-09-24 22:38:26,467 [apscheduler.executors.default] INFO: Job "NVD Delta Collector (trigger: interval[0:30:00], next run at: 2026-09-24 23:08:25 CEST)" executed successfully
2026-09-24 22:38:29,653 [vuln-engine.vendor_rss] INFO: Vendor RSS [microsoft_msrc]: parsed 5109 entries
2026-09-24 22:38:29,670 [httpx] INFO: HTTP Request: GET https://www.intersystems.com/support/product-alerts-advisories/ "HTTP/1.1 200 OK"
2026-09-24 22:38:29,679 [vuln-engine.intersystems] INFO: InterSystems: found 10 advisories on page
2026-09-24 22:38:29,679 [apscheduler.executors.default] INFO: Job "InterSystems Collector (trigger: interval[1:00:00], next run at: 2026-09-24 23:38:25 CEST)" executed successfully
2026-09-24 22:38:29,867 [httpx] INFO: HTTP Request: GET https://www.debian.org/security/dsa "HTTP/1.1 200 OK"
2026-09-24 22:38:29,894 [vuln-engine.vendor_rss] INFO: Vendor RSS [debian_dsa]: parsed 30 entries
2026-09-24 22:38:31,207 [httpx] INFO: HTTP Request: GET https://sec.cloudapps.cisco.com/security/center/psirtrss20/CiscoSecurityAdvisory.xml "HTTP/1.1 200 OK"
2026-09-24 22:38:31,577 [vuln-engine.vendor_rss] INFO: Vendor RSS [cisco]: parsed 50 entries
2026-09-24 22:38:31,577 [apscheduler.executors.default] INFO: Job "Vendor RSS Collector (trigger: interval[1:00:00], next run at: 2026-09-24 23:38:25 CEST)" executed successfully
2026-09-24 23:08:25,111 [apscheduler.executors.default] INFO: Running job "NVD Delta Collector (trigger: interval[0:30:00], next run at: 2026-09-24 23:38:25 CEST)" (scheduled at 2026-09-24 23:08:25.109517+02:00)
2026-09-24 23:08:25,112 [vuln-engine.scheduler] INFO: ⏰ Running NVD delta collector...
2026-09-24 23:08:26,213 [httpx] INFO: HTTP Request: GET https://services.nvd.nist.gov/rest/json/cves/2.0?lastModStartDate=2026-09-24T20%3A38%3A25.000&lastModEndDate=2026-09-24T21%3A08%3A25.000&cvssV3Severity=CRITICAL "HTTP/1.1 200 OK"
2026-09-24 23:08:26,216 [vuln-engine.nvd_delta] INFO: NVD delta: 3 critical CVE(s) since 2026-09-24T20:38:25.112924+00:00
2026-09-24 23:08:26,217 [vuln-engine.matching] INFO: Matching: 0/3 alerts matched
2026-09-24 23:08:26,217 [apscheduler.executors.default] INFO: Job "NVD Delta Collector (trigger: interval[0:30:00], next run at: 2026-09-24 23:38:25 CEST)" executed successfully
2026-09-24 23:38:25,112 [apscheduler.executors.default] INFO: Running job "NVD Delta Collector (trigger: interval[0:30:00], next run at: 2026-09-25 00:08:25 CEST)" (scheduled at 2026-09-24 23:38:25.109517+02:00)
2026-09-24 23:38:25,113 [vuln-engine.scheduler] INFO: ⏰ Running NVD delta collector...
2026-09-24 23:38:25,131 [apscheduler.executors.default] INFO: Running job "CISA KEV Collector (trigger: interval[1:00:00], next run at: 2026-09-25 00:38:25 CEST)" (scheduled at 2026-09-24 23:38:25.109683+02:00)
2026-09-24 23:38:25,132 [vuln-engine.scheduler] INFO: ⏰ Running CISA KEV collector...
2026-09-24 23:38:25,145 [apscheduler.executors.default] INFO: Running job "InterSystems Collector (trigger: interval[1:00:00], next run at: 2026-09-25 00:38:25 CEST)" (scheduled at 2026-09-24 23:38:25.109837+02:00)
2026-09-24 23:38:25,146 [vuln-engine.scheduler] INFO: ⏰ Running InterSystems collector...
2026-09-24 23:38:25,158 [apscheduler.executors.default] INFO: Running job "Vendor RSS Collector (trigger: interval[1:00:00], next run at: 2026-09-25 00:38:25 CEST)" (scheduled at 2026-09-24 23:38:25.109958+02:00)
2026-09-24 23:38:25,159 [vuln-engine.scheduler] INFO: ⏰ Running Vendor RSS collector...
2026-09-24 23:38:25,286 [httpx] INFO: HTTP Request: GET https://www.cisa.gov/sites/default/files/feeds/known_exploited_vulnerabilities.json "HTTP/1.1 200 OK"
2026-09-24 23:38:25,322 [apscheduler.executors.default] INFO: Job "CISA KEV Collector (trigger: interval[1:00:00], next run at: 2026-09-25 00:38:25 CEST)" executed successfully
2026-09-24 23:38:25,792 [httpx] INFO: HTTP Request: GET https://api.msrc.microsoft.com/update-guide/rss "HTTP/1.1 200 OK"
2026-09-24 23:38:26,250 [httpx] INFO: HTTP Request: GET https://services.nvd.nist.gov/rest/json/cves/2.0?lastModStartDate=2026-09-24T21%3A08%3A25.000&lastModEndDate=2026-09-24T21%3A38%3A25.000&cvssV3Severity=CRITICAL "HTTP/1.1 200 OK"
2026-09-24 23:38:26,253 [vuln-engine.nvd_delta] INFO: NVD delta: 2 critical CVE(s) since 2026-09-24T21:08:25.112424+00:00
2026-09-24 23:38:26,253 [vuln-engine.matching] INFO: Matching: 0/2 alerts matched
2026-09-24 23:38:26,253 [apscheduler.executors.default] INFO: Job "NVD Delta Collector (trigger: interval[0:30:00], next run at: 2026-09-25 00:08:25 CEST)" executed successfully
2026-09-24 23:38:29,220 [vuln-engine.vendor_rss] INFO: Vendor RSS [microsoft_msrc]: parsed 5109 entries
2026-09-24 23:38:29,234 [httpx] INFO: HTTP Request: GET https://www.intersystems.com/support/product-alerts-advisories/ "HTTP/1.1 200 OK"
2026-09-24 23:38:29,242 [vuln-engine.intersystems] INFO: InterSystems: found 10 advisories on page
2026-09-24 23:38:29,242 [apscheduler.executors.default] INFO: Job "InterSystems Collector (trigger: interval[1:00:00], next run at: 2026-09-25 00:38:25 CEST)" executed successfully
2026-09-24 23:38:29,346 [httpx] INFO: HTTP Request: GET https://www.debian.org/security/dsa "HTTP/1.1 200 OK"
2026-09-24 23:38:29,373 [vuln-engine.vendor_rss] INFO: Vendor RSS [debian_dsa]: parsed 30 entries
2026-09-24 23:38:30,767 [httpx] INFO: HTTP Request: GET https://sec.cloudapps.cisco.com/security/center/psirtrss20/CiscoSecurityAdvisory.xml "HTTP/1.1 200 OK"
2026-09-24 23:38:31,062 [vuln-engine.vendor_rss] INFO: Vendor RSS [cisco]: parsed 50 entries
2026-09-24 23:38:31,062 [apscheduler.executors.default] INFO: Job "Vendor RSS Collector (trigger: interval[1:00:00], next run at: 2026-09-25 00:38:25 CEST)" executed successfully
2026-09-25 00:08:25,141 [apscheduler.executors.default] INFO: Running job "NVD Delta Collector (trigger: interval[0:30:00], next run at: 2026-09-25 00:38:25 CEST)" (scheduled at 2026-09-25 00:08:25.109517+02:00)
2026-09-25 00:08:25,156 [vuln-engine.scheduler] INFO: ⏰ Running NVD delta collector...
2026-09-25 00:08:26,414 [httpx] INFO: HTTP Request: GET https://services.nvd.nist.gov/rest/json/cves/2.0?lastModStartDate=2026-09-24T21%3A38%3A25.000&lastModEndDate=2026-09-24T22%3A08%3A25.000&cvssV3Severity=CRITICAL "HTTP/1.1 200 OK"
2026-09-25 00:08:26,425 [vuln-engine.nvd_delta] INFO: NVD delta: 0 critical CVE(s) since 2026-09-24T21:38:25.113579+00:00
2026-09-25 00:08:26,427 [apscheduler.executors.default] INFO: Job "NVD Delta Collector (trigger: interval[0:30:00], next run at: 2026-09-25 00:38:25 CEST)" executed successfully
2026-09-25 00:38:25,117 [apscheduler.executors.default] INFO: Running job "NVD Delta Collector (trigger: interval[0:30:00], next run at: 2026-09-25 01:08:25 CEST)" (scheduled at 2026-09-25 00:38:25.109517+02:00)
2026-09-25 00:38:25,121 [vuln-engine.scheduler] INFO: ⏰ Running NVD delta collector...
2026-09-25 00:38:25,163 [apscheduler.executors.default] INFO: Running job "CISA KEV Collector (trigger: interval[1:00:00], next run at: 2026-09-25 01:38:25 CEST)" (scheduled at 2026-09-25 00:38:25.109683+02:00)
2026-09-25 00:38:25,166 [vuln-engine.scheduler] INFO: ⏰ Running CISA KEV collector...
2026-09-25 00:38:25,199 [apscheduler.executors.default] INFO: Running job "InterSystems Collector (trigger: interval[1:00:00], next run at: 2026-09-25 01:38:25 CEST)" (scheduled at 2026-09-25 00:38:25.109837+02:00)
2026-09-25 00:38:25,199 [vuln-engine.scheduler] INFO: ⏰ Running InterSystems collector...
2026-09-25 00:38:25,227 [apscheduler.executors.default] INFO: Running job "Vendor RSS Collector (trigger: interval[1:00:00], next run at: 2026-09-25 01:38:25 CEST)" (scheduled at 2026-09-25 00:38:25.109958+02:00)
2026-09-25 00:38:25,230 [vuln-engine.scheduler] INFO: ⏰ Running Vendor RSS collector...
2026-09-25 00:38:25,259 [apscheduler.executors.default] INFO: Running job "OCS Cache Refresh (trigger: interval[2:00:00], next run at: 2026-09-25 02:38:25 CEST)" (scheduled at 2026-09-25 00:38:25.110105+02:00)
2026-09-25 00:38:25,261 [vuln-engine.ocs_cache] INFO: Refreshing OCS inventory cache...
2026-09-25 00:38:25,387 [httpx] INFO: HTTP Request: GET https://www.cisa.gov/sites/default/files/feeds/known_exploited_vulnerabilities.json "HTTP/1.1 200 OK"
2026-09-25 00:38:25,638 [apscheduler.executors.default] INFO: Job "CISA KEV Collector (trigger: interval[1:00:00], next run at: 2026-09-25 01:38:25 CEST)" executed successfully
2026-09-25 00:38:25,868 [httpx] INFO: HTTP Request: GET https://api.msrc.microsoft.com/update-guide/rss "HTTP/1.1 200 OK"
2026-09-25 00:38:25,958 [httpx] INFO: HTTP Request: GET https://localhost/ocsapi/v1/computers/listID "HTTP/1.1 200 OK"
2026-09-25 00:38:26,435 [httpx] INFO: HTTP Request: GET https://services.nvd.nist.gov/rest/json/cves/2.0?lastModStartDate=2026-09-24T22%3A08%3A25.000&lastModEndDate=2026-09-24T22%3A38%3A25.000&cvssV3Severity=CRITICAL "HTTP/1.1 200 OK"
2026-09-25 00:38:26,436 [vuln-engine.nvd_delta] INFO: NVD delta: 0 critical CVE(s) since 2026-09-24T22:08:25.156939+00:00
2026-09-25 00:38:26,436 [apscheduler.executors.default] INFO: Job "NVD Delta Collector (trigger: interval[0:30:00], next run at: 2026-09-25 01:08:25 CEST)" executed successfully
2026-09-25 00:38:30,328 [vuln-engine.vendor_rss] INFO: Vendor RSS [microsoft_msrc]: parsed 5110 entries
2026-09-25 00:38:30,344 [httpx] INFO: HTTP Request: GET https://localhost/ocsapi/v1/computer/21/software "HTTP/1.1 200 OK"
2026-09-25 00:38:30,376 [httpx] INFO: HTTP Request: GET https://www.intersystems.com/support/product-alerts-advisories/ "HTTP/1.1 200 OK"
2026-09-25 00:38:30,481 [vuln-engine.intersystems] INFO: InterSystems: found 10 advisories on page
2026-09-25 00:38:30,482 [apscheduler.executors.default] INFO: Job "InterSystems Collector (trigger: interval[1:00:00], next run at: 2026-09-25 01:38:25 CEST)" executed successfully
2026-09-25 00:38:30,529 [httpx] INFO: HTTP Request: GET https://www.debian.org/security/dsa "HTTP/1.1 200 OK"
2026-09-25 00:38:30,569 [vuln-engine.vendor_rss] INFO: Vendor RSS [debian_dsa]: parsed 30 entries
2026-09-25 00:38:31,425 [httpx] INFO: HTTP Request: GET https://localhost/ocsapi/v1/computer/32/software "HTTP/1.1 200 OK"
2026-09-25 00:38:31,816 [httpx] INFO: HTTP Request: GET https://localhost/ocsapi/v1/computer/33/software "HTTP/1.1 200 OK"
2026-09-25 00:38:31,933 [httpx] INFO: HTTP Request: GET https://sec.cloudapps.cisco.com/security/center/psirtrss20/CiscoSecurityAdvisory.xml "HTTP/1.1 200 OK"
2026-09-25 00:38:32,001 [httpx] INFO: HTTP Request: GET https://localhost/ocsapi/v1/computer/14/software "HTTP/1.1 200 OK"
2026-09-25 00:38:32,350 [vuln-engine.vendor_rss] INFO: Vendor RSS [cisco]: parsed 50 entries
2026-09-25 00:38:32,351 [apscheduler.executors.default] INFO: Job "Vendor RSS Collector (trigger: interval[1:00:00], next run at: 2026-09-25 01:38:25 CEST)" executed successfully
2026-09-25 00:38:32,353 [httpx] INFO: HTTP Request: GET https://localhost/ocsapi/v1/computer/15/software "HTTP/1.1 200 OK"
2026-09-25 00:38:32,630 [httpx] INFO: HTTP Request: GET https://localhost/ocsapi/v1/computer/4/software "HTTP/1.1 200 OK"
2026-09-25 00:38:33,044 [httpx] INFO: HTTP Request: GET https://localhost/ocsapi/v1/computer/16/software "HTTP/1.1 200 OK"
2026-09-25 00:38:33,120 [httpx] INFO: HTTP Request: GET https://localhost/ocsapi/v1/computer/26/software "HTTP/1.1 200 OK"
2026-09-25 00:38:33,147 [httpx] INFO: HTTP Request: GET https://localhost/ocsapi/v1/computer/10/software "HTTP/1.1 200 OK"
2026-09-25 00:38:33,364 [httpx] INFO: HTTP Request: GET https://localhost/ocsapi/v1/computer/11/software "HTTP/1.1 200 OK"
2026-09-25 00:38:33,402 [httpx] INFO: HTTP Request: GET https://localhost/ocsapi/v1/computer/12/software "HTTP/1.1 200 OK"
2026-09-25 00:38:33,446 [httpx] INFO: HTTP Request: GET https://localhost/ocsapi/v1/computer/13/software "HTTP/1.1 200 OK"
2026-09-25 00:38:33,466 [vuln-engine.ocs_cache] INFO: OCS cache refreshed: 12 machines, 3811 unique packages
2026-09-25 00:38:33,466 [apscheduler.executors.default] INFO: Job "OCS Cache Refresh (trigger: interval[2:00:00], next run at: 2026-09-25 02:38:25 CEST)" executed successfully
2026-09-25 01:08:25,143 [apscheduler.executors.default] INFO: Running job "NVD Delta Collector (trigger: interval[0:30:00], next run at: 2026-09-25 01:38:25 CEST)" (scheduled at 2026-09-25 01:08:25.109517+02:00)
2026-09-25 01:08:25,154 [vuln-engine.scheduler] INFO: ⏰ Running NVD delta collector...
2026-09-25 01:08:26,377 [httpx] INFO: HTTP Request: GET https://services.nvd.nist.gov/rest/json/cves/2.0?lastModStartDate=2026-09-24T22%3A38%3A25.000&lastModEndDate=2026-09-24T23%3A08%3A25.000&cvssV3Severity=CRITICAL "HTTP/1.1 200 OK"
2026-09-25 01:08:26,383 [vuln-engine.nvd_delta] INFO: NVD delta: 0 critical CVE(s) since 2026-09-24T22:38:25.121495+00:00
2026-09-25 01:08:26,385 [apscheduler.executors.default] INFO: Job "NVD Delta Collector (trigger: interval[0:30:00], next run at: 2026-09-25 01:38:25 CEST)" executed successfully
2026-09-25 01:38:25,120 [apscheduler.executors.default] INFO: Running job "NVD Delta Collector (trigger: interval[0:30:00], next run at: 2026-09-25 02:08:25 CEST)" (scheduled at 2026-09-25 01:38:25.109517+02:00)
2026-09-25 01:38:25,121 [vuln-engine.scheduler] INFO: ⏰ Running NVD delta collector...
2026-09-25 01:38:25,163 [apscheduler.executors.default] INFO: Running job "CISA KEV Collector (trigger: interval[1:00:00], next run at: 2026-09-25 02:38:25 CEST)" (scheduled at 2026-09-25 01:38:25.109683+02:00)
2026-09-25 01:38:25,165 [vuln-engine.scheduler] INFO: ⏰ Running CISA KEV collector...
2026-09-25 01:38:25,200 [apscheduler.executors.default] INFO: Running job "InterSystems Collector (trigger: interval[1:00:00], next run at: 2026-09-25 02:38:25 CEST)" (scheduled at 2026-09-25 01:38:25.109837+02:00)
2026-09-25 01:38:25,201 [vuln-engine.scheduler] INFO: ⏰ Running InterSystems collector...
2026-09-25 01:38:25,237 [apscheduler.executors.default] INFO: Running job "Vendor RSS Collector (trigger: interval[1:00:00], next run at: 2026-09-25 02:38:25 CEST)" (scheduled at 2026-09-25 01:38:25.109958+02:00)
2026-09-25 01:38:25,238 [vuln-engine.scheduler] INFO: ⏰ Running Vendor RSS collector...
2026-09-25 01:38:25,387 [httpx] INFO: HTTP Request: GET https://www.cisa.gov/sites/default/files/feeds/known_exploited_vulnerabilities.json "HTTP/1.1 200 OK"
2026-09-25 01:38:25,532 [apscheduler.executors.default] INFO: Job "CISA KEV Collector (trigger: interval[1:00:00], next run at: 2026-09-25 02:38:25 CEST)" executed successfully
2026-09-25 01:38:25,844 [httpx] INFO: HTTP Request: GET https://api.msrc.microsoft.com/update-guide/rss "HTTP/1.1 200 OK"
2026-09-25 01:38:26,378 [httpx] INFO: HTTP Request: GET https://services.nvd.nist.gov/rest/json/cves/2.0?lastModStartDate=2026-09-24T23%3A08%3A25.000&lastModEndDate=2026-09-24T23%3A38%3A25.000&cvssV3Severity=CRITICAL "HTTP/1.1 200 OK"
2026-09-25 01:38:26,381 [vuln-engine.nvd_delta] INFO: NVD delta: 1 critical CVE(s) since 2026-09-24T23:08:25.155016+00:00
2026-09-25 01:38:26,390 [vuln-engine.matching] INFO: Matching: 0/1 alerts matched
2026-09-25 01:38:26,390 [apscheduler.executors.default] INFO: Job "NVD Delta Collector (trigger: interval[0:30:00], next run at: 2026-09-25 02:08:25 CEST)" executed successfully
2026-09-25 01:38:29,857 [vuln-engine.vendor_rss] INFO: Vendor RSS [microsoft_msrc]: parsed 5110 entries
2026-09-25 01:38:29,874 [httpx] INFO: HTTP Request: GET https://www.intersystems.com/support/product-alerts-advisories/ "HTTP/1.1 200 OK"
2026-09-25 01:38:29,950 [vuln-engine.intersystems] INFO: InterSystems: found 10 advisories on page
2026-09-25 01:38:29,951 [apscheduler.executors.default] INFO: Job "InterSystems Collector (trigger: interval[1:00:00], next run at: 2026-09-25 02:38:25 CEST)" executed successfully
2026-09-25 01:38:30,127 [httpx] INFO: HTTP Request: GET https://www.debian.org/security/dsa "HTTP/1.1 200 OK"
2026-09-25 01:38:30,167 [vuln-engine.vendor_rss] INFO: Vendor RSS [debian_dsa]: parsed 30 entries
2026-09-25 01:38:31,568 [httpx] INFO: HTTP Request: GET https://sec.cloudapps.cisco.com/security/center/psirtrss20/CiscoSecurityAdvisory.xml "HTTP/1.1 200 OK"
2026-09-25 01:38:31,975 [vuln-engine.vendor_rss] INFO: Vendor RSS [cisco]: parsed 50 entries
2026-09-25 01:38:31,975 [apscheduler.executors.default] INFO: Job "Vendor RSS Collector (trigger: interval[1:00:00], next run at: 2026-09-25 02:38:25 CEST)" executed successfully
2026-09-25 02:08:25,113 [apscheduler.executors.default] INFO: Running job "NVD Delta Collector (trigger: interval[0:30:00], next run at: 2026-09-25 02:38:25 CEST)" (scheduled at 2026-09-25 02:08:25.109517+02:00)
2026-09-25 02:08:25,114 [vuln-engine.scheduler] INFO: ⏰ Running NVD delta collector...
2026-09-25 02:08:27,060 [httpx] INFO: HTTP Request: GET https://services.nvd.nist.gov/rest/json/cves/2.0?lastModStartDate=2026-09-24T23%3A38%3A25.000&lastModEndDate=2026-09-25T00%3A08%3A25.000&cvssV3Severity=CRITICAL "HTTP/1.1 200 OK"
2026-09-25 02:08:27,061 [vuln-engine.nvd_delta] INFO: NVD delta: 0 critical CVE(s) since 2026-09-24T23:38:25.121656+00:00
2026-09-25 02:08:27,062 [apscheduler.executors.default] INFO: Job "NVD Delta Collector (trigger: interval[0:30:00], next run at: 2026-09-25 02:38:25 CEST)" executed successfully
2026-09-25 02:38:25,117 [apscheduler.executors.default] INFO: Running job "NVD Delta Collector (trigger: interval[0:30:00], next run at: 2026-09-25 03:08:25 CEST)" (scheduled at 2026-09-25 02:38:25.109517+02:00)
2026-09-25 02:38:25,123 [vuln-engine.scheduler] INFO: ⏰ Running NVD delta collector...
2026-09-25 02:38:25,170 [apscheduler.executors.default] INFO: Running job "CISA KEV Collector (trigger: interval[1:00:00], next run at: 2026-09-25 03:38:25 CEST)" (scheduled at 2026-09-25 02:38:25.109683+02:00)
2026-09-25 02:38:25,171 [vuln-engine.scheduler] INFO: ⏰ Running CISA KEV collector...
2026-09-25 02:38:25,215 [apscheduler.executors.default] INFO: Running job "InterSystems Collector (trigger: interval[1:00:00], next run at: 2026-09-25 03:38:25 CEST)" (scheduled at 2026-09-25 02:38:25.109837+02:00)
2026-09-25 02:38:25,216 [vuln-engine.scheduler] INFO: ⏰ Running InterSystems collector...
2026-09-25 02:38:25,266 [apscheduler.executors.default] INFO: Running job "Vendor RSS Collector (trigger: interval[1:00:00], next run at: 2026-09-25 03:38:25 CEST)" (scheduled at 2026-09-25 02:38:25.109958+02:00)
2026-09-25 02:38:25,268 [vuln-engine.scheduler] INFO: ⏰ Running Vendor RSS collector...
2026-09-25 02:38:25,301 [apscheduler.executors.default] INFO: Running job "OCS Cache Refresh (trigger: interval[2:00:00], next run at: 2026-09-25 04:38:25 CEST)" (scheduled at 2026-09-25 02:38:25.110105+02:00)
2026-09-25 02:38:25,302 [vuln-engine.ocs_cache] INFO: Refreshing OCS inventory cache...
2026-09-25 02:38:25,429 [httpx] INFO: HTTP Request: GET https://www.cisa.gov/sites/default/files/feeds/known_exploited_vulnerabilities.json "HTTP/1.1 200 OK"
2026-09-25 02:38:25,895 [apscheduler.executors.default] INFO: Job "CISA KEV Collector (trigger: interval[1:00:00], next run at: 2026-09-25 03:38:25 CEST)" executed successfully
2026-09-25 02:38:25,902 [httpx] INFO: HTTP Request: GET https://api.msrc.microsoft.com/update-guide/rss "HTTP/1.1 200 OK"
2026-09-25 02:38:26,006 [httpx] INFO: HTTP Request: GET https://localhost/ocsapi/v1/computers/listID "HTTP/1.1 200 OK"
2026-09-25 02:38:26,814 [httpx] INFO: HTTP Request: GET https://services.nvd.nist.gov/rest/json/cves/2.0?lastModStartDate=2026-09-25T00%3A08%3A25.000&lastModEndDate=2026-09-25T00%3A38%3A25.000&cvssV3Severity=CRITICAL "HTTP/1.1 200 OK"
2026-09-25 02:38:26,817 [vuln-engine.nvd_delta] INFO: NVD delta: 0 critical CVE(s) since 2026-09-25T00:08:25.115118+00:00
2026-09-25 02:38:26,817 [apscheduler.executors.default] INFO: Job "NVD Delta Collector (trigger: interval[0:30:00], next run at: 2026-09-25 03:08:25 CEST)" executed successfully
2026-09-25 02:38:30,867 [vuln-engine.vendor_rss] INFO: Vendor RSS [microsoft_msrc]: parsed 5110 entries
2026-09-25 02:38:30,881 [httpx] INFO: HTTP Request: GET https://localhost/ocsapi/v1/computer/21/software "HTTP/1.1 200 OK"
2026-09-25 02:38:30,883 [httpx] INFO: HTTP Request: GET https://www.intersystems.com/support/product-alerts-advisories/ "HTTP/1.1 200 OK"
2026-09-25 02:38:31,084 [vuln-engine.intersystems] INFO: InterSystems: found 10 advisories on page
2026-09-25 02:38:31,084 [apscheduler.executors.default] INFO: Job "InterSystems Collector (trigger: interval[1:00:00], next run at: 2026-09-25 03:38:25 CEST)" executed successfully
2026-09-25 02:38:31,144 [httpx] INFO: HTTP Request: GET https://www.debian.org/security/dsa "HTTP/1.1 200 OK"
2026-09-25 02:38:31,180 [vuln-engine.vendor_rss] INFO: Vendor RSS [debian_dsa]: parsed 30 entries
2026-09-25 02:38:31,282 [httpx] INFO: HTTP Request: GET https://localhost/ocsapi/v1/computer/32/software "HTTP/1.1 200 OK"
2026-09-25 02:38:31,928 [httpx] INFO: HTTP Request: GET https://localhost/ocsapi/v1/computer/33/software "HTTP/1.1 200 OK"
2026-09-25 02:38:32,245 [httpx] INFO: HTTP Request: GET https://localhost/ocsapi/v1/computer/14/software "HTTP/1.1 200 OK"
2026-09-25 02:38:32,510 [httpx] INFO: HTTP Request: GET https://sec.cloudapps.cisco.com/security/center/psirtrss20/CiscoSecurityAdvisory.xml "HTTP/1.1 200 OK"
2026-09-25 02:38:32,765 [httpx] INFO: HTTP Request: GET https://localhost/ocsapi/v1/computer/15/software "HTTP/1.1 200 OK"
2026-09-25 02:38:32,915 [vuln-engine.vendor_rss] INFO: Vendor RSS [cisco]: parsed 50 entries
2026-09-25 02:38:32,916 [apscheduler.executors.default] INFO: Job "Vendor RSS Collector (trigger: interval[1:00:00], next run at: 2026-09-25 03:38:25 CEST)" executed successfully
2026-09-25 02:38:33,401 [httpx] INFO: HTTP Request: GET https://localhost/ocsapi/v1/computer/4/software "HTTP/1.1 200 OK"
2026-09-25 02:38:33,886 [httpx] INFO: HTTP Request: GET https://localhost/ocsapi/v1/computer/16/software "HTTP/1.1 200 OK"
2026-09-25 02:38:33,950 [httpx] INFO: HTTP Request: GET https://localhost/ocsapi/v1/computer/26/software "HTTP/1.1 200 OK"
2026-09-25 02:38:33,985 [httpx] INFO: HTTP Request: GET https://localhost/ocsapi/v1/computer/10/software "HTTP/1.1 200 OK"
2026-09-25 02:38:34,207 [httpx] INFO: HTTP Request: GET https://localhost/ocsapi/v1/computer/11/software "HTTP/1.1 200 OK"
2026-09-25 02:38:34,280 [httpx] INFO: HTTP Request: GET https://localhost/ocsapi/v1/computer/12/software "HTTP/1.1 200 OK"
2026-09-25 02:38:34,349 [httpx] INFO: HTTP Request: GET https://localhost/ocsapi/v1/computer/13/software "HTTP/1.1 200 OK"
2026-09-25 02:38:34,369 [vuln-engine.ocs_cache] INFO: OCS cache refreshed: 12 machines, 3811 unique packages
2026-09-25 02:38:34,370 [apscheduler.executors.default] INFO: Job "OCS Cache Refresh (trigger: interval[2:00:00], next run at: 2026-09-25 04:38:25 CEST)" executed successfully
2026-09-25 03:08:25,112 [apscheduler.executors.default] INFO: Running job "NVD Delta Collector (trigger: interval[0:30:00], next run at: 2026-09-25 03:38:25 CEST)" (scheduled at 2026-09-25 03:08:25.109517+02:00)
2026-09-25 03:08:25,118 [vuln-engine.scheduler] INFO: ⏰ Running NVD delta collector...
2026-09-25 03:08:26,464 [httpx] INFO: HTTP Request: GET https://services.nvd.nist.gov/rest/json/cves/2.0?lastModStartDate=2026-09-25T00%3A38%3A25.000&lastModEndDate=2026-09-25T01%3A08%3A25.000&cvssV3Severity=CRITICAL "HTTP/1.1 200 OK"
2026-09-25 03:08:26,466 [vuln-engine.nvd_delta] INFO: NVD delta: 0 critical CVE(s) since 2026-09-25T00:38:25.123827+00:00
2026-09-25 03:08:26,466 [apscheduler.executors.default] INFO: Job "NVD Delta Collector (trigger: interval[0:30:00], next run at: 2026-09-25 03:38:25 CEST)" executed successfully
2026-09-25 03:38:25,112 [apscheduler.executors.default] INFO: Running job "NVD Delta Collector (trigger: interval[0:30:00], next run at: 2026-09-25 04:08:25 CEST)" (scheduled at 2026-09-25 03:38:25.109517+02:00)
2026-09-25 03:38:25,117 [vuln-engine.scheduler] INFO: ⏰ Running NVD delta collector...
2026-09-25 03:38:25,145 [apscheduler.executors.default] INFO: Running job "CISA KEV Collector (trigger: interval[1:00:00], next run at: 2026-09-25 04:38:25 CEST)" (scheduled at 2026-09-25 03:38:25.109683+02:00)
2026-09-25 03:38:25,146 [vuln-engine.scheduler] INFO: ⏰ Running CISA KEV collector...
2026-09-25 03:38:25,161 [apscheduler.executors.default] INFO: Running job "InterSystems Collector (trigger: interval[1:00:00], next run at: 2026-09-25 04:38:25 CEST)" (scheduled at 2026-09-25 03:38:25.109837+02:00)
2026-09-25 03:38:25,161 [vuln-engine.scheduler] INFO: ⏰ Running InterSystems collector...
2026-09-25 03:38:25,179 [apscheduler.executors.default] INFO: Running job "Vendor RSS Collector (trigger: interval[1:00:00], next run at: 2026-09-25 04:38:25 CEST)" (scheduled at 2026-09-25 03:38:25.109958+02:00)
2026-09-25 03:38:25,179 [vuln-engine.scheduler] INFO: ⏰ Running Vendor RSS collector...
2026-09-25 03:38:25,315 [httpx] INFO: HTTP Request: GET https://www.cisa.gov/sites/default/files/feeds/known_exploited_vulnerabilities.json "HTTP/1.1 200 OK"
2026-09-25 03:38:25,398 [apscheduler.executors.default] INFO: Job "CISA KEV Collector (trigger: interval[1:00:00], next run at: 2026-09-25 04:38:25 CEST)" executed successfully
2026-09-25 03:38:25,802 [httpx] INFO: HTTP Request: GET https://api.msrc.microsoft.com/update-guide/rss "HTTP/1.1 200 OK"
2026-09-25 03:38:26,259 [httpx] INFO: HTTP Request: GET https://services.nvd.nist.gov/rest/json/cves/2.0?lastModStartDate=2026-09-25T01%3A08%3A25.000&lastModEndDate=2026-09-25T01%3A38%3A25.000&cvssV3Severity=CRITICAL "HTTP/1.1 200 OK"
2026-09-25 03:38:26,261 [vuln-engine.nvd_delta] INFO: NVD delta: 0 critical CVE(s) since 2026-09-25T01:08:25.118495+00:00
2026-09-25 03:38:26,261 [apscheduler.executors.default] INFO: Job "NVD Delta Collector (trigger: interval[0:30:00], next run at: 2026-09-25 04:08:25 CEST)" executed successfully
2026-09-25 03:38:29,936 [vuln-engine.vendor_rss] INFO: Vendor RSS [microsoft_msrc]: parsed 5110 entries
2026-09-25 03:38:29,954 [httpx] INFO: HTTP Request: GET https://www.intersystems.com/support/product-alerts-advisories/ "HTTP/1.1 200 OK"
2026-09-25 03:38:29,995 [vuln-engine.intersystems] INFO: InterSystems: found 10 advisories on page
2026-09-25 03:38:29,995 [apscheduler.executors.default] INFO: Job "InterSystems Collector (trigger: interval[1:00:00], next run at: 2026-09-25 04:38:25 CEST)" executed successfully
2026-09-25 03:38:30,272 [httpx] INFO: HTTP Request: GET https://www.debian.org/security/dsa "HTTP/1.1 200 OK"
2026-09-25 03:38:30,306 [vuln-engine.vendor_rss] INFO: Vendor RSS [debian_dsa]: parsed 30 entries
2026-09-25 03:38:31,771 [httpx] INFO: HTTP Request: GET https://sec.cloudapps.cisco.com/security/center/psirtrss20/CiscoSecurityAdvisory.xml "HTTP/1.1 200 OK"
2026-09-25 03:38:32,163 [vuln-engine.vendor_rss] INFO: Vendor RSS [cisco]: parsed 50 entries
2026-09-25 03:38:32,163 [apscheduler.executors.default] INFO: Job "Vendor RSS Collector (trigger: interval[1:00:00], next run at: 2026-09-25 04:38:25 CEST)" executed successfully
2026-09-25 04:08:25,111 [apscheduler.executors.default] INFO: Running job "NVD Delta Collector (trigger: interval[0:30:00], next run at: 2026-09-25 04:38:25 CEST)" (scheduled at 2026-09-25 04:08:25.109517+02:00)
2026-09-25 04:08:25,114 [vuln-engine.scheduler] INFO: ⏰ Running NVD delta collector...
2026-09-25 04:08:26,552 [httpx] INFO: HTTP Request: GET https://services.nvd.nist.gov/rest/json/cves/2.0?lastModStartDate=2026-09-25T01%3A38%3A25.000&lastModEndDate=2026-09-25T02%3A08%3A25.000&cvssV3Severity=CRITICAL "HTTP/1.1 200 OK"
2026-09-25 04:08:26,554 [vuln-engine.nvd_delta] INFO: NVD delta: 0 critical CVE(s) since 2026-09-25T01:38:25.117572+00:00
2026-09-25 04:08:26,554 [apscheduler.executors.default] INFO: Job "NVD Delta Collector (trigger: interval[0:30:00], next run at: 2026-09-25 04:38:25 CEST)" executed successfully
2026-09-25 04:38:25,111 [apscheduler.executors.default] INFO: Running job "NVD Delta Collector (trigger: interval[0:30:00], next run at: 2026-09-25 05:08:25 CEST)" (scheduled at 2026-09-25 04:38:25.109517+02:00)
2026-09-25 04:38:25,114 [vuln-engine.scheduler] INFO: ⏰ Running NVD delta collector...
2026-09-25 04:38:25,145 [apscheduler.executors.default] INFO: Running job "CISA KEV Collector (trigger: interval[1:00:00], next run at: 2026-09-25 05:38:25 CEST)" (scheduled at 2026-09-25 04:38:25.109683+02:00)
2026-09-25 04:38:25,145 [vuln-engine.scheduler] INFO: ⏰ Running CISA KEV collector...
2026-09-25 04:38:25,162 [apscheduler.executors.default] INFO: Running job "InterSystems Collector (trigger: interval[1:00:00], next run at: 2026-09-25 05:38:25 CEST)" (scheduled at 2026-09-25 04:38:25.109837+02:00)
2026-09-25 04:38:25,162 [vuln-engine.scheduler] INFO: ⏰ Running InterSystems collector...
2026-09-25 04:38:25,184 [apscheduler.executors.default] INFO: Running job "Vendor RSS Collector (trigger: interval[1:00:00], next run at: 2026-09-25 05:38:25 CEST)" (scheduled at 2026-09-25 04:38:25.109958+02:00)
2026-09-25 04:38:25,184 [vuln-engine.scheduler] INFO: ⏰ Running Vendor RSS collector...
2026-09-25 04:38:25,204 [apscheduler.executors.default] INFO: Running job "OCS Cache Refresh (trigger: interval[2:00:00], next run at: 2026-09-25 06:38:25 CEST)" (scheduled at 2026-09-25 04:38:25.110105+02:00)
2026-09-25 04:38:25,205 [vuln-engine.ocs_cache] INFO: Refreshing OCS inventory cache...
2026-09-25 04:38:25,315 [httpx] INFO: HTTP Request: GET https://www.cisa.gov/sites/default/files/feeds/known_exploited_vulnerabilities.json "HTTP/1.1 200 OK"
2026-09-25 04:38:25,398 [apscheduler.executors.default] INFO: Job "CISA KEV Collector (trigger: interval[1:00:00], next run at: 2026-09-25 05:38:25 CEST)" executed successfully
2026-09-25 04:38:25,820 [httpx] INFO: HTTP Request: GET https://api.msrc.microsoft.com/update-guide/rss "HTTP/1.1 200 OK"
2026-09-25 04:38:26,096 [httpx] INFO: HTTP Request: GET https://localhost/ocsapi/v1/computers/listID "HTTP/1.1 200 OK"
2026-09-25 04:38:26,297 [httpx] INFO: HTTP Request: GET https://services.nvd.nist.gov/rest/json/cves/2.0?lastModStartDate=2026-09-25T02%3A08%3A25.000&lastModEndDate=2026-09-25T02%3A38%3A25.000&cvssV3Severity=CRITICAL "HTTP/1.1 200 OK"
2026-09-25 04:38:26,300 [vuln-engine.nvd_delta] INFO: NVD delta: 0 critical CVE(s) since 2026-09-25T02:08:25.115278+00:00
2026-09-25 04:38:26,301 [apscheduler.executors.default] INFO: Job "NVD Delta Collector (trigger: interval[0:30:00], next run at: 2026-09-25 05:08:25 CEST)" executed successfully
2026-09-25 04:38:29,621 [vuln-engine.vendor_rss] INFO: Vendor RSS [microsoft_msrc]: parsed 5110 entries
2026-09-25 04:38:29,636 [httpx] INFO: HTTP Request: GET https://localhost/ocsapi/v1/computer/21/software "HTTP/1.1 200 OK"
2026-09-25 04:38:29,641 [httpx] INFO: HTTP Request: GET https://www.intersystems.com/support/product-alerts-advisories/ "HTTP/1.1 200 OK"
2026-09-25 04:38:29,707 [vuln-engine.intersystems] INFO: InterSystems: found 10 advisories on page
2026-09-25 04:38:29,707 [apscheduler.executors.default] INFO: Job "InterSystems Collector (trigger: interval[1:00:00], next run at: 2026-09-25 05:38:25 CEST)" executed successfully
2026-09-25 04:38:29,888 [httpx] INFO: HTTP Request: GET https://www.debian.org/security/dsa "HTTP/1.1 200 OK"
2026-09-25 04:38:29,929 [vuln-engine.vendor_rss] INFO: Vendor RSS [debian_dsa]: parsed 30 entries
2026-09-25 04:38:30,499 [httpx] INFO: HTTP Request: GET https://localhost/ocsapi/v1/computer/32/software "HTTP/1.1 200 OK"
2026-09-25 04:38:31,225 [httpx] INFO: HTTP Request: GET https://sec.cloudapps.cisco.com/security/center/psirtrss20/CiscoSecurityAdvisory.xml "HTTP/1.1 200 OK"
2026-09-25 04:38:31,450 [httpx] INFO: HTTP Request: GET https://localhost/ocsapi/v1/computer/33/software "HTTP/1.1 200 OK"
2026-09-25 04:38:31,631 [vuln-engine.vendor_rss] INFO: Vendor RSS [cisco]: parsed 50 entries
2026-09-25 04:38:31,631 [apscheduler.executors.default] INFO: Job "Vendor RSS Collector (trigger: interval[1:00:00], next run at: 2026-09-25 05:38:25 CEST)" executed successfully
2026-09-25 04:38:32,105 [httpx] INFO: HTTP Request: GET https://localhost/ocsapi/v1/computer/14/software "HTTP/1.1 200 OK"
2026-09-25 04:38:32,829 [httpx] INFO: HTTP Request: GET https://localhost/ocsapi/v1/computer/15/software "HTTP/1.1 200 OK"
2026-09-25 04:38:33,849 [httpx] INFO: HTTP Request: GET https://localhost/ocsapi/v1/computer/4/software "HTTP/1.1 200 OK"
2026-09-25 04:38:34,281 [httpx] INFO: HTTP Request: GET https://localhost/ocsapi/v1/computer/16/software "HTTP/1.1 200 OK"
2026-09-25 04:38:34,365 [httpx] INFO: HTTP Request: GET https://localhost/ocsapi/v1/computer/26/software "HTTP/1.1 200 OK"
2026-09-25 04:38:34,394 [httpx] INFO: HTTP Request: GET https://localhost/ocsapi/v1/computer/10/software "HTTP/1.1 200 OK"
2026-09-25 04:38:34,660 [httpx] INFO: HTTP Request: GET https://localhost/ocsapi/v1/computer/11/software "HTTP/1.1 200 OK"
2026-09-25 04:38:34,714 [httpx] INFO: HTTP Request: GET https://localhost/ocsapi/v1/computer/12/software "HTTP/1.1 200 OK"
2026-09-25 04:38:34,800 [httpx] INFO: HTTP Request: GET https://localhost/ocsapi/v1/computer/13/software "HTTP/1.1 200 OK"
2026-09-25 04:38:34,823 [vuln-engine.ocs_cache] INFO: OCS cache refreshed: 12 machines, 3811 unique packages
2026-09-25 04:38:34,824 [apscheduler.executors.default] INFO: Job "OCS Cache Refresh (trigger: interval[2:00:00], next run at: 2026-09-25 06:38:25 CEST)" executed successfully
2026-09-25 05:08:25,123 [apscheduler.executors.default] INFO: Running job "NVD Delta Collector (trigger: interval[0:30:00], next run at: 2026-09-25 05:38:25 CEST)" (scheduled at 2026-09-25 05:08:25.109517+02:00)
2026-09-25 05:08:25,130 [vuln-engine.scheduler] INFO: ⏰ Running NVD delta collector...
2026-09-25 05:08:26,411 [httpx] INFO: HTTP Request: GET https://services.nvd.nist.gov/rest/json/cves/2.0?lastModStartDate=2026-09-25T02%3A38%3A25.000&lastModEndDate=2026-09-25T03%3A08%3A25.000&cvssV3Severity=CRITICAL "HTTP/1.1 200 OK"
2026-09-25 05:08:26,415 [vuln-engine.nvd_delta] INFO: NVD delta: 0 critical CVE(s) since 2026-09-25T02:38:25.114350+00:00
2026-09-25 05:08:26,417 [apscheduler.executors.default] INFO: Job "NVD Delta Collector (trigger: interval[0:30:00], next run at: 2026-09-25 05:38:25 CEST)" executed successfully
2026-09-25 05:38:25,116 [apscheduler.executors.default] INFO: Running job "NVD Delta Collector (trigger: interval[0:30:00], next run at: 2026-09-25 06:08:25 CEST)" (scheduled at 2026-09-25 05:38:25.109517+02:00)
2026-09-25 05:38:25,118 [vuln-engine.scheduler] INFO: ⏰ Running NVD delta collector...
2026-09-25 05:38:25,157 [apscheduler.executors.default] INFO: Running job "CISA KEV Collector (trigger: interval[1:00:00], next run at: 2026-09-25 06:38:25 CEST)" (scheduled at 2026-09-25 05:38:25.109683+02:00)
2026-09-25 05:38:25,158 [vuln-engine.scheduler] INFO: ⏰ Running CISA KEV collector...
2026-09-25 05:38:25,189 [apscheduler.executors.default] INFO: Running job "InterSystems Collector (trigger: interval[1:00:00], next run at: 2026-09-25 06:38:25 CEST)" (scheduled at 2026-09-25 05:38:25.109837+02:00)
2026-09-25 05:38:25,190 [vuln-engine.scheduler] INFO: ⏰ Running InterSystems collector...
2026-09-25 05:38:25,225 [apscheduler.executors.default] INFO: Running job "Vendor RSS Collector (trigger: interval[1:00:00], next run at: 2026-09-25 06:38:25 CEST)" (scheduled at 2026-09-25 05:38:25.109958+02:00)
2026-09-25 05:38:25,227 [vuln-engine.scheduler] INFO: ⏰ Running Vendor RSS collector...
2026-09-25 05:38:25,369 [httpx] INFO: HTTP Request: GET https://www.cisa.gov/sites/default/files/feeds/known_exploited_vulnerabilities.json "HTTP/1.1 200 OK"
2026-09-25 05:38:25,585 [apscheduler.executors.default] INFO: Job "CISA KEV Collector (trigger: interval[1:00:00], next run at: 2026-09-25 06:38:25 CEST)" executed successfully
2026-09-25 05:38:25,860 [httpx] INFO: HTTP Request: GET https://api.msrc.microsoft.com/update-guide/rss "HTTP/1.1 200 OK"
2026-09-25 05:38:27,010 [httpx] INFO: HTTP Request: GET https://services.nvd.nist.gov/rest/json/cves/2.0?lastModStartDate=2026-09-25T03%3A08%3A25.000&lastModEndDate=2026-09-25T03%3A38%3A25.000&cvssV3Severity=CRITICAL "HTTP/1.1 200 OK"
2026-09-25 05:38:27,013 [vuln-engine.nvd_delta] INFO: NVD delta: 0 critical CVE(s) since 2026-09-25T03:08:25.130713+00:00
2026-09-25 05:38:27,013 [apscheduler.executors.default] INFO: Job "NVD Delta Collector (trigger: interval[0:30:00], next run at: 2026-09-25 06:08:25 CEST)" executed successfully
2026-09-25 05:38:30,310 [vuln-engine.vendor_rss] INFO: Vendor RSS [microsoft_msrc]: parsed 5110 entries
2026-09-25 05:38:30,331 [httpx] INFO: HTTP Request: GET https://www.intersystems.com/support/product-alerts-advisories/ "HTTP/1.1 200 OK"
2026-09-25 05:38:30,409 [vuln-engine.intersystems] INFO: InterSystems: found 10 advisories on page
2026-09-25 05:38:30,410 [apscheduler.executors.default] INFO: Job "InterSystems Collector (trigger: interval[1:00:00], next run at: 2026-09-25 06:38:25 CEST)" executed successfully
2026-09-25 05:38:30,590 [httpx] INFO: HTTP Request: GET https://www.debian.org/security/dsa "HTTP/1.1 200 OK"
2026-09-25 05:38:30,619 [vuln-engine.vendor_rss] INFO: Vendor RSS [debian_dsa]: parsed 30 entries
2026-09-25 05:38:32,089 [httpx] INFO: HTTP Request: GET https://sec.cloudapps.cisco.com/security/center/psirtrss20/CiscoSecurityAdvisory.xml "HTTP/1.1 200 OK"
2026-09-25 05:38:32,386 [vuln-engine.vendor_rss] INFO: Vendor RSS [cisco]: parsed 50 entries
2026-09-25 05:38:32,387 [apscheduler.executors.default] INFO: Job "Vendor RSS Collector (trigger: interval[1:00:00], next run at: 2026-09-25 06:38:25 CEST)" executed successfully
2026-09-25 06:08:25,113 [apscheduler.executors.default] INFO: Running job "NVD Delta Collector (trigger: interval[0:30:00], next run at: 2026-09-25 06:38:25 CEST)" (scheduled at 2026-09-25 06:08:25.109517+02:00)
2026-09-25 06:08:25,114 [vuln-engine.scheduler] INFO: ⏰ Running NVD delta collector...
2026-09-25 06:08:30,023 [httpx] INFO: HTTP Request: GET https://services.nvd.nist.gov/rest/json/cves/2.0?lastModStartDate=2026-09-25T03%3A38%3A25.000&lastModEndDate=2026-09-25T04%3A08%3A25.000&cvssV3Severity=CRITICAL "HTTP/1.1 200 OK"
2026-09-25 06:08:30,025 [vuln-engine.nvd_delta] INFO: NVD delta: 0 critical CVE(s) since 2026-09-25T03:38:25.118936+00:00
2026-09-25 06:08:30,025 [apscheduler.executors.default] INFO: Job "NVD Delta Collector (trigger: interval[0:30:00], next run at: 2026-09-25 06:38:25 CEST)" executed successfully
2026-09-25 06:38:25,112 [apscheduler.executors.default] INFO: Running job "NVD Delta Collector (trigger: interval[0:30:00], next run at: 2026-09-25 07:08:25 CEST)" (scheduled at 2026-09-25 06:38:25.109517+02:00)
2026-09-25 06:38:25,113 [vuln-engine.scheduler] INFO: ⏰ Running NVD delta collector...
2026-09-25 06:38:25,132 [apscheduler.executors.default] INFO: Running job "CISA KEV Collector (trigger: interval[1:00:00], next run at: 2026-09-25 07:38:25 CEST)" (scheduled at 2026-09-25 06:38:25.109683+02:00)
2026-09-25 06:38:25,132 [vuln-engine.scheduler] INFO: ⏰ Running CISA KEV collector...
2026-09-25 06:38:25,145 [apscheduler.executors.default] INFO: Running job "InterSystems Collector (trigger: interval[1:00:00], next run at: 2026-09-25 07:38:25 CEST)" (scheduled at 2026-09-25 06:38:25.109837+02:00)
2026-09-25 06:38:25,146 [vuln-engine.scheduler] INFO: ⏰ Running InterSystems collector...
2026-09-25 06:38:25,159 [apscheduler.executors.default] INFO: Running job "Vendor RSS Collector (trigger: interval[1:00:00], next run at: 2026-09-25 07:38:25 CEST)" (scheduled at 2026-09-25 06:38:25.109958+02:00)
2026-09-25 06:38:25,159 [vuln-engine.scheduler] INFO: ⏰ Running Vendor RSS collector...
2026-09-25 06:38:25,172 [apscheduler.executors.default] INFO: Running job "OCS Cache Refresh (trigger: interval[2:00:00], next run at: 2026-09-25 08:38:25 CEST)" (scheduled at 2026-09-25 06:38:25.110105+02:00)
2026-09-25 06:38:25,173 [vuln-engine.ocs_cache] INFO: Refreshing OCS inventory cache...
2026-09-25 06:38:25,207 [httpx] INFO: HTTP Request: GET https://localhost/ocsapi/v1/computers/listID "HTTP/1.1 200 OK"
2026-09-25 06:38:25,279 [httpx] INFO: HTTP Request: GET https://www.cisa.gov/sites/default/files/feeds/known_exploited_vulnerabilities.json "HTTP/1.1 200 OK"
2026-09-25 06:38:25,320 [apscheduler.executors.default] INFO: Job "CISA KEV Collector (trigger: interval[1:00:00], next run at: 2026-09-25 07:38:25 CEST)" executed successfully
2026-09-25 06:38:25,321 [httpx] INFO: HTTP Request: GET https://localhost/ocsapi/v1/computer/21/software "HTTP/1.1 200 OK"
2026-09-25 06:38:25,392 [httpx] INFO: HTTP Request: GET https://localhost/ocsapi/v1/computer/32/software "HTTP/1.1 200 OK"
2026-09-25 06:38:25,473 [httpx] INFO: HTTP Request: GET https://localhost/ocsapi/v1/computer/33/software "HTTP/1.1 200 OK"
2026-09-25 06:38:25,497 [httpx] INFO: HTTP Request: GET https://localhost/ocsapi/v1/computer/14/software "HTTP/1.1 200 OK"
2026-09-25 06:38:25,517 [httpx] INFO: HTTP Request: GET https://localhost/ocsapi/v1/computer/15/software "HTTP/1.1 200 OK"
2026-09-25 06:38:25,589 [httpx] INFO: HTTP Request: GET https://localhost/ocsapi/v1/computer/4/software "HTTP/1.1 200 OK"
2026-09-25 06:38:25,721 [httpx] INFO: HTTP Request: GET https://api.msrc.microsoft.com/update-guide/rss "HTTP/1.1 200 OK"
2026-09-25 06:38:25,832 [httpx] INFO: HTTP Request: GET https://localhost/ocsapi/v1/computer/16/software "HTTP/1.1 200 OK"
2026-09-25 06:38:25,877 [httpx] INFO: HTTP Request: GET https://localhost/ocsapi/v1/computer/26/software "HTTP/1.1 200 OK"
2026-09-25 06:38:25,895 [httpx] INFO: HTTP Request: GET https://localhost/ocsapi/v1/computer/10/software "HTTP/1.1 200 OK"
2026-09-25 06:38:25,962 [httpx] INFO: HTTP Request: GET https://localhost/ocsapi/v1/computer/11/software "HTTP/1.1 200 OK"
2026-09-25 06:38:25,989 [httpx] INFO: HTTP Request: GET https://localhost/ocsapi/v1/computer/12/software "HTTP/1.1 200 OK"
2026-09-25 06:38:26,004 [httpx] INFO: HTTP Request: GET https://localhost/ocsapi/v1/computer/13/software "HTTP/1.1 200 OK"
2026-09-25 06:38:26,021 [vuln-engine.ocs_cache] INFO: OCS cache refreshed: 12 machines, 3809 unique packages
2026-09-25 06:38:26,022 [apscheduler.executors.default] INFO: Job "OCS Cache Refresh (trigger: interval[2:00:00], next run at: 2026-09-25 08:38:25 CEST)" executed successfully
2026-09-25 06:38:26,394 [httpx] INFO: HTTP Request: GET https://services.nvd.nist.gov/rest/json/cves/2.0?lastModStartDate=2026-09-25T04%3A08%3A25.000&lastModEndDate=2026-09-25T04%3A38%3A25.000&cvssV3Severity=CRITICAL "HTTP/1.1 200 OK"
2026-09-25 06:38:26,396 [vuln-engine.nvd_delta] INFO: NVD delta: 0 critical CVE(s) since 2026-09-25T04:08:25.114955+00:00
2026-09-25 06:38:26,396 [apscheduler.executors.default] INFO: Job "NVD Delta Collector (trigger: interval[0:30:00], next run at: 2026-09-25 07:08:25 CEST)" executed successfully
2026-09-25 06:38:29,115 [vuln-engine.vendor_rss] INFO: Vendor RSS [microsoft_msrc]: parsed 5110 entries
2026-09-25 06:38:29,133 [httpx] INFO: HTTP Request: GET https://www.intersystems.com/support/product-alerts-advisories/ "HTTP/1.1 200 OK"
2026-09-25 06:38:29,142 [vuln-engine.intersystems] INFO: InterSystems: found 10 advisories on page
2026-09-25 06:38:29,143 [apscheduler.executors.default] INFO: Job "InterSystems Collector (trigger: interval[1:00:00], next run at: 2026-09-25 07:38:25 CEST)" executed successfully
2026-09-25 06:38:29,451 [httpx] INFO: HTTP Request: GET https://www.debian.org/security/dsa "HTTP/1.1 200 OK"
2026-09-25 06:38:29,477 [vuln-engine.vendor_rss] INFO: Vendor RSS [debian_dsa]: parsed 30 entries
2026-09-25 06:38:30,978 [httpx] INFO: HTTP Request: GET https://sec.cloudapps.cisco.com/security/center/psirtrss20/CiscoSecurityAdvisory.xml "HTTP/1.1 200 OK"
2026-09-25 06:38:31,349 [vuln-engine.vendor_rss] INFO: Vendor RSS [cisco]: parsed 50 entries
2026-09-25 06:38:31,349 [apscheduler.executors.default] INFO: Job "Vendor RSS Collector (trigger: interval[1:00:00], next run at: 2026-09-25 07:38:25 CEST)" executed successfully
2026-09-25 07:08:25,111 [apscheduler.executors.default] INFO: Running job "NVD Delta Collector (trigger: interval[0:30:00], next run at: 2026-09-25 07:38:25 CEST)" (scheduled at 2026-09-25 07:08:25.109517+02:00)
2026-09-25 07:08:25,112 [vuln-engine.scheduler] INFO: ⏰ Running NVD delta collector...
2026-09-25 07:08:26,762 [httpx] INFO: HTTP Request: GET https://services.nvd.nist.gov/rest/json/cves/2.0?lastModStartDate=2026-09-25T04%3A38%3A25.000&lastModEndDate=2026-09-25T05%3A08%3A25.000&cvssV3Severity=CRITICAL "HTTP/1.1 200 OK"
2026-09-25 07:08:26,763 [vuln-engine.nvd_delta] INFO: NVD delta: 0 critical CVE(s) since 2026-09-25T04:38:25.113982+00:00
2026-09-25 07:08:26,764 [apscheduler.executors.default] INFO: Job "NVD Delta Collector (trigger: interval[0:30:00], next run at: 2026-09-25 07:38:25 CEST)" executed successfully
2026-09-25 07:38:25,112 [apscheduler.executors.default] INFO: Running job "NVD Delta Collector (trigger: interval[0:30:00], next run at: 2026-09-25 08:08:25 CEST)" (scheduled at 2026-09-25 07:38:25.109517+02:00)
2026-09-25 07:38:25,113 [vuln-engine.scheduler] INFO: ⏰ Running NVD delta collector...
2026-09-25 07:38:25,131 [apscheduler.executors.default] INFO: Running job "CISA KEV Collector (trigger: interval[1:00:00], next run at: 2026-09-25 08:38:25 CEST)" (scheduled at 2026-09-25 07:38:25.109683+02:00)
2026-09-25 07:38:25,132 [vuln-engine.scheduler] INFO: ⏰ Running CISA KEV collector...
2026-09-25 07:38:25,146 [apscheduler.executors.default] INFO: Running job "InterSystems Collector (trigger: interval[1:00:00], next run at: 2026-09-25 08:38:25 CEST)" (scheduled at 2026-09-25 07:38:25.109837+02:00)
2026-09-25 07:38:25,146 [vuln-engine.scheduler] INFO: ⏰ Running InterSystems collector...
2026-09-25 07:38:25,159 [apscheduler.executors.default] INFO: Running job "Vendor RSS Collector (trigger: interval[1:00:00], next run at: 2026-09-25 08:38:25 CEST)" (scheduled at 2026-09-25 07:38:25.109958+02:00)
2026-09-25 07:38:25,160 [vuln-engine.scheduler] INFO: ⏰ Running Vendor RSS collector...
2026-09-25 07:38:25,275 [httpx] INFO: HTTP Request: GET https://www.cisa.gov/sites/default/files/feeds/known_exploited_vulnerabilities.json "HTTP/1.1 200 OK"
2026-09-25 07:38:25,315 [apscheduler.executors.default] INFO: Job "CISA KEV Collector (trigger: interval[1:00:00], next run at: 2026-09-25 08:38:25 CEST)" executed successfully
2026-09-25 07:38:26,050 [httpx] INFO: HTTP Request: GET https://api.msrc.microsoft.com/update-guide/rss "HTTP/1.1 200 OK"
2026-09-25 07:38:26,985 [httpx] INFO: HTTP Request: GET https://services.nvd.nist.gov/rest/json/cves/2.0?lastModStartDate=2026-09-25T05%3A08%3A25.000&lastModEndDate=2026-09-25T05%3A38%3A25.000&cvssV3Severity=CRITICAL "HTTP/1.1 200 OK"
2026-09-25 07:38:26,987 [vuln-engine.nvd_delta] INFO: NVD delta: 0 critical CVE(s) since 2026-09-25T05:08:25.112406+00:00
2026-09-25 07:38:26,987 [apscheduler.executors.default] INFO: Job "NVD Delta Collector (trigger: interval[0:30:00], next run at: 2026-09-25 08:08:25 CEST)" executed successfully
2026-09-25 07:38:30,329 [vuln-engine.vendor_rss] INFO: Vendor RSS [microsoft_msrc]: parsed 5110 entries
2026-09-25 07:38:30,352 [httpx] INFO: HTTP Request: GET https://www.intersystems.com/support/product-alerts-advisories/ "HTTP/1.1 200 OK"
2026-09-25 07:38:30,362 [vuln-engine.intersystems] INFO: InterSystems: found 10 advisories on page
2026-09-25 07:38:30,362 [apscheduler.executors.default] INFO: Job "InterSystems Collector (trigger: interval[1:00:00], next run at: 2026-09-25 08:38:25 CEST)" executed successfully
2026-09-25 07:38:30,579 [httpx] INFO: HTTP Request: GET https://www.debian.org/security/dsa "HTTP/1.1 200 OK"
2026-09-25 07:38:30,608 [vuln-engine.vendor_rss] INFO: Vendor RSS [debian_dsa]: parsed 30 entries
2026-09-25 07:38:31,994 [httpx] INFO: HTTP Request: GET https://sec.cloudapps.cisco.com/security/center/psirtrss20/CiscoSecurityAdvisory.xml "HTTP/1.1 200 OK"
2026-09-25 07:38:32,282 [vuln-engine.vendor_rss] INFO: Vendor RSS [cisco]: parsed 50 entries
2026-09-25 07:38:32,282 [apscheduler.executors.default] INFO: Job "Vendor RSS Collector (trigger: interval[1:00:00], next run at: 2026-09-25 08:38:25 CEST)" executed successfully
2026-09-25 08:08:25,111 [apscheduler.executors.default] INFO: Running job "NVD Delta Collector (trigger: interval[0:30:00], next run at: 2026-09-25 08:38:25 CEST)" (scheduled at 2026-09-25 08:08:25.109517+02:00)
2026-09-25 08:08:25,112 [vuln-engine.scheduler] INFO: ⏰ Running NVD delta collector...
2026-09-25 08:08:26,644 [httpx] INFO: HTTP Request: GET https://services.nvd.nist.gov/rest/json/cves/2.0?lastModStartDate=2026-09-25T05%3A38%3A25.000&lastModEndDate=2026-09-25T06%3A08%3A25.000&cvssV3Severity=CRITICAL "HTTP/1.1 200 OK"
2026-09-25 08:08:26,646 [vuln-engine.nvd_delta] INFO: NVD delta: 0 critical CVE(s) since 2026-09-25T05:38:25.113733+00:00
2026-09-25 08:08:26,646 [apscheduler.executors.default] INFO: Job "NVD Delta Collector (trigger: interval[0:30:00], next run at: 2026-09-25 08:38:25 CEST)" executed successfully
2026-09-25 08:38:25,112 [apscheduler.executors.default] INFO: Running job "NVD Delta Collector (trigger: interval[0:30:00], next run at: 2026-09-25 09:08:25 CEST)" (scheduled at 2026-09-25 08:38:25.109517+02:00)
2026-09-25 08:38:25,113 [vuln-engine.scheduler] INFO: ⏰ Running NVD delta collector...
2026-09-25 08:38:25,132 [apscheduler.executors.default] INFO: Running job "CISA KEV Collector (trigger: interval[1:00:00], next run at: 2026-09-25 09:38:25 CEST)" (scheduled at 2026-09-25 08:38:25.109683+02:00)
2026-09-25 08:38:25,132 [vuln-engine.scheduler] INFO: ⏰ Running CISA KEV collector...
2026-09-25 08:38:25,147 [apscheduler.executors.default] INFO: Running job "InterSystems Collector (trigger: interval[1:00:00], next run at: 2026-09-25 09:38:25 CEST)" (scheduled at 2026-09-25 08:38:25.109837+02:00)
2026-09-25 08:38:25,147 [vuln-engine.scheduler] INFO: ⏰ Running InterSystems collector...
2026-09-25 08:38:25,159 [apscheduler.executors.default] INFO: Running job "Vendor RSS Collector (trigger: interval[1:00:00], next run at: 2026-09-25 09:38:25 CEST)" (scheduled at 2026-09-25 08:38:25.109958+02:00)
2026-09-25 08:38:25,160 [vuln-engine.scheduler] INFO: ⏰ Running Vendor RSS collector...
2026-09-25 08:38:25,172 [apscheduler.executors.default] INFO: Running job "OCS Cache Refresh (trigger: interval[2:00:00], next run at: 2026-09-25 10:38:25 CEST)" (scheduled at 2026-09-25 08:38:25.110105+02:00)
2026-09-25 08:38:25,172 [vuln-engine.ocs_cache] INFO: Refreshing OCS inventory cache...
2026-09-25 08:38:25,200 [httpx] INFO: HTTP Request: GET https://localhost/ocsapi/v1/computers/listID "HTTP/1.1 200 OK"
2026-09-25 08:38:25,267 [httpx] INFO: HTTP Request: GET https://localhost/ocsapi/v1/computer/21/software "HTTP/1.1 200 OK"
2026-09-25 08:38:25,287 [httpx] INFO: HTTP Request: GET https://www.cisa.gov/sites/default/files/feeds/known_exploited_vulnerabilities.json "HTTP/1.1 200 OK"
2026-09-25 08:38:25,324 [apscheduler.executors.default] INFO: Job "CISA KEV Collector (trigger: interval[1:00:00], next run at: 2026-09-25 09:38:25 CEST)" executed successfully
2026-09-25 08:38:25,337 [httpx] INFO: HTTP Request: GET https://localhost/ocsapi/v1/computer/32/software "HTTP/1.1 200 OK"
2026-09-25 08:38:25,375 [httpx] INFO: HTTP Request: GET https://localhost/ocsapi/v1/computer/33/software "HTTP/1.1 200 OK"
2026-09-25 08:38:25,398 [httpx] INFO: HTTP Request: GET https://localhost/ocsapi/v1/computer/14/software "HTTP/1.1 200 OK"
2026-09-25 08:38:25,417 [httpx] INFO: HTTP Request: GET https://localhost/ocsapi/v1/computer/15/software "HTTP/1.1 200 OK"
2026-09-25 08:38:25,486 [httpx] INFO: HTTP Request: GET https://localhost/ocsapi/v1/computer/4/software "HTTP/1.1 200 OK"
2026-09-25 08:38:25,538 [httpx] INFO: HTTP Request: GET https://localhost/ocsapi/v1/computer/16/software "HTTP/1.1 200 OK"
2026-09-25 08:38:25,578 [httpx] INFO: HTTP Request: GET https://localhost/ocsapi/v1/computer/26/software "HTTP/1.1 200 OK"
2026-09-25 08:38:25,602 [httpx] INFO: HTTP Request: GET https://localhost/ocsapi/v1/computer/10/software "HTTP/1.1 200 OK"
2026-09-25 08:38:25,656 [httpx] INFO: HTTP Request: GET https://localhost/ocsapi/v1/computer/11/software "HTTP/1.1 200 OK"
2026-09-25 08:38:25,687 [httpx] INFO: HTTP Request: GET https://localhost/ocsapi/v1/computer/12/software "HTTP/1.1 200 OK"
2026-09-25 08:38:25,699 [httpx] INFO: HTTP Request: GET https://localhost/ocsapi/v1/computer/13/software "HTTP/1.1 200 OK"
2026-09-25 08:38:25,703 [vuln-engine.ocs_cache] INFO: OCS cache refreshed: 12 machines, 3809 unique packages
2026-09-25 08:38:25,703 [apscheduler.executors.default] INFO: Job "OCS Cache Refresh (trigger: interval[2:00:00], next run at: 2026-09-25 10:38:25 CEST)" executed successfully
2026-09-25 08:38:25,829 [httpx] INFO: HTTP Request: GET https://api.msrc.microsoft.com/update-guide/rss "HTTP/1.1 200 OK"
2026-09-25 08:38:26,561 [httpx] INFO: HTTP Request: GET https://services.nvd.nist.gov/rest/json/cves/2.0?lastModStartDate=2026-09-25T06%3A08%3A25.000&lastModEndDate=2026-09-25T06%3A38%3A25.000&cvssV3Severity=CRITICAL "HTTP/1.1 200 OK"
2026-09-25 08:38:26,563 [vuln-engine.nvd_delta] INFO: NVD delta: 0 critical CVE(s) since 2026-09-25T06:08:25.112129+00:00
2026-09-25 08:38:26,563 [apscheduler.executors.default] INFO: Job "NVD Delta Collector (trigger: interval[0:30:00], next run at: 2026-09-25 09:08:25 CEST)" executed successfully
2026-09-25 08:38:29,309 [vuln-engine.vendor_rss] INFO: Vendor RSS [microsoft_msrc]: parsed 5110 entries
2026-09-25 08:38:29,325 [httpx] INFO: HTTP Request: GET https://www.intersystems.com/support/product-alerts-advisories/ "HTTP/1.1 200 OK"
2026-09-25 08:38:29,336 [vuln-engine.intersystems] INFO: InterSystems: found 10 advisories on page
2026-09-25 08:38:29,336 [apscheduler.executors.default] INFO: Job "InterSystems Collector (trigger: interval[1:00:00], next run at: 2026-09-25 09:38:25 CEST)" executed successfully
2026-09-25 08:38:29,420 [httpx] INFO: HTTP Request: GET https://www.debian.org/security/dsa "HTTP/1.1 200 OK"
2026-09-25 08:38:29,446 [vuln-engine.vendor_rss] INFO: Vendor RSS [debian_dsa]: parsed 30 entries
2026-09-25 08:38:30,855 [httpx] INFO: HTTP Request: GET https://sec.cloudapps.cisco.com/security/center/psirtrss20/CiscoSecurityAdvisory.xml "HTTP/1.1 200 OK"
2026-09-25 08:38:31,146 [vuln-engine.vendor_rss] INFO: Vendor RSS [cisco]: parsed 50 entries
2026-09-25 08:38:31,146 [apscheduler.executors.default] INFO: Job "Vendor RSS Collector (trigger: interval[1:00:00], next run at: 2026-09-25 09:38:25 CEST)" executed successfully
2026-09-25 09:08:25,111 [apscheduler.executors.default] INFO: Running job "NVD Delta Collector (trigger: interval[0:30:00], next run at: 2026-09-25 09:38:25 CEST)" (scheduled at 2026-09-25 09:08:25.109517+02:00)
2026-09-25 09:08:25,111 [vuln-engine.scheduler] INFO: ⏰ Running NVD delta collector...
2026-09-25 09:08:26,848 [httpx] INFO: HTTP Request: GET https://services.nvd.nist.gov/rest/json/cves/2.0?lastModStartDate=2026-09-25T06%3A38%3A25.000&lastModEndDate=2026-09-25T07%3A08%3A25.000&cvssV3Severity=CRITICAL "HTTP/1.1 200 OK"
2026-09-25 09:08:26,850 [vuln-engine.nvd_delta] INFO: NVD delta: 0 critical CVE(s) since 2026-09-25T06:38:25.113696+00:00
2026-09-25 09:08:26,850 [apscheduler.executors.default] INFO: Job "NVD Delta Collector (trigger: interval[0:30:00], next run at: 2026-09-25 09:38:25 CEST)" executed successfully
2026-09-25 09:38:25,113 [apscheduler.executors.default] INFO: Running job "NVD Delta Collector (trigger: interval[0:30:00], next run at: 2026-09-25 10:08:25 CEST)" (scheduled at 2026-09-25 09:38:25.109517+02:00)
2026-09-25 09:38:25,114 [vuln-engine.scheduler] INFO: ⏰ Running NVD delta collector...
2026-09-25 09:38:25,132 [apscheduler.executors.default] INFO: Running job "CISA KEV Collector (trigger: interval[1:00:00], next run at: 2026-09-25 10:38:25 CEST)" (scheduled at 2026-09-25 09:38:25.109683+02:00)
2026-09-25 09:38:25,132 [vuln-engine.scheduler] INFO: ⏰ Running CISA KEV collector...
2026-09-25 09:38:25,145 [apscheduler.executors.default] INFO: Running job "InterSystems Collector (trigger: interval[1:00:00], next run at: 2026-09-25 10:38:25 CEST)" (scheduled at 2026-09-25 09:38:25.109837+02:00)
2026-09-25 09:38:25,146 [vuln-engine.scheduler] INFO: ⏰ Running InterSystems collector...
2026-09-25 09:38:25,160 [apscheduler.executors.default] INFO: Running job "Vendor RSS Collector (trigger: interval[1:00:00], next run at: 2026-09-25 10:38:25 CEST)" (scheduled at 2026-09-25 09:38:25.109958+02:00)
2026-09-25 09:38:25,160 [vuln-engine.scheduler] INFO: ⏰ Running Vendor RSS collector...
2026-09-25 09:38:25,277 [httpx] INFO: HTTP Request: GET https://www.cisa.gov/sites/default/files/feeds/known_exploited_vulnerabilities.json "HTTP/1.1 200 OK"
2026-09-25 09:38:25,316 [apscheduler.executors.default] INFO: Job "CISA KEV Collector (trigger: interval[1:00:00], next run at: 2026-09-25 10:38:25 CEST)" executed successfully
2026-09-25 09:38:25,727 [httpx] INFO: HTTP Request: GET https://api.msrc.microsoft.com/update-guide/rss "HTTP/1.1 200 OK"
2026-09-25 09:38:26,617 [httpx] INFO: HTTP Request: GET https://services.nvd.nist.gov/rest/json/cves/2.0?lastModStartDate=2026-09-25T07%3A08%3A25.000&lastModEndDate=2026-09-25T07%3A38%3A25.000&cvssV3Severity=CRITICAL "HTTP/1.1 200 OK"
2026-09-25 09:38:26,619 [vuln-engine.nvd_delta] INFO: NVD delta: 3 critical CVE(s) since 2026-09-25T07:08:25.112100+00:00
2026-09-25 09:38:26,620 [vuln-engine.matching] INFO: Matching: 0/3 alerts matched
2026-09-25 09:38:26,621 [apscheduler.executors.default] INFO: Job "NVD Delta Collector (trigger: interval[0:30:00], next run at: 2026-09-25 10:08:25 CEST)" executed successfully
2026-09-25 09:38:29,282 [vuln-engine.vendor_rss] INFO: Vendor RSS [microsoft_msrc]: parsed 5109 entries
2026-09-25 09:38:29,299 [httpx] INFO: HTTP Request: GET https://www.intersystems.com/support/product-alerts-advisories/ "HTTP/1.1 200 OK"
2026-09-25 09:38:29,310 [vuln-engine.intersystems] INFO: InterSystems: found 10 advisories on page
2026-09-25 09:38:29,310 [apscheduler.executors.default] INFO: Job "InterSystems Collector (trigger: interval[1:00:00], next run at: 2026-09-25 10:38:25 CEST)" executed successfully
2026-09-25 09:38:29,410 [httpx] INFO: HTTP Request: GET https://www.debian.org/security/dsa "HTTP/1.1 200 OK"
2026-09-25 09:38:29,437 [vuln-engine.vendor_rss] INFO: Vendor RSS [debian_dsa]: parsed 30 entries
2026-09-25 09:38:30,357 [httpx] INFO: HTTP Request: GET https://sec.cloudapps.cisco.com/security/center/psirtrss20/CiscoSecurityAdvisory.xml "HTTP/1.1 200 OK"
2026-09-25 09:38:30,649 [vuln-engine.vendor_rss] INFO: Vendor RSS [cisco]: parsed 50 entries
2026-09-25 09:38:30,649 [apscheduler.executors.default] INFO: Job "Vendor RSS Collector (trigger: interval[1:00:00], next run at: 2026-09-25 10:38:25 CEST)" executed successfully
2026-09-25 09:57:54,183 [apscheduler.scheduler] INFO: Scheduler has been shut down
2026-09-25 09:57:54,974 [apscheduler.scheduler] INFO: Adding job tentatively -- it will be properly scheduled when the scheduler starts
2026-09-25 09:57:54,974 [apscheduler.scheduler] INFO: Adding job tentatively -- it will be properly scheduled when the scheduler starts
2026-09-25 09:57:54,974 [apscheduler.scheduler] INFO: Adding job tentatively -- it will be properly scheduled when the scheduler starts
2026-09-25 09:57:54,974 [apscheduler.scheduler] INFO: Adding job tentatively -- it will be properly scheduled when the scheduler starts
2026-09-25 09:57:54,974 [apscheduler.scheduler] INFO: Adding job tentatively -- it will be properly scheduled when the scheduler starts
2026-09-25 09:57:54,975 [apscheduler.scheduler] INFO: Adding job tentatively -- it will be properly scheduled when the scheduler starts
2026-09-25 09:57:54,975 [apscheduler.scheduler] INFO: Added job "refresh_ocs" to job store "default"
2026-09-25 09:57:54,975 [apscheduler.scheduler] INFO: Added job "NVD Delta Collector" to job store "default"
2026-09-25 09:57:54,976 [apscheduler.scheduler] INFO: Added job "CISA KEV Collector" to job store "default"
2026-09-25 09:57:54,976 [apscheduler.scheduler] INFO: Added job "InterSystems Collector" to job store "default"
2026-09-25 09:57:54,976 [apscheduler.scheduler] INFO: Added job "Vendor RSS Collector" to job store "default"
2026-09-25 09:57:54,976 [apscheduler.scheduler] INFO: Added job "OCS Cache Refresh" to job store "default"
2026-09-25 09:57:54,976 [apscheduler.scheduler] INFO: Scheduler started
2026-09-25 09:57:54,976 [vuln-engine.scheduler] INFO: Scheduler started with all collectors
2026-09-25 09:57:54,976 [apscheduler.scheduler] INFO: Removed job eae591d8c45540b99ee17a08a1e54215
2026-09-25 09:57:54,977 [apscheduler.executors.default] INFO: Running job "refresh_ocs (trigger: date[2026-09-25 09:57:54 CEST], next run at: 2026-09-25 09:57:54 CEST)" (scheduled at 2026-09-25 09:57:54.974059+02:00)
2026-09-25 09:57:54,977 [vuln-engine.ocs_cache] INFO: Refreshing OCS inventory cache...
2026-09-25 09:57:55,019 [httpx] INFO: HTTP Request: GET https://localhost/ocsapi/v1/computers/listID "HTTP/1.1 200 OK"
2026-09-25 09:57:55,072 [httpx] INFO: HTTP Request: GET https://localhost/ocsapi/v1/computer/21/software "HTTP/1.1 200 OK"
2026-09-25 09:57:55,124 [httpx] INFO: HTTP Request: GET https://localhost/ocsapi/v1/computer/32/software "HTTP/1.1 200 OK"
2026-09-25 09:57:55,165 [httpx] INFO: HTTP Request: GET https://localhost/ocsapi/v1/computer/33/software "HTTP/1.1 200 OK"
2026-09-25 09:57:55,186 [httpx] INFO: HTTP Request: GET https://localhost/ocsapi/v1/computer/14/software "HTTP/1.1 200 OK"
2026-09-25 09:57:55,205 [httpx] INFO: HTTP Request: GET https://localhost/ocsapi/v1/computer/15/software "HTTP/1.1 200 OK"
2026-09-25 09:57:55,264 [httpx] INFO: HTTP Request: GET https://localhost/ocsapi/v1/computer/4/software "HTTP/1.1 200 OK"
2026-09-25 09:57:55,310 [httpx] INFO: HTTP Request: GET https://localhost/ocsapi/v1/computer/16/software "HTTP/1.1 200 OK"
2026-09-25 09:57:55,351 [httpx] INFO: HTTP Request: GET https://localhost/ocsapi/v1/computer/26/software "HTTP/1.1 200 OK"
2026-09-25 09:57:55,370 [httpx] INFO: HTTP Request: GET https://localhost/ocsapi/v1/computer/10/software "HTTP/1.1 200 OK"
2026-09-25 09:57:55,448 [httpx] INFO: HTTP Request: GET https://localhost/ocsapi/v1/computer/11/software "HTTP/1.1 200 OK"
2026-09-25 09:57:55,472 [httpx] INFO: HTTP Request: GET https://localhost/ocsapi/v1/computer/12/software "HTTP/1.1 200 OK"
2026-09-25 09:57:55,484 [httpx] INFO: HTTP Request: GET https://localhost/ocsapi/v1/computer/13/software "HTTP/1.1 200 OK"
2026-09-25 09:57:55,486 [vuln-engine.ocs_cache] INFO: OCS cache refreshed: 12 machines, 3809 unique packages
2026-09-25 09:57:55,486 [apscheduler.executors.default] INFO: Job "refresh_ocs (trigger: date[2026-09-25 09:57:54 CEST], next run at: 2026-09-25 09:57:54 CEST)" executed successfully
2026-09-25 10:27:54,976 [apscheduler.executors.default] INFO: Running job "NVD Delta Collector (trigger: interval[0:30:00], next run at: 2026-09-25 10:57:54 CEST)" (scheduled at 2026-09-25 10:27:54.974422+02:00)
2026-09-25 10:27:54,977 [vuln-engine.scheduler] INFO: ⏰ Running NVD delta collector...
2026-09-25 10:28:00,392 [httpx] INFO: HTTP Request: GET https://services.nvd.nist.gov/rest/json/cves/2.0?lastModStartDate=2026-09-25T06%3A57%3A54.000&lastModEndDate=2026-09-25T08%3A27%3A54.000&cvssV3Severity=CRITICAL "HTTP/1.1 200 OK"
2026-09-25 10:28:00,395 [vuln-engine.nvd_delta] INFO: NVD delta: 3 critical CVE(s) since 2026-09-25T06:57:54.886173+00:00
2026-09-25 10:28:00,396 [vuln-engine.matching] INFO: Matching: 0/3 alerts matched
2026-09-25 10:28:00,396 [apscheduler.executors.default] INFO: Job "NVD Delta Collector (trigger: interval[0:30:00], next run at: 2026-09-25 10:57:54 CEST)" executed successfully
2026-09-25 10:57:54,977 [apscheduler.executors.default] INFO: Running job "NVD Delta Collector (trigger: interval[0:30:00], next run at: 2026-09-25 11:27:54 CEST)" (scheduled at 2026-09-25 10:57:54.974422+02:00)
2026-09-25 10:57:54,979 [vuln-engine.scheduler] INFO: ⏰ Running NVD delta collector...
2026-09-25 10:57:55,002 [apscheduler.executors.default] INFO: Running job "CISA KEV Collector (trigger: interval[1:00:00], next run at: 2026-09-25 11:57:54 CEST)" (scheduled at 2026-09-25 10:57:54.974597+02:00)
2026-09-25 10:57:55,002 [vuln-engine.scheduler] INFO: ⏰ Running CISA KEV collector...
2026-09-25 10:57:55,014 [apscheduler.executors.default] INFO: Running job "InterSystems Collector (trigger: interval[1:00:00], next run at: 2026-09-25 11:57:54 CEST)" (scheduled at 2026-09-25 10:57:54.974735+02:00)
2026-09-25 10:57:55,015 [vuln-engine.scheduler] INFO: ⏰ Running InterSystems collector...
2026-09-25 10:57:55,027 [apscheduler.executors.default] INFO: Running job "Vendor RSS Collector (trigger: interval[1:00:00], next run at: 2026-09-25 11:57:54 CEST)" (scheduled at 2026-09-25 10:57:54.974861+02:00)
2026-09-25 10:57:55,027 [vuln-engine.scheduler] INFO: ⏰ Running Vendor RSS collector...
2026-09-25 10:57:55,138 [httpx] INFO: HTTP Request: GET https://www.cisa.gov/sites/default/files/feeds/known_exploited_vulnerabilities.json "HTTP/1.1 200 OK"
2026-09-25 10:57:55,169 [vuln-engine.cisa_kev] INFO: CISA KEV: initial load, 1723 CVEs catalogued
2026-09-25 10:57:55,170 [apscheduler.executors.default] INFO: Job "CISA KEV Collector (trigger: interval[1:00:00], next run at: 2026-09-25 11:57:54 CEST)" executed successfully
2026-09-25 10:57:55,663 [httpx] INFO: HTTP Request: GET https://api.msrc.microsoft.com/update-guide/rss "HTTP/1.1 200 OK"
2026-09-25 10:57:56,485 [httpx] INFO: HTTP Request: GET https://services.nvd.nist.gov/rest/json/cves/2.0?lastModStartDate=2026-09-25T08%3A27%3A54.000&lastModEndDate=2026-09-25T08%3A57%3A54.000&cvssV3Severity=CRITICAL "HTTP/1.1 200 OK"
2026-09-25 10:57:56,487 [vuln-engine.nvd_delta] INFO: NVD delta: 0 critical CVE(s) since 2026-09-25T08:27:54.977454+00:00
2026-09-25 10:57:56,487 [apscheduler.executors.default] INFO: Job "NVD Delta Collector (trigger: interval[0:30:00], next run at: 2026-09-25 11:27:54 CEST)" executed successfully
2026-09-25 10:57:59,179 [vuln-engine.vendor_rss] INFO: Vendor RSS [microsoft_msrc]: parsed 5109 entries
2026-09-25 10:57:59,194 [httpx] INFO: HTTP Request: GET https://www.intersystems.com/support/product-alerts-advisories/ "HTTP/1.1 200 OK"
2026-09-25 10:57:59,202 [vuln-engine.intersystems] INFO: InterSystems: found 10 advisories on page
2026-09-25 10:57:59,202 [vuln-engine.intersystems] INFO: InterSystems: initial load, 10 advisories catalogued
2026-09-25 10:57:59,202 [apscheduler.executors.default] INFO: Job "InterSystems Collector (trigger: interval[1:00:00], next run at: 2026-09-25 11:57:54 CEST)" executed successfully
2026-09-25 10:57:59,306 [httpx] INFO: HTTP Request: GET https://www.debian.org/security/dsa "HTTP/1.1 200 OK"
2026-09-25 10:57:59,332 [vuln-engine.vendor_rss] INFO: Vendor RSS [debian_dsa]: parsed 30 entries
2026-09-25 10:58:00,808 [httpx] INFO: HTTP Request: GET https://sec.cloudapps.cisco.com/security/center/psirtrss20/CiscoSecurityAdvisory.xml "HTTP/1.1 200 OK"
2026-09-25 10:58:01,112 [vuln-engine.vendor_rss] INFO: Vendor RSS [cisco]: parsed 50 entries
2026-09-25 10:58:01,150 [httpx] INFO: HTTP Request: GET https://www.cert.ssi.gouv.fr/avis/feed/ "HTTP/1.1 200 OK"
2026-09-25 10:58:01,169 [vuln-engine.vendor_rss] INFO: Vendor RSS [certfr_avis]: parsed 40 entries
2026-09-25 10:58:01,199 [httpx] INFO: HTTP Request: GET https://www.cert.ssi.gouv.fr/alerte/feed/ "HTTP/1.1 200 OK"
2026-09-25 10:58:01,218 [vuln-engine.vendor_rss] INFO: Vendor RSS [certfr_alertes]: parsed 40 entries
2026-09-25 10:58:01,450 [httpx] INFO: HTTP Request: GET https://cert.europa.eu/publications/security-advisories-rss "HTTP/1.1 200 OK"
2026-09-25 10:58:01,457 [vuln-engine.vendor_rss] INFO: Vendor RSS [cert_eu]: parsed 10 entries
2026-09-25 10:58:01,764 [httpx] INFO: HTTP Request: GET https://ubuntu.com/security/notices/rss.xml "HTTP/1.1 200 OK"
2026-09-25 10:58:01,770 [vuln-engine.vendor_rss] INFO: Vendor RSS [ubuntu]: parsed 10 entries
2026-09-25 10:58:02,046 [httpx] INFO: HTTP Request: GET https://access.redhat.com/errata-search/feed/?q=*&advisory_type=Security+Advisory&severity=Critical "HTTP/1.1 200 OK"
2026-09-25 10:58:02,095 [vuln-engine.vendor_rss] INFO: Vendor RSS [redhat]: parsed 0 entries
2026-09-25 10:58:02,096 [vuln-engine.vendor_rss] WARNING: Vendor RSS: 47 new HIGH+/zero-day advisory(ies)
2026-09-25 10:58:02,096 [vuln-engine.matching] INFO: Matching: 0/47 alerts matched
2026-09-25 10:58:02,096 [apscheduler.executors.default] INFO: Job "Vendor RSS Collector (trigger: interval[1:00:00], next run at: 2026-09-25 11:57:54 CEST)" executed successfully
2026-09-25 11:27:54,976 [apscheduler.executors.default] INFO: Running job "NVD Delta Collector (trigger: interval[0:30:00], next run at: 2026-09-25 11:57:54 CEST)" (scheduled at 2026-09-25 11:27:54.974422+02:00)
2026-09-25 11:27:54,977 [vuln-engine.scheduler] INFO: ⏰ Running NVD delta collector...
2026-09-25 11:27:56,212 [httpx] INFO: HTTP Request: GET https://services.nvd.nist.gov/rest/json/cves/2.0?lastModStartDate=2026-09-25T08%3A57%3A54.000&lastModEndDate=2026-09-25T09%3A27%3A54.000&cvssV3Severity=CRITICAL "HTTP/1.1 200 OK"
2026-09-25 11:27:56,214 [vuln-engine.nvd_delta] INFO: NVD delta: 0 critical CVE(s) since 2026-09-25T08:57:54.979630+00:00
2026-09-25 11:27:56,215 [apscheduler.executors.default] INFO: Job "NVD Delta Collector (trigger: interval[0:30:00], next run at: 2026-09-25 11:57:54 CEST)" executed successfully
2026-09-25 11:57:54,976 [apscheduler.executors.default] INFO: Running job "NVD Delta Collector (trigger: interval[0:30:00], next run at: 2026-09-25 12:27:54 CEST)" (scheduled at 2026-09-25 11:57:54.974422+02:00)
2026-09-25 11:57:54,977 [vuln-engine.scheduler] INFO: ⏰ Running NVD delta collector...
2026-09-25 11:57:54,995 [apscheduler.executors.default] INFO: Running job "CISA KEV Collector (trigger: interval[1:00:00], next run at: 2026-09-25 12:57:54 CEST)" (scheduled at 2026-09-25 11:57:54.974597+02:00)
2026-09-25 11:57:54,996 [vuln-engine.scheduler] INFO: ⏰ Running CISA KEV collector...
2026-09-25 11:57:55,008 [apscheduler.executors.default] INFO: Running job "InterSystems Collector (trigger: interval[1:00:00], next run at: 2026-09-25 12:57:54 CEST)" (scheduled at 2026-09-25 11:57:54.974735+02:00)
2026-09-25 11:57:55,009 [vuln-engine.scheduler] INFO: ⏰ Running InterSystems collector...
2026-09-25 11:57:55,022 [apscheduler.executors.default] INFO: Running job "Vendor RSS Collector (trigger: interval[1:00:00], next run at: 2026-09-25 12:57:54 CEST)" (scheduled at 2026-09-25 11:57:54.974861+02:00)
2026-09-25 11:57:55,022 [vuln-engine.scheduler] INFO: ⏰ Running Vendor RSS collector...
2026-09-25 11:57:55,035 [apscheduler.executors.default] INFO: Running job "OCS Cache Refresh (trigger: interval[2:00:00], next run at: 2026-09-25 13:57:54 CEST)" (scheduled at 2026-09-25 11:57:54.974982+02:00)
2026-09-25 11:57:55,035 [vuln-engine.ocs_cache] INFO: Refreshing OCS inventory cache...
2026-09-25 11:57:55,069 [httpx] INFO: HTTP Request: GET https://localhost/ocsapi/v1/computers/listID "HTTP/1.1 200 OK"
2026-09-25 11:57:55,130 [httpx] INFO: HTTP Request: GET https://localhost/ocsapi/v1/computer/21/software "HTTP/1.1 200 OK"
2026-09-25 11:57:55,142 [httpx] INFO: HTTP Request: GET https://www.cisa.gov/sites/default/files/feeds/known_exploited_vulnerabilities.json "HTTP/1.1 200 OK"
2026-09-25 11:57:55,173 [apscheduler.executors.default] INFO: Job "CISA KEV Collector (trigger: interval[1:00:00], next run at: 2026-09-25 12:57:54 CEST)" executed successfully
2026-09-25 11:57:55,186 [httpx] INFO: HTTP Request: GET https://localhost/ocsapi/v1/computer/32/software "HTTP/1.1 200 OK"
2026-09-25 11:57:55,232 [httpx] INFO: HTTP Request: GET https://localhost/ocsapi/v1/computer/33/software "HTTP/1.1 200 OK"
2026-09-25 11:57:55,257 [httpx] INFO: HTTP Request: GET https://localhost/ocsapi/v1/computer/14/software "HTTP/1.1 200 OK"
2026-09-25 11:57:55,276 [httpx] INFO: HTTP Request: GET https://localhost/ocsapi/v1/computer/15/software "HTTP/1.1 200 OK"
2026-09-25 11:57:55,336 [httpx] INFO: HTTP Request: GET https://localhost/ocsapi/v1/computer/4/software "HTTP/1.1 200 OK"
2026-09-25 11:57:55,383 [httpx] INFO: HTTP Request: GET https://localhost/ocsapi/v1/computer/16/software "HTTP/1.1 200 OK"
2026-09-25 11:57:55,424 [httpx] INFO: HTTP Request: GET https://localhost/ocsapi/v1/computer/26/software "HTTP/1.1 200 OK"
2026-09-25 11:57:55,444 [httpx] INFO: HTTP Request: GET https://localhost/ocsapi/v1/computer/10/software "HTTP/1.1 200 OK"
2026-09-25 11:57:55,501 [httpx] INFO: HTTP Request: GET https://localhost/ocsapi/v1/computer/11/software "HTTP/1.1 200 OK"
2026-09-25 11:57:55,524 [httpx] INFO: HTTP Request: GET https://localhost/ocsapi/v1/computer/12/software "HTTP/1.1 200 OK"
2026-09-25 11:57:55,536 [httpx] INFO: HTTP Request: GET https://localhost/ocsapi/v1/computer/13/software "HTTP/1.1 200 OK"
2026-09-25 11:57:55,540 [vuln-engine.ocs_cache] INFO: OCS cache refreshed: 12 machines, 3809 unique packages
2026-09-25 11:57:55,540 [apscheduler.executors.default] INFO: Job "OCS Cache Refresh (trigger: interval[2:00:00], next run at: 2026-09-25 13:57:54 CEST)" executed successfully
2026-09-25 11:57:55,668 [httpx] INFO: HTTP Request: GET https://api.msrc.microsoft.com/update-guide/rss "HTTP/1.1 200 OK"
2026-09-25 11:57:56,887 [httpx] INFO: HTTP Request: GET https://services.nvd.nist.gov/rest/json/cves/2.0?lastModStartDate=2026-09-25T09%3A27%3A54.000&lastModEndDate=2026-09-25T09%3A57%3A54.000&cvssV3Severity=CRITICAL "HTTP/1.1 200 OK"
2026-09-25 11:57:56,890 [vuln-engine.nvd_delta] INFO: NVD delta: 0 critical CVE(s) since 2026-09-25T09:27:54.977510+00:00
2026-09-25 11:57:56,890 [apscheduler.executors.default] INFO: Job "NVD Delta Collector (trigger: interval[0:30:00], next run at: 2026-09-25 12:27:54 CEST)" executed successfully
2026-09-25 11:57:59,213 [vuln-engine.vendor_rss] INFO: Vendor RSS [microsoft_msrc]: parsed 5109 entries
2026-09-25 11:57:59,229 [httpx] INFO: HTTP Request: GET https://www.intersystems.com/support/product-alerts-advisories/ "HTTP/1.1 200 OK"
2026-09-25 11:57:59,237 [vuln-engine.intersystems] INFO: InterSystems: found 10 advisories on page
2026-09-25 11:57:59,237 [apscheduler.executors.default] INFO: Job "InterSystems Collector (trigger: interval[1:00:00], next run at: 2026-09-25 12:57:54 CEST)" executed successfully
2026-09-25 11:57:59,426 [httpx] INFO: HTTP Request: GET https://www.debian.org/security/dsa "HTTP/1.1 200 OK"
2026-09-25 11:57:59,453 [vuln-engine.vendor_rss] INFO: Vendor RSS [debian_dsa]: parsed 30 entries
2026-09-25 11:58:00,653 [httpx] INFO: HTTP Request: GET https://sec.cloudapps.cisco.com/security/center/psirtrss20/CiscoSecurityAdvisory.xml "HTTP/1.1 200 OK"
2026-09-25 11:58:01,020 [vuln-engine.vendor_rss] INFO: Vendor RSS [cisco]: parsed 50 entries
2026-09-25 11:58:01,059 [httpx] INFO: HTTP Request: GET https://www.cert.ssi.gouv.fr/avis/feed/ "HTTP/1.1 200 OK"
2026-09-25 11:58:01,077 [vuln-engine.vendor_rss] INFO: Vendor RSS [certfr_avis]: parsed 40 entries
2026-09-25 11:58:01,121 [httpx] INFO: HTTP Request: GET https://www.cert.ssi.gouv.fr/alerte/feed/ "HTTP/1.1 200 OK"
2026-09-25 11:58:01,139 [vuln-engine.vendor_rss] INFO: Vendor RSS [certfr_alertes]: parsed 40 entries
2026-09-25 11:58:01,364 [httpx] INFO: HTTP Request: GET https://cert.europa.eu/publications/security-advisories-rss "HTTP/1.1 200 OK"
2026-09-25 11:58:01,371 [vuln-engine.vendor_rss] INFO: Vendor RSS [cert_eu]: parsed 10 entries
2026-09-25 11:58:01,418 [httpx] INFO: HTTP Request: GET https://ubuntu.com/security/notices/rss.xml "HTTP/1.1 200 OK"
2026-09-25 11:58:01,425 [vuln-engine.vendor_rss] INFO: Vendor RSS [ubuntu]: parsed 10 entries
2026-09-25 11:58:01,713 [httpx] INFO: HTTP Request: GET https://access.redhat.com/errata-search/feed/?q=*&advisory_type=Security+Advisory&severity=Critical "HTTP/1.1 200 OK"
2026-09-25 11:58:01,760 [vuln-engine.vendor_rss] INFO: Vendor RSS [redhat]: parsed 0 entries
2026-09-25 11:58:01,761 [apscheduler.executors.default] INFO: Job "Vendor RSS Collector (trigger: interval[1:00:00], next run at: 2026-09-25 12:57:54 CEST)" executed successfully
2026-09-25 12:27:55,004 [apscheduler.executors.default] INFO: Running job "NVD Delta Collector (trigger: interval[0:30:00], next run at: 2026-09-25 12:57:54 CEST)" (scheduled at 2026-09-25 12:27:54.974422+02:00)
2026-09-25 12:27:55,019 [vuln-engine.scheduler] INFO: ⏰ Running NVD delta collector...
2026-09-25 12:27:56,846 [httpx] INFO: HTTP Request: GET https://services.nvd.nist.gov/rest/json/cves/2.0?lastModStartDate=2026-09-25T09%3A57%3A54.000&lastModEndDate=2026-09-25T10%3A27%3A55.000&cvssV3Severity=CRITICAL "HTTP/1.1 200 OK"
2026-09-25 12:27:56,854 [vuln-engine.nvd_delta] INFO: NVD delta: 0 critical CVE(s) since 2026-09-25T09:57:54.978360+00:00
2026-09-25 12:27:56,859 [apscheduler.executors.default] INFO: Job "NVD Delta Collector (trigger: interval[0:30:00], next run at: 2026-09-25 12:57:54 CEST)" executed successfully
2026-09-25 12:57:54,979 [apscheduler.executors.default] INFO: Running job "NVD Delta Collector (trigger: interval[0:30:00], next run at: 2026-09-25 13:27:54 CEST)" (scheduled at 2026-09-25 12:57:54.974422+02:00)
2026-09-25 12:57:54,980 [vuln-engine.scheduler] INFO: ⏰ Running NVD delta collector...
2026-09-25 12:57:55,021 [apscheduler.executors.default] INFO: Running job "CISA KEV Collector (trigger: interval[1:00:00], next run at: 2026-09-25 13:57:54 CEST)" (scheduled at 2026-09-25 12:57:54.974597+02:00)
2026-09-25 12:57:55,022 [vuln-engine.scheduler] INFO: ⏰ Running CISA KEV collector...
2026-09-25 12:57:55,062 [apscheduler.executors.default] INFO: Running job "InterSystems Collector (trigger: interval[1:00:00], next run at: 2026-09-25 13:57:54 CEST)" (scheduled at 2026-09-25 12:57:54.974735+02:00)
2026-09-25 12:57:55,063 [vuln-engine.scheduler] INFO: ⏰ Running InterSystems collector...
2026-09-25 12:57:55,100 [apscheduler.executors.default] INFO: Running job "Vendor RSS Collector (trigger: interval[1:00:00], next run at: 2026-09-25 13:57:54 CEST)" (scheduled at 2026-09-25 12:57:54.974861+02:00)
2026-09-25 12:57:55,105 [vuln-engine.scheduler] INFO: ⏰ Running Vendor RSS collector...
2026-09-25 12:57:55,266 [httpx] INFO: HTTP Request: GET https://www.cisa.gov/sites/default/files/feeds/known_exploited_vulnerabilities.json "HTTP/1.1 200 OK"
2026-09-25 12:57:55,764 [apscheduler.executors.default] INFO: Job "CISA KEV Collector (trigger: interval[1:00:00], next run at: 2026-09-25 13:57:54 CEST)" executed successfully
2026-09-25 12:57:55,770 [httpx] INFO: HTTP Request: GET https://api.msrc.microsoft.com/update-guide/rss "HTTP/1.1 200 OK"
2026-09-25 12:58:00,750 [vuln-engine.vendor_rss] INFO: Vendor RSS [microsoft_msrc]: parsed 5109 entries
2026-09-25 12:58:00,769 [httpx] INFO: HTTP Request: GET https://services.nvd.nist.gov/rest/json/cves/2.0?lastModStartDate=2026-09-25T10%3A27%3A55.000&lastModEndDate=2026-09-25T10%3A57%3A54.000&cvssV3Severity=CRITICAL "HTTP/1.1 200 OK"
2026-09-25 12:58:00,771 [httpx] INFO: HTTP Request: GET https://www.intersystems.com/support/product-alerts-advisories/ "HTTP/1.1 200 OK"
2026-09-25 12:58:00,773 [vuln-engine.nvd_delta] INFO: NVD delta: 0 critical CVE(s) since 2026-09-25T10:27:55.019992+00:00
2026-09-25 12:58:00,773 [apscheduler.executors.default] INFO: Job "NVD Delta Collector (trigger: interval[0:30:00], next run at: 2026-09-25 13:27:54 CEST)" executed successfully
2026-09-25 12:58:00,884 [vuln-engine.intersystems] INFO: InterSystems: found 10 advisories on page
2026-09-25 12:58:00,884 [apscheduler.executors.default] INFO: Job "InterSystems Collector (trigger: interval[1:00:00], next run at: 2026-09-25 13:57:54 CEST)" executed successfully
2026-09-25 12:58:00,939 [httpx] INFO: HTTP Request: GET https://www.debian.org/security/dsa "HTTP/1.1 200 OK"
2026-09-25 12:58:00,971 [vuln-engine.vendor_rss] INFO: Vendor RSS [debian_dsa]: parsed 30 entries
2026-09-25 12:58:02,423 [httpx] INFO: HTTP Request: GET https://sec.cloudapps.cisco.com/security/center/psirtrss20/CiscoSecurityAdvisory.xml "HTTP/1.1 200 OK"
2026-09-25 12:58:02,729 [vuln-engine.vendor_rss] INFO: Vendor RSS [cisco]: parsed 50 entries
2026-09-25 12:58:02,768 [httpx] INFO: HTTP Request: GET https://www.cert.ssi.gouv.fr/avis/feed/ "HTTP/1.1 200 OK"
2026-09-25 12:58:02,791 [vuln-engine.vendor_rss] INFO: Vendor RSS [certfr_avis]: parsed 40 entries
2026-09-25 12:58:02,825 [httpx] INFO: HTTP Request: GET https://www.cert.ssi.gouv.fr/alerte/feed/ "HTTP/1.1 200 OK"
2026-09-25 12:58:02,851 [vuln-engine.vendor_rss] INFO: Vendor RSS [certfr_alertes]: parsed 40 entries
2026-09-25 12:58:03,075 [httpx] INFO: HTTP Request: GET https://cert.europa.eu/publications/security-advisories-rss "HTTP/1.1 200 OK"
2026-09-25 12:58:03,086 [vuln-engine.vendor_rss] INFO: Vendor RSS [cert_eu]: parsed 10 entries
2026-09-25 12:58:03,158 [httpx] INFO: HTTP Request: GET https://ubuntu.com/security/notices/rss.xml "HTTP/1.1 200 OK"
2026-09-25 12:58:03,164 [vuln-engine.vendor_rss] INFO: Vendor RSS [ubuntu]: parsed 10 entries
2026-09-25 12:58:03,451 [httpx] INFO: HTTP Request: GET https://access.redhat.com/errata-search/feed/?q=*&advisory_type=Security+Advisory&severity=Critical "HTTP/1.1 200 OK"
2026-09-25 12:58:03,527 [vuln-engine.vendor_rss] INFO: Vendor RSS [redhat]: parsed 0 entries
2026-09-25 12:58:03,527 [apscheduler.executors.default] INFO: Job "Vendor RSS Collector (trigger: interval[1:00:00], next run at: 2026-09-25 13:57:54 CEST)" executed successfully
2026-09-25 13:27:54,976 [apscheduler.executors.default] INFO: Running job "NVD Delta Collector (trigger: interval[0:30:00], next run at: 2026-09-25 13:57:54 CEST)" (scheduled at 2026-09-25 13:27:54.974422+02:00)
2026-09-25 13:27:54,979 [vuln-engine.scheduler] INFO: ⏰ Running NVD delta collector...
2026-09-25 13:27:58,180 [httpx] INFO: HTTP Request: GET https://services.nvd.nist.gov/rest/json/cves/2.0?lastModStartDate=2026-09-25T10%3A57%3A54.000&lastModEndDate=2026-09-25T11%3A27%3A54.000&cvssV3Severity=CRITICAL "HTTP/1.1 200 OK"
2026-09-25 13:27:58,182 [vuln-engine.nvd_delta] INFO: NVD delta: 0 critical CVE(s) since 2026-09-25T10:57:54.981177+00:00
2026-09-25 13:27:58,182 [apscheduler.executors.default] INFO: Job "NVD Delta Collector (trigger: interval[0:30:00], next run at: 2026-09-25 13:57:54 CEST)" executed successfully
2026-09-25 13:57:54,980 [apscheduler.executors.default] INFO: Running job "NVD Delta Collector (trigger: interval[0:30:00], next run at: 2026-09-25 14:27:54 CEST)" (scheduled at 2026-09-25 13:57:54.974422+02:00)
2026-09-25 13:57:54,981 [vuln-engine.scheduler] INFO: ⏰ Running NVD delta collector...
2026-09-25 13:57:55,000 [apscheduler.executors.default] INFO: Running job "CISA KEV Collector (trigger: interval[1:00:00], next run at: 2026-09-25 14:57:54 CEST)" (scheduled at 2026-09-25 13:57:54.974597+02:00)
2026-09-25 13:57:55,005 [vuln-engine.scheduler] INFO: ⏰ Running CISA KEV collector...
2026-09-25 13:57:55,020 [apscheduler.executors.default] INFO: Running job "InterSystems Collector (trigger: interval[1:00:00], next run at: 2026-09-25 14:57:54 CEST)" (scheduled at 2026-09-25 13:57:54.974735+02:00)
2026-09-25 13:57:55,020 [vuln-engine.scheduler] INFO: ⏰ Running InterSystems collector...
2026-09-25 13:57:55,037 [apscheduler.executors.default] INFO: Running job "Vendor RSS Collector (trigger: interval[1:00:00], next run at: 2026-09-25 14:57:54 CEST)" (scheduled at 2026-09-25 13:57:54.974861+02:00)
2026-09-25 13:57:55,037 [vuln-engine.scheduler] INFO: ⏰ Running Vendor RSS collector...
2026-09-25 13:57:55,056 [apscheduler.executors.default] INFO: Running job "OCS Cache Refresh (trigger: interval[2:00:00], next run at: 2026-09-25 15:57:54 CEST)" (scheduled at 2026-09-25 13:57:54.974982+02:00)
2026-09-25 13:57:55,056 [vuln-engine.ocs_cache] INFO: Refreshing OCS inventory cache...
2026-09-25 13:57:55,158 [httpx] INFO: HTTP Request: GET https://www.cisa.gov/sites/default/files/feeds/known_exploited_vulnerabilities.json "HTTP/1.1 200 OK"
2026-09-25 13:57:55,247 [apscheduler.executors.default] INFO: Job "CISA KEV Collector (trigger: interval[1:00:00], next run at: 2026-09-25 14:57:54 CEST)" executed successfully
2026-09-25 13:57:55,264 [httpx] INFO: HTTP Request: GET https://api.msrc.microsoft.com/update-guide/rss "HTTP/1.1 200 OK"
2026-09-25 13:57:55,886 [httpx] INFO: HTTP Request: GET https://localhost/ocsapi/v1/computers/listID "HTTP/1.1 200 OK"
2026-09-25 13:57:56,139 [httpx] INFO: HTTP Request: GET https://services.nvd.nist.gov/rest/json/cves/2.0?lastModStartDate=2026-09-25T11%3A27%3A54.000&lastModEndDate=2026-09-25T11%3A57%3A54.000&cvssV3Severity=CRITICAL "HTTP/1.1 200 OK"
2026-09-25 13:57:56,140 [vuln-engine.nvd_delta] INFO: NVD delta: 0 critical CVE(s) since 2026-09-25T11:27:54.980133+00:00
2026-09-25 13:57:56,144 [apscheduler.executors.default] INFO: Job "NVD Delta Collector (trigger: interval[0:30:00], next run at: 2026-09-25 14:27:54 CEST)" executed successfully
2026-09-25 13:57:56,512 [httpx] INFO: HTTP Request: GET https://localhost/ocsapi/v1/computer/21/software "HTTP/1.1 200 OK"
2026-09-25 13:57:59,184 [vuln-engine.vendor_rss] INFO: Vendor RSS [microsoft_msrc]: parsed 5109 entries
2026-09-25 13:57:59,198 [httpx] INFO: HTTP Request: GET https://www.intersystems.com/support/product-alerts-advisories/ "HTTP/1.1 200 OK"
2026-09-25 13:57:59,200 [httpx] INFO: HTTP Request: GET https://localhost/ocsapi/v1/computer/32/software "HTTP/1.1 200 OK"
2026-09-25 13:57:59,216 [vuln-engine.intersystems] INFO: InterSystems: found 10 advisories on page
2026-09-25 13:57:59,216 [apscheduler.executors.default] INFO: Job "InterSystems Collector (trigger: interval[1:00:00], next run at: 2026-09-25 14:57:54 CEST)" executed successfully
2026-09-25 13:57:59,515 [httpx] INFO: HTTP Request: GET https://www.debian.org/security/dsa "HTTP/1.1 200 OK"
2026-09-25 13:57:59,560 [vuln-engine.vendor_rss] INFO: Vendor RSS [debian_dsa]: parsed 30 entries
2026-09-25 13:58:00,233 [httpx] INFO: HTTP Request: GET https://localhost/ocsapi/v1/computer/33/software "HTTP/1.1 200 OK"
2026-09-25 13:58:00,915 [httpx] INFO: HTTP Request: GET https://sec.cloudapps.cisco.com/security/center/psirtrss20/CiscoSecurityAdvisory.xml "HTTP/1.1 200 OK"
2026-09-25 13:58:00,929 [httpx] INFO: HTTP Request: GET https://localhost/ocsapi/v1/computer/14/software "HTTP/1.1 200 OK"
2026-09-25 13:58:01,305 [vuln-engine.vendor_rss] INFO: Vendor RSS [cisco]: parsed 50 entries
2026-09-25 13:58:01,349 [httpx] INFO: HTTP Request: GET https://www.cert.ssi.gouv.fr/avis/feed/ "HTTP/1.1 200 OK"
2026-09-25 13:58:01,371 [vuln-engine.vendor_rss] INFO: Vendor RSS [certfr_avis]: parsed 40 entries
2026-09-25 13:58:01,414 [httpx] INFO: HTTP Request: GET https://www.cert.ssi.gouv.fr/alerte/feed/ "HTTP/1.1 200 OK"
2026-09-25 13:58:01,445 [vuln-engine.vendor_rss] INFO: Vendor RSS [certfr_alertes]: parsed 40 entries
2026-09-25 13:58:01,599 [httpx] INFO: HTTP Request: GET https://localhost/ocsapi/v1/computer/15/software "HTTP/1.1 200 OK"
2026-09-25 13:58:01,722 [httpx] INFO: HTTP Request: GET https://cert.europa.eu/publications/security-advisories-rss "HTTP/1.1 200 OK"
2026-09-25 13:58:01,732 [vuln-engine.vendor_rss] INFO: Vendor RSS [cert_eu]: parsed 10 entries
2026-09-25 13:58:01,797 [httpx] INFO: HTTP Request: GET https://ubuntu.com/security/notices/rss.xml "HTTP/1.1 200 OK"
2026-09-25 13:58:01,808 [vuln-engine.vendor_rss] INFO: Vendor RSS [ubuntu]: parsed 10 entries
2026-09-25 13:58:02,127 [httpx] INFO: HTTP Request: GET https://access.redhat.com/errata-search/feed/?q=*&advisory_type=Security+Advisory&severity=Critical "HTTP/1.1 200 OK"
2026-09-25 13:58:02,206 [vuln-engine.vendor_rss] INFO: Vendor RSS [redhat]: parsed 0 entries
2026-09-25 13:58:02,206 [apscheduler.executors.default] INFO: Job "Vendor RSS Collector (trigger: interval[1:00:00], next run at: 2026-09-25 14:57:54 CEST)" executed successfully
2026-09-25 13:58:02,635 [httpx] INFO: HTTP Request: GET https://localhost/ocsapi/v1/computer/4/software "HTTP/1.1 200 OK"
2026-09-25 13:58:03,568 [httpx] INFO: HTTP Request: GET https://localhost/ocsapi/v1/computer/16/software "HTTP/1.1 200 OK"
2026-09-25 13:58:03,661 [httpx] INFO: HTTP Request: GET https://localhost/ocsapi/v1/computer/26/software "HTTP/1.1 200 OK"
2026-09-25 13:58:03,698 [httpx] INFO: HTTP Request: GET https://localhost/ocsapi/v1/computer/10/software "HTTP/1.1 200 OK"
2026-09-25 13:58:03,998 [httpx] INFO: HTTP Request: GET https://localhost/ocsapi/v1/computer/11/software "HTTP/1.1 200 OK"
2026-09-25 13:58:04,102 [httpx] INFO: HTTP Request: GET https://localhost/ocsapi/v1/computer/12/software "HTTP/1.1 200 OK"
2026-09-25 13:58:04,153 [httpx] INFO: HTTP Request: GET https://localhost/ocsapi/v1/computer/13/software "HTTP/1.1 200 OK"
2026-09-25 13:58:04,167 [vuln-engine.ocs_cache] INFO: OCS cache refreshed: 12 machines, 3809 unique packages
2026-09-25 13:58:04,168 [apscheduler.executors.default] INFO: Job "OCS Cache Refresh (trigger: interval[2:00:00], next run at: 2026-09-25 15:57:54 CEST)" executed successfully
2026-09-25 14:27:54,986 [apscheduler.executors.default] INFO: Running job "NVD Delta Collector (trigger: interval[0:30:00], next run at: 2026-09-25 14:57:54 CEST)" (scheduled at 2026-09-25 14:27:54.974422+02:00)
2026-09-25 14:27:54,994 [vuln-engine.scheduler] INFO: ⏰ Running NVD delta collector...
2026-09-25 14:27:56,486 [httpx] INFO: HTTP Request: GET https://services.nvd.nist.gov/rest/json/cves/2.0?lastModStartDate=2026-09-25T11%3A57%3A54.000&lastModEndDate=2026-09-25T12%3A27%3A54.000&cvssV3Severity=CRITICAL "HTTP/1.1 200 OK"
2026-09-25 14:27:56,489 [vuln-engine.nvd_delta] INFO: NVD delta: 0 critical CVE(s) since 2026-09-25T11:57:54.981768+00:00
2026-09-25 14:27:56,489 [apscheduler.executors.default] INFO: Job "NVD Delta Collector (trigger: interval[0:30:00], next run at: 2026-09-25 14:57:54 CEST)" executed successfully
2026-09-25 14:57:54,998 [apscheduler.executors.default] INFO: Running job "NVD Delta Collector (trigger: interval[0:30:00], next run at: 2026-09-25 15:27:54 CEST)" (scheduled at 2026-09-25 14:57:54.974422+02:00)
2026-09-25 14:57:55,006 [vuln-engine.scheduler] INFO: ⏰ Running NVD delta collector...
2026-09-25 14:57:55,143 [apscheduler.executors.default] INFO: Running job "CISA KEV Collector (trigger: interval[1:00:00], next run at: 2026-09-25 15:57:54 CEST)" (scheduled at 2026-09-25 14:57:54.974597+02:00)
2026-09-25 14:57:55,145 [vuln-engine.scheduler] INFO: ⏰ Running CISA KEV collector...
2026-09-25 14:57:55,195 [apscheduler.executors.default] INFO: Running job "InterSystems Collector (trigger: interval[1:00:00], next run at: 2026-09-25 15:57:54 CEST)" (scheduled at 2026-09-25 14:57:54.974735+02:00)
2026-09-25 14:57:55,196 [vuln-engine.scheduler] INFO: ⏰ Running InterSystems collector...
2026-09-25 14:57:55,242 [apscheduler.executors.default] INFO: Running job "Vendor RSS Collector (trigger: interval[1:00:00], next run at: 2026-09-25 15:57:54 CEST)" (scheduled at 2026-09-25 14:57:54.974861+02:00)
2026-09-25 14:57:55,243 [vuln-engine.scheduler] INFO: ⏰ Running Vendor RSS collector...
2026-09-25 14:57:55,418 [httpx] INFO: HTTP Request: GET https://www.cisa.gov/sites/default/files/feeds/known_exploited_vulnerabilities.json "HTTP/1.1 200 OK"
2026-09-25 14:57:55,693 [apscheduler.executors.default] INFO: Job "CISA KEV Collector (trigger: interval[1:00:00], next run at: 2026-09-25 15:57:54 CEST)" executed successfully
2026-09-25 14:57:55,878 [httpx] INFO: HTTP Request: GET https://api.msrc.microsoft.com/update-guide/rss "HTTP/1.1 200 OK"
2026-09-25 14:57:56,628 [httpx] INFO: HTTP Request: GET https://services.nvd.nist.gov/rest/json/cves/2.0?lastModStartDate=2026-09-25T12%3A27%3A54.000&lastModEndDate=2026-09-25T12%3A57%3A55.000&cvssV3Severity=CRITICAL "HTTP/1.1 200 OK"
2026-09-25 14:57:56,633 [vuln-engine.nvd_delta] INFO: NVD delta: 0 critical CVE(s) since 2026-09-25T12:27:54.994895+00:00
2026-09-25 14:57:56,633 [apscheduler.executors.default] INFO: Job "NVD Delta Collector (trigger: interval[0:30:00], next run at: 2026-09-25 15:27:54 CEST)" executed successfully
2026-09-25 14:58:00,176 [vuln-engine.vendor_rss] INFO: Vendor RSS [microsoft_msrc]: parsed 5109 entries
2026-09-25 14:58:00,196 [httpx] INFO: HTTP Request: GET https://www.intersystems.com/support/product-alerts-advisories/ "HTTP/1.1 200 OK"
2026-09-25 14:58:00,248 [vuln-engine.intersystems] INFO: InterSystems: found 10 advisories on page
2026-09-25 14:58:00,248 [apscheduler.executors.default] INFO: Job "InterSystems Collector (trigger: interval[1:00:00], next run at: 2026-09-25 15:57:54 CEST)" executed successfully
2026-09-25 14:58:00,310 [httpx] INFO: HTTP Request: GET https://www.debian.org/security/dsa "HTTP/1.1 200 OK"
2026-09-25 14:58:00,345 [vuln-engine.vendor_rss] INFO: Vendor RSS [debian_dsa]: parsed 30 entries
2026-09-25 14:58:01,813 [httpx] INFO: HTTP Request: GET https://sec.cloudapps.cisco.com/security/center/psirtrss20/CiscoSecurityAdvisory.xml "HTTP/1.1 200 OK"
2026-09-25 14:58:02,211 [vuln-engine.vendor_rss] INFO: Vendor RSS [cisco]: parsed 50 entries
2026-09-25 14:58:02,252 [httpx] INFO: HTTP Request: GET https://www.cert.ssi.gouv.fr/avis/feed/ "HTTP/1.1 200 OK"
2026-09-25 14:58:02,274 [vuln-engine.vendor_rss] INFO: Vendor RSS [certfr_avis]: parsed 40 entries
2026-09-25 14:58:02,317 [httpx] INFO: HTTP Request: GET https://www.cert.ssi.gouv.fr/alerte/feed/ "HTTP/1.1 200 OK"
2026-09-25 14:58:02,340 [vuln-engine.vendor_rss] INFO: Vendor RSS [certfr_alertes]: parsed 40 entries
2026-09-25 14:58:02,580 [httpx] INFO: HTTP Request: GET https://cert.europa.eu/publications/security-advisories-rss "HTTP/1.1 200 OK"
2026-09-25 14:58:02,591 [vuln-engine.vendor_rss] INFO: Vendor RSS [cert_eu]: parsed 10 entries
2026-09-25 14:58:02,653 [httpx] INFO: HTTP Request: GET https://ubuntu.com/security/notices/rss.xml "HTTP/1.1 200 OK"
2026-09-25 14:58:02,659 [vuln-engine.vendor_rss] INFO: Vendor RSS [ubuntu]: parsed 10 entries
2026-09-25 14:58:02,960 [httpx] INFO: HTTP Request: GET https://access.redhat.com/errata-search/feed/?q=*&advisory_type=Security+Advisory&severity=Critical "HTTP/1.1 200 OK"
2026-09-25 14:58:03,056 [vuln-engine.vendor_rss] INFO: Vendor RSS [redhat]: parsed 0 entries
2026-09-25 14:58:03,057 [apscheduler.executors.default] INFO: Job "Vendor RSS Collector (trigger: interval[1:00:00], next run at: 2026-09-25 15:57:54 CEST)" executed successfully
2026-09-25 15:27:54,981 [apscheduler.executors.default] INFO: Running job "NVD Delta Collector (trigger: interval[0:30:00], next run at: 2026-09-25 15:57:54 CEST)" (scheduled at 2026-09-25 15:27:54.974422+02:00)
2026-09-25 15:27:54,984 [vuln-engine.scheduler] INFO: ⏰ Running NVD delta collector...
2026-09-25 15:27:56,099 [httpx] INFO: HTTP Request: GET https://services.nvd.nist.gov/rest/json/cves/2.0?lastModStartDate=2026-09-25T12%3A57%3A55.000&lastModEndDate=2026-09-25T13%3A27%3A54.000&cvssV3Severity=CRITICAL "HTTP/1.1 200 OK"
2026-09-25 15:27:56,101 [vuln-engine.nvd_delta] INFO: NVD delta: 2 critical CVE(s) since 2026-09-25T12:57:55.007458+00:00
2026-09-25 15:27:56,110 [vuln-engine.matching] INFO: Matching: 0/2 alerts matched
2026-09-25 15:27:56,110 [apscheduler.executors.default] INFO: Job "NVD Delta Collector (trigger: interval[0:30:00], next run at: 2026-09-25 15:57:54 CEST)" executed successfully
2026-09-25 15:57:54,978 [apscheduler.executors.default] INFO: Running job "NVD Delta Collector (trigger: interval[0:30:00], next run at: 2026-09-25 16:27:54 CEST)" (scheduled at 2026-09-25 15:57:54.974422+02:00)
2026-09-25 15:57:54,980 [vuln-engine.scheduler] INFO: ⏰ Running NVD delta collector...
2026-09-25 15:57:55,008 [apscheduler.executors.default] INFO: Running job "CISA KEV Collector (trigger: interval[1:00:00], next run at: 2026-09-25 16:57:54 CEST)" (scheduled at 2026-09-25 15:57:54.974597+02:00)
2026-09-25 15:57:55,008 [vuln-engine.scheduler] INFO: ⏰ Running CISA KEV collector...
2026-09-25 15:57:55,047 [apscheduler.executors.default] INFO: Running job "InterSystems Collector (trigger: interval[1:00:00], next run at: 2026-09-25 16:57:54 CEST)" (scheduled at 2026-09-25 15:57:54.974735+02:00)
2026-09-25 15:57:55,049 [vuln-engine.scheduler] INFO: ⏰ Running InterSystems collector...
2026-09-25 15:57:55,074 [apscheduler.executors.default] INFO: Running job "Vendor RSS Collector (trigger: interval[1:00:00], next run at: 2026-09-25 16:57:54 CEST)" (scheduled at 2026-09-25 15:57:54.974861+02:00)
2026-09-25 15:57:55,074 [vuln-engine.scheduler] INFO: ⏰ Running Vendor RSS collector...
2026-09-25 15:57:55,091 [apscheduler.executors.default] INFO: Running job "OCS Cache Refresh (trigger: interval[2:00:00], next run at: 2026-09-25 17:57:54 CEST)" (scheduled at 2026-09-25 15:57:54.974982+02:00)
2026-09-25 15:57:55,092 [vuln-engine.ocs_cache] INFO: Refreshing OCS inventory cache...
2026-09-25 15:57:55,226 [httpx] INFO: HTTP Request: GET https://www.cisa.gov/sites/default/files/feeds/known_exploited_vulnerabilities.json "HTTP/1.1 200 OK"
2026-09-25 15:57:55,472 [apscheduler.executors.default] INFO: Job "CISA KEV Collector (trigger: interval[1:00:00], next run at: 2026-09-25 16:57:54 CEST)" executed successfully
2026-09-25 15:57:55,692 [httpx] INFO: HTTP Request: GET https://api.msrc.microsoft.com/update-guide/rss "HTTP/1.1 200 OK"
2026-09-25 15:57:55,896 [httpx] INFO: HTTP Request: GET https://localhost/ocsapi/v1/computers/listID "HTTP/1.1 200 OK"
2026-09-25 15:57:56,310 [httpx] INFO: HTTP Request: GET https://services.nvd.nist.gov/rest/json/cves/2.0?lastModStartDate=2026-09-25T13%3A27%3A54.000&lastModEndDate=2026-09-25T13%3A57%3A54.000&cvssV3Severity=CRITICAL "HTTP/1.1 200 OK"
2026-09-25 15:57:56,311 [vuln-engine.nvd_delta] INFO: NVD delta: 0 critical CVE(s) since 2026-09-25T13:27:54.984499+00:00
2026-09-25 15:57:56,312 [apscheduler.executors.default] INFO: Job "NVD Delta Collector (trigger: interval[0:30:00], next run at: 2026-09-25 16:27:54 CEST)" executed successfully
2026-09-25 15:57:59,308 [vuln-engine.vendor_rss] INFO: Vendor RSS [microsoft_msrc]: parsed 5109 entries
2026-09-25 15:57:59,323 [httpx] INFO: HTTP Request: GET https://localhost/ocsapi/v1/computer/21/software "HTTP/1.1 200 OK"
2026-09-25 15:57:59,385 [httpx] INFO: HTTP Request: GET https://www.intersystems.com/support/product-alerts-advisories/ "HTTP/1.1 200 OK"
2026-09-25 15:57:59,452 [vuln-engine.intersystems] INFO: InterSystems: found 10 advisories on page
2026-09-25 15:57:59,452 [apscheduler.executors.default] INFO: Job "InterSystems Collector (trigger: interval[1:00:00], next run at: 2026-09-25 16:57:54 CEST)" executed successfully
2026-09-25 15:58:00,345 [httpx] INFO: HTTP Request: GET https://localhost/ocsapi/v1/computer/32/software "HTTP/1.1 200 OK"
2026-09-25 15:58:01,321 [httpx] INFO: HTTP Request: GET https://localhost/ocsapi/v1/computer/33/software "HTTP/1.1 200 OK"
2026-09-25 15:58:02,121 [httpx] INFO: HTTP Request: GET https://localhost/ocsapi/v1/computer/14/software "HTTP/1.1 200 OK"
2026-09-25 15:58:02,835 [httpx] INFO: HTTP Request: GET https://localhost/ocsapi/v1/computer/15/software "HTTP/1.1 200 OK"
2026-09-25 15:58:03,902 [httpx] INFO: HTTP Request: GET https://localhost/ocsapi/v1/computer/4/software "HTTP/1.1 200 OK"
2026-09-25 15:58:04,425 [httpx] INFO: HTTP Request: GET https://localhost/ocsapi/v1/computer/16/software "HTTP/1.1 200 OK"
2026-09-25 15:58:04,521 [httpx] INFO: HTTP Request: GET https://localhost/ocsapi/v1/computer/26/software "HTTP/1.1 200 OK"
2026-09-25 15:58:04,546 [httpx] INFO: HTTP Request: GET https://localhost/ocsapi/v1/computer/10/software "HTTP/1.1 200 OK"
2026-09-25 15:58:04,849 [httpx] INFO: HTTP Request: GET https://localhost/ocsapi/v1/computer/11/software "HTTP/1.1 200 OK"
2026-09-25 15:58:04,928 [httpx] INFO: HTTP Request: GET https://localhost/ocsapi/v1/computer/12/software "HTTP/1.1 200 OK"
2026-09-25 15:58:05,009 [httpx] INFO: HTTP Request: GET https://localhost/ocsapi/v1/computer/13/software "HTTP/1.1 200 OK"
2026-09-25 15:58:05,042 [vuln-engine.ocs_cache] INFO: OCS cache refreshed: 12 machines, 3809 unique packages
2026-09-25 15:58:05,043 [apscheduler.executors.default] INFO: Job "OCS Cache Refresh (trigger: interval[2:00:00], next run at: 2026-09-25 17:57:54 CEST)" executed successfully
2026-09-25 15:58:06,132 [httpx] INFO: HTTP Request: GET https://www.debian.org/security/dsa "HTTP/1.1 200 OK"
2026-09-25 15:58:06,166 [vuln-engine.vendor_rss] INFO: Vendor RSS [debian_dsa]: parsed 30 entries
2026-09-25 15:58:07,439 [httpx] INFO: HTTP Request: GET https://sec.cloudapps.cisco.com/security/center/psirtrss20/CiscoSecurityAdvisory.xml "HTTP/1.1 200 OK"
2026-09-25 15:58:07,826 [vuln-engine.vendor_rss] INFO: Vendor RSS [cisco]: parsed 50 entries
2026-09-25 15:58:07,862 [httpx] INFO: HTTP Request: GET https://www.cert.ssi.gouv.fr/avis/feed/ "HTTP/1.1 200 OK"
2026-09-25 15:58:07,883 [vuln-engine.vendor_rss] INFO: Vendor RSS [certfr_avis]: parsed 40 entries
2026-09-25 15:58:07,927 [httpx] INFO: HTTP Request: GET https://www.cert.ssi.gouv.fr/alerte/feed/ "HTTP/1.1 200 OK"
2026-09-25 15:58:07,949 [vuln-engine.vendor_rss] INFO: Vendor RSS [certfr_alertes]: parsed 40 entries
2026-09-25 15:58:08,159 [httpx] INFO: HTTP Request: GET https://cert.europa.eu/publications/security-advisories-rss "HTTP/1.1 200 OK"
2026-09-25 15:58:08,170 [vuln-engine.vendor_rss] INFO: Vendor RSS [cert_eu]: parsed 10 entries
2026-09-25 15:58:08,228 [httpx] INFO: HTTP Request: GET https://ubuntu.com/security/notices/rss.xml "HTTP/1.1 200 OK"
2026-09-25 15:58:08,239 [vuln-engine.vendor_rss] INFO: Vendor RSS [ubuntu]: parsed 10 entries
2026-09-25 15:58:08,531 [httpx] INFO: HTTP Request: GET https://access.redhat.com/errata-search/feed/?q=*&advisory_type=Security+Advisory&severity=Critical "HTTP/1.1 200 OK"
2026-09-25 15:58:08,600 [vuln-engine.vendor_rss] INFO: Vendor RSS [redhat]: parsed 0 entries
2026-09-25 15:58:08,601 [apscheduler.executors.default] INFO: Job "Vendor RSS Collector (trigger: interval[1:00:00], next run at: 2026-09-25 16:57:54 CEST)" executed successfully
2026-09-25 16:27:54,989 [apscheduler.executors.default] INFO: Running job "NVD Delta Collector (trigger: interval[0:30:00], next run at: 2026-09-25 16:57:54 CEST)" (scheduled at 2026-09-25 16:27:54.974422+02:00)
2026-09-25 16:27:55,002 [vuln-engine.scheduler] INFO: ⏰ Running NVD delta collector...
2026-09-25 16:27:56,245 [httpx] INFO: HTTP Request: GET https://services.nvd.nist.gov/rest/json/cves/2.0?lastModStartDate=2026-09-25T13%3A57%3A54.000&lastModEndDate=2026-09-25T14%3A27%3A55.000&cvssV3Severity=CRITICAL "HTTP/1.1 200 OK"
2026-09-25 16:27:56,248 [vuln-engine.nvd_delta] INFO: NVD delta: 0 critical CVE(s) since 2026-09-25T13:57:54.980319+00:00
2026-09-25 16:27:56,249 [apscheduler.executors.default] INFO: Job "NVD Delta Collector (trigger: interval[0:30:00], next run at: 2026-09-25 16:57:54 CEST)" executed successfully
2026-09-25 16:57:54,978 [apscheduler.executors.default] INFO: Running job "NVD Delta Collector (trigger: interval[0:30:00], next run at: 2026-09-25 17:27:54 CEST)" (scheduled at 2026-09-25 16:57:54.974422+02:00)
2026-09-25 16:57:54,981 [vuln-engine.scheduler] INFO: ⏰ Running NVD delta collector...
2026-09-25 16:57:55,038 [apscheduler.executors.default] INFO: Running job "CISA KEV Collector (trigger: interval[1:00:00], next run at: 2026-09-25 17:57:54 CEST)" (scheduled at 2026-09-25 16:57:54.974597+02:00)
2026-09-25 16:57:55,042 [vuln-engine.scheduler] INFO: ⏰ Running CISA KEV collector...
2026-09-25 16:57:55,079 [apscheduler.executors.default] INFO: Running job "InterSystems Collector (trigger: interval[1:00:00], next run at: 2026-09-25 17:57:54 CEST)" (scheduled at 2026-09-25 16:57:54.974735+02:00)
2026-09-25 16:57:55,079 [vuln-engine.scheduler] INFO: ⏰ Running InterSystems collector...
2026-09-25 16:57:55,120 [apscheduler.executors.default] INFO: Running job "Vendor RSS Collector (trigger: interval[1:00:00], next run at: 2026-09-25 17:57:54 CEST)" (scheduled at 2026-09-25 16:57:54.974861+02:00)
2026-09-25 16:57:55,121 [vuln-engine.scheduler] INFO: ⏰ Running Vendor RSS collector...
2026-09-25 16:57:55,275 [httpx] INFO: HTTP Request: GET https://www.cisa.gov/sites/default/files/feeds/known_exploited_vulnerabilities.json "HTTP/1.1 200 OK"
2026-09-25 16:57:55,765 [apscheduler.executors.default] INFO: Job "CISA KEV Collector (trigger: interval[1:00:00], next run at: 2026-09-25 17:57:54 CEST)" executed successfully
2026-09-25 16:57:55,789 [httpx] INFO: HTTP Request: GET https://api.msrc.microsoft.com/update-guide/rss "HTTP/1.1 200 OK"
2026-09-25 16:57:56,617 [httpx] INFO: HTTP Request: GET https://services.nvd.nist.gov/rest/json/cves/2.0?lastModStartDate=2026-09-25T14%3A27%3A55.000&lastModEndDate=2026-09-25T14%3A57%3A54.000&cvssV3Severity=CRITICAL "HTTP/1.1 200 OK"
2026-09-25 16:57:56,623 [vuln-engine.nvd_delta] INFO: NVD delta: 3 critical CVE(s) since 2026-09-25T14:27:55.003238+00:00
2026-09-25 16:57:56,628 [vuln-engine.matching] INFO: Matching: 0/3 alerts matched
2026-09-25 16:57:56,633 [apscheduler.executors.default] INFO: Job "NVD Delta Collector (trigger: interval[0:30:00], next run at: 2026-09-25 17:27:54 CEST)" executed successfully
2026-09-25 16:57:59,810 [vuln-engine.vendor_rss] INFO: Vendor RSS [microsoft_msrc]: parsed 5110 entries
2026-09-25 16:57:59,830 [httpx] INFO: HTTP Request: GET https://www.intersystems.com/support/product-alerts-advisories/ "HTTP/1.1 200 OK"
2026-09-25 16:57:59,845 [vuln-engine.intersystems] INFO: InterSystems: found 10 advisories on page
2026-09-25 16:57:59,845 [apscheduler.executors.default] INFO: Job "InterSystems Collector (trigger: interval[1:00:00], next run at: 2026-09-25 17:57:54 CEST)" executed successfully
2026-09-25 16:58:00,192 [vuln-engine.vendor_rss] ERROR: Vendor RSS [debian_dsa] failed: 
2026-09-25 16:58:01,589 [httpx] INFO: HTTP Request: GET https://sec.cloudapps.cisco.com/security/center/psirtrss20/CiscoSecurityAdvisory.xml "HTTP/1.1 200 OK"
2026-09-25 16:58:01,910 [vuln-engine.vendor_rss] INFO: Vendor RSS [cisco]: parsed 50 entries
2026-09-25 16:58:02,009 [httpx] INFO: HTTP Request: GET https://www.cert.ssi.gouv.fr/avis/feed/ "HTTP/1.1 200 OK"
2026-09-25 16:58:02,031 [vuln-engine.vendor_rss] INFO: Vendor RSS [certfr_avis]: parsed 40 entries
2026-09-25 16:58:02,081 [httpx] INFO: HTTP Request: GET https://www.cert.ssi.gouv.fr/alerte/feed/ "HTTP/1.1 200 OK"
2026-09-25 16:58:02,106 [vuln-engine.vendor_rss] INFO: Vendor RSS [certfr_alertes]: parsed 40 entries
2026-09-25 16:58:02,349 [httpx] INFO: HTTP Request: GET https://cert.europa.eu/publications/security-advisories-rss "HTTP/1.1 200 OK"
2026-09-25 16:58:02,360 [vuln-engine.vendor_rss] INFO: Vendor RSS [cert_eu]: parsed 10 entries
2026-09-25 16:58:02,422 [httpx] INFO: HTTP Request: GET https://ubuntu.com/security/notices/rss.xml "HTTP/1.1 200 OK"
2026-09-25 16:58:02,433 [vuln-engine.vendor_rss] INFO: Vendor RSS [ubuntu]: parsed 10 entries
2026-09-25 16:58:02,763 [httpx] INFO: HTTP Request: GET https://access.redhat.com/errata-search/feed/?q=*&advisory_type=Security+Advisory&severity=Critical "HTTP/1.1 200 OK"
2026-09-25 16:58:02,868 [vuln-engine.vendor_rss] INFO: Vendor RSS [redhat]: parsed 0 entries
2026-09-25 16:58:02,869 [apscheduler.executors.default] INFO: Job "Vendor RSS Collector (trigger: interval[1:00:00], next run at: 2026-09-25 17:57:54 CEST)" executed successfully
2026-09-25 17:27:55,000 [apscheduler.executors.default] INFO: Running job "NVD Delta Collector (trigger: interval[0:30:00], next run at: 2026-09-25 17:57:54 CEST)" (scheduled at 2026-09-25 17:27:54.974422+02:00)
2026-09-25 17:27:55,013 [vuln-engine.scheduler] INFO: ⏰ Running NVD delta collector...
2026-09-25 17:27:56,680 [httpx] INFO: HTTP Request: GET https://services.nvd.nist.gov/rest/json/cves/2.0?lastModStartDate=2026-09-25T14%3A57%3A54.000&lastModEndDate=2026-09-25T15%3A27%3A55.000&cvssV3Severity=CRITICAL "HTTP/1.1 200 OK"
2026-09-25 17:27:56,690 [vuln-engine.nvd_delta] INFO: NVD delta: 1 critical CVE(s) since 2026-09-25T14:57:54.981936+00:00
2026-09-25 17:27:56,701 [vuln-engine.matching] INFO: Matching: 0/1 alerts matched
2026-09-25 17:27:56,701 [apscheduler.executors.default] INFO: Job "NVD Delta Collector (trigger: interval[0:30:00], next run at: 2026-09-25 17:57:54 CEST)" executed successfully
2026-09-25 17:57:54,977 [apscheduler.executors.default] INFO: Running job "NVD Delta Collector (trigger: interval[0:30:00], next run at: 2026-09-25 18:27:54 CEST)" (scheduled at 2026-09-25 17:57:54.974422+02:00)
2026-09-25 17:57:54,978 [vuln-engine.scheduler] INFO: ⏰ Running NVD delta collector...
2026-09-25 17:57:55,023 [apscheduler.executors.default] INFO: Running job "CISA KEV Collector (trigger: interval[1:00:00], next run at: 2026-09-25 18:57:54 CEST)" (scheduled at 2026-09-25 17:57:54.974597+02:00)
2026-09-25 17:57:55,024 [vuln-engine.scheduler] INFO: ⏰ Running CISA KEV collector...
2026-09-25 17:57:55,067 [apscheduler.executors.default] INFO: Running job "InterSystems Collector (trigger: interval[1:00:00], next run at: 2026-09-25 18:57:54 CEST)" (scheduled at 2026-09-25 17:57:54.974735+02:00)
2026-09-25 17:57:55,068 [vuln-engine.scheduler] INFO: ⏰ Running InterSystems collector...
2026-09-25 17:57:55,107 [apscheduler.executors.default] INFO: Running job "Vendor RSS Collector (trigger: interval[1:00:00], next run at: 2026-09-25 18:57:54 CEST)" (scheduled at 2026-09-25 17:57:54.974861+02:00)
2026-09-25 17:57:55,108 [vuln-engine.scheduler] INFO: ⏰ Running Vendor RSS collector...
2026-09-25 17:57:55,143 [apscheduler.executors.default] INFO: Running job "OCS Cache Refresh (trigger: interval[2:00:00], next run at: 2026-09-25 19:57:54 CEST)" (scheduled at 2026-09-25 17:57:54.974982+02:00)
2026-09-25 17:57:55,143 [vuln-engine.ocs_cache] INFO: Refreshing OCS inventory cache...
2026-09-25 17:57:55,269 [httpx] INFO: HTTP Request: GET https://www.cisa.gov/sites/default/files/feeds/known_exploited_vulnerabilities.json "HTTP/1.1 200 OK"
2026-09-25 17:57:55,741 [vuln-engine.cisa_kev] WARNING: CISA KEV: 2 NEW actively exploited CVE(s)!
2026-09-25 17:57:55,745 [vuln-engine.matching] INFO: Matching: 0/2 alerts matched
2026-09-25 17:57:55,745 [apscheduler.executors.default] INFO: Job "CISA KEV Collector (trigger: interval[1:00:00], next run at: 2026-09-25 18:57:54 CEST)" executed successfully
2026-09-25 17:57:55,751 [httpx] INFO: HTTP Request: GET https://api.msrc.microsoft.com/update-guide/rss "HTTP/1.1 200 OK"
2026-09-25 17:57:55,862 [httpx] INFO: HTTP Request: GET https://localhost/ocsapi/v1/computers/listID "HTTP/1.1 200 OK"
2026-09-25 17:57:56,633 [httpx] INFO: HTTP Request: GET https://services.nvd.nist.gov/rest/json/cves/2.0?lastModStartDate=2026-09-25T15%3A27%3A55.000&lastModEndDate=2026-09-25T15%3A57%3A54.000&cvssV3Severity=CRITICAL "HTTP/1.1 200 OK"
2026-09-25 17:57:56,634 [vuln-engine.nvd_delta] INFO: NVD delta: 0 critical CVE(s) since 2026-09-25T15:27:55.014246+00:00
2026-09-25 17:57:56,635 [apscheduler.executors.default] INFO: Job "NVD Delta Collector (trigger: interval[0:30:00], next run at: 2026-09-25 18:27:54 CEST)" executed successfully
2026-09-25 17:57:59,946 [vuln-engine.vendor_rss] INFO: Vendor RSS [microsoft_msrc]: parsed 5110 entries
2026-09-25 17:57:59,959 [httpx] INFO: HTTP Request: GET https://localhost/ocsapi/v1/computer/21/software "HTTP/1.1 200 OK"
2026-09-25 17:57:59,963 [httpx] INFO: HTTP Request: GET https://www.intersystems.com/support/product-alerts-advisories/ "HTTP/1.1 200 OK"
2026-09-25 17:58:00,136 [vuln-engine.intersystems] INFO: InterSystems: found 10 advisories on page
2026-09-25 17:58:00,137 [apscheduler.executors.default] INFO: Job "InterSystems Collector (trigger: interval[1:00:00], next run at: 2026-09-25 18:57:54 CEST)" executed successfully
2026-09-25 17:58:00,990 [httpx] INFO: HTTP Request: GET https://localhost/ocsapi/v1/computer/32/software "HTTP/1.1 200 OK"
2026-09-25 17:58:01,716 [httpx] INFO: HTTP Request: GET https://localhost/ocsapi/v1/computer/33/software "HTTP/1.1 200 OK"
2026-09-25 17:58:02,327 [httpx] INFO: HTTP Request: GET https://localhost/ocsapi/v1/computer/14/software "HTTP/1.1 200 OK"
2026-09-25 17:58:02,945 [httpx] INFO: HTTP Request: GET https://localhost/ocsapi/v1/computer/15/software "HTTP/1.1 200 OK"
2026-09-25 17:58:03,800 [httpx] INFO: HTTP Request: GET https://localhost/ocsapi/v1/computer/4/software "HTTP/1.1 200 OK"
2026-09-25 17:58:04,226 [httpx] INFO: HTTP Request: GET https://localhost/ocsapi/v1/computer/16/software "HTTP/1.1 200 OK"
2026-09-25 17:58:04,294 [httpx] INFO: HTTP Request: GET https://localhost/ocsapi/v1/computer/26/software "HTTP/1.1 200 OK"
2026-09-25 17:58:04,320 [httpx] INFO: HTTP Request: GET https://localhost/ocsapi/v1/computer/10/software "HTTP/1.1 200 OK"
2026-09-25 17:58:04,571 [httpx] INFO: HTTP Request: GET https://localhost/ocsapi/v1/computer/11/software "HTTP/1.1 200 OK"
2026-09-25 17:58:04,636 [httpx] INFO: HTTP Request: GET https://localhost/ocsapi/v1/computer/12/software "HTTP/1.1 200 OK"
2026-09-25 17:58:04,690 [httpx] INFO: HTTP Request: GET https://localhost/ocsapi/v1/computer/13/software "HTTP/1.1 200 OK"
2026-09-25 17:58:04,711 [vuln-engine.ocs_cache] INFO: OCS cache refreshed: 12 machines, 3809 unique packages
2026-09-25 17:58:04,712 [apscheduler.executors.default] INFO: Job "OCS Cache Refresh (trigger: interval[2:00:00], next run at: 2026-09-25 19:57:54 CEST)" executed successfully
2026-09-25 17:58:08,327 [httpx] INFO: HTTP Request: GET https://www.debian.org/security/dsa "HTTP/1.1 200 OK"
2026-09-25 17:58:08,353 [vuln-engine.vendor_rss] INFO: Vendor RSS [debian_dsa]: parsed 30 entries
2026-09-25 17:58:09,633 [httpx] INFO: HTTP Request: GET https://sec.cloudapps.cisco.com/security/center/psirtrss20/CiscoSecurityAdvisory.xml "HTTP/1.1 200 OK"
2026-09-25 17:58:10,003 [vuln-engine.vendor_rss] INFO: Vendor RSS [cisco]: parsed 50 entries
2026-09-25 17:58:10,038 [httpx] INFO: HTTP Request: GET https://www.cert.ssi.gouv.fr/avis/feed/ "HTTP/1.1 200 OK"
2026-09-25 17:58:10,055 [vuln-engine.vendor_rss] INFO: Vendor RSS [certfr_avis]: parsed 40 entries
2026-09-25 17:58:10,086 [httpx] INFO: HTTP Request: GET https://www.cert.ssi.gouv.fr/alerte/feed/ "HTTP/1.1 200 OK"
2026-09-25 17:58:10,104 [vuln-engine.vendor_rss] INFO: Vendor RSS [certfr_alertes]: parsed 40 entries
2026-09-25 17:58:10,316 [httpx] INFO: HTTP Request: GET https://cert.europa.eu/publications/security-advisories-rss "HTTP/1.1 200 OK"
2026-09-25 17:58:10,322 [vuln-engine.vendor_rss] INFO: Vendor RSS [cert_eu]: parsed 10 entries
2026-09-25 17:58:10,377 [httpx] INFO: HTTP Request: GET https://ubuntu.com/security/notices/rss.xml "HTTP/1.1 200 OK"
2026-09-25 17:58:10,383 [vuln-engine.vendor_rss] INFO: Vendor RSS [ubuntu]: parsed 10 entries
2026-09-25 17:58:10,643 [httpx] INFO: HTTP Request: GET https://access.redhat.com/errata-search/feed/?q=*&advisory_type=Security+Advisory&severity=Critical "HTTP/1.1 200 OK"
2026-09-25 17:58:10,692 [vuln-engine.vendor_rss] INFO: Vendor RSS [redhat]: parsed 0 entries
2026-09-25 17:58:10,692 [apscheduler.executors.default] INFO: Job "Vendor RSS Collector (trigger: interval[1:00:00], next run at: 2026-09-25 18:57:54 CEST)" executed successfully
2026-09-25 18:27:54,977 [apscheduler.executors.default] INFO: Running job "NVD Delta Collector (trigger: interval[0:30:00], next run at: 2026-09-25 18:57:54 CEST)" (scheduled at 2026-09-25 18:27:54.974422+02:00)
2026-09-25 18:27:54,978 [vuln-engine.scheduler] INFO: ⏰ Running NVD delta collector...
2026-09-25 18:27:56,267 [httpx] INFO: HTTP Request: GET https://services.nvd.nist.gov/rest/json/cves/2.0?lastModStartDate=2026-09-25T15%3A57%3A54.000&lastModEndDate=2026-09-25T16%3A27%3A54.000&cvssV3Severity=CRITICAL "HTTP/1.1 200 OK"
2026-09-25 18:27:56,269 [vuln-engine.nvd_delta] INFO: NVD delta: 0 critical CVE(s) since 2026-09-25T15:57:54.979040+00:00
2026-09-25 18:27:56,269 [apscheduler.executors.default] INFO: Job "NVD Delta Collector (trigger: interval[0:30:00], next run at: 2026-09-25 18:57:54 CEST)" executed successfully
2026-09-25 18:57:54,977 [apscheduler.executors.default] INFO: Running job "NVD Delta Collector (trigger: interval[0:30:00], next run at: 2026-09-25 19:27:54 CEST)" (scheduled at 2026-09-25 18:57:54.974422+02:00)
2026-09-25 18:57:54,977 [vuln-engine.scheduler] INFO: ⏰ Running NVD delta collector...
2026-09-25 18:57:54,994 [apscheduler.executors.default] INFO: Running job "CISA KEV Collector (trigger: interval[1:00:00], next run at: 2026-09-25 19:57:54 CEST)" (scheduled at 2026-09-25 18:57:54.974597+02:00)
2026-09-25 18:57:54,994 [vuln-engine.scheduler] INFO: ⏰ Running CISA KEV collector...
2026-09-25 18:57:55,005 [apscheduler.executors.default] INFO: Running job "InterSystems Collector (trigger: interval[1:00:00], next run at: 2026-09-25 19:57:54 CEST)" (scheduled at 2026-09-25 18:57:54.974735+02:00)
2026-09-25 18:57:55,005 [vuln-engine.scheduler] INFO: ⏰ Running InterSystems collector...
2026-09-25 18:57:55,018 [apscheduler.executors.default] INFO: Running job "Vendor RSS Collector (trigger: interval[1:00:00], next run at: 2026-09-25 19:57:54 CEST)" (scheduled at 2026-09-25 18:57:54.974861+02:00)
2026-09-25 18:57:55,018 [vuln-engine.scheduler] INFO: ⏰ Running Vendor RSS collector...
2026-09-25 18:57:55,123 [httpx] INFO: HTTP Request: GET https://www.cisa.gov/sites/default/files/feeds/known_exploited_vulnerabilities.json "HTTP/1.1 200 OK"
2026-09-25 18:57:55,203 [apscheduler.executors.default] INFO: Job "CISA KEV Collector (trigger: interval[1:00:00], next run at: 2026-09-25 19:57:54 CEST)" executed successfully
2026-09-25 18:57:55,642 [httpx] INFO: HTTP Request: GET https://api.msrc.microsoft.com/update-guide/rss "HTTP/1.1 200 OK"
2026-09-25 18:57:56,268 [httpx] INFO: HTTP Request: GET https://services.nvd.nist.gov/rest/json/cves/2.0?lastModStartDate=2026-09-25T16%3A27%3A54.000&lastModEndDate=2026-09-25T16%3A57%3A54.000&cvssV3Severity=CRITICAL "HTTP/1.1 200 OK"
2026-09-25 18:57:56,270 [vuln-engine.nvd_delta] INFO: NVD delta: 0 critical CVE(s) since 2026-09-25T16:27:54.978509+00:00
2026-09-25 18:57:56,270 [apscheduler.executors.default] INFO: Job "NVD Delta Collector (trigger: interval[0:30:00], next run at: 2026-09-25 19:27:54 CEST)" executed successfully
2026-09-25 18:57:59,728 [vuln-engine.vendor_rss] INFO: Vendor RSS [microsoft_msrc]: parsed 5110 entries
2026-09-25 18:57:59,744 [httpx] INFO: HTTP Request: GET https://www.intersystems.com/support/product-alerts-advisories/ "HTTP/1.1 200 OK"
2026-09-25 18:57:59,755 [vuln-engine.intersystems] INFO: InterSystems: found 10 advisories on page
2026-09-25 18:57:59,755 [apscheduler.executors.default] INFO: Job "InterSystems Collector (trigger: interval[1:00:00], next run at: 2026-09-25 19:57:54 CEST)" executed successfully
2026-09-25 18:57:59,975 [httpx] INFO: HTTP Request: GET https://www.debian.org/security/dsa "HTTP/1.1 200 OK"
2026-09-25 18:58:00,002 [vuln-engine.vendor_rss] INFO: Vendor RSS [debian_dsa]: parsed 30 entries
2026-09-25 18:58:01,447 [httpx] INFO: HTTP Request: GET https://sec.cloudapps.cisco.com/security/center/psirtrss20/CiscoSecurityAdvisory.xml "HTTP/1.1 200 OK"
2026-09-25 18:58:01,729 [vuln-engine.vendor_rss] INFO: Vendor RSS [cisco]: parsed 50 entries
2026-09-25 18:58:01,763 [httpx] INFO: HTTP Request: GET https://www.cert.ssi.gouv.fr/avis/feed/ "HTTP/1.1 200 OK"
2026-09-25 18:58:01,781 [vuln-engine.vendor_rss] INFO: Vendor RSS [certfr_avis]: parsed 40 entries
2026-09-25 18:58:01,813 [httpx] INFO: HTTP Request: GET https://www.cert.ssi.gouv.fr/alerte/feed/ "HTTP/1.1 200 OK"
2026-09-25 18:58:01,831 [vuln-engine.vendor_rss] INFO: Vendor RSS [certfr_alertes]: parsed 40 entries
2026-09-25 18:58:02,122 [httpx] INFO: HTTP Request: GET https://cert.europa.eu/publications/security-advisories-rss "HTTP/1.1 200 OK"
2026-09-25 18:58:02,129 [vuln-engine.vendor_rss] INFO: Vendor RSS [cert_eu]: parsed 10 entries
2026-09-25 18:58:02,181 [httpx] INFO: HTTP Request: GET https://ubuntu.com/security/notices/rss.xml "HTTP/1.1 200 OK"
2026-09-25 18:58:02,187 [vuln-engine.vendor_rss] INFO: Vendor RSS [ubuntu]: parsed 10 entries
2026-09-25 18:58:02,606 [httpx] INFO: HTTP Request: GET https://access.redhat.com/errata-search/feed/?q=*&advisory_type=Security+Advisory&severity=Critical "HTTP/1.1 200 OK"
2026-09-25 18:58:02,696 [vuln-engine.vendor_rss] INFO: Vendor RSS [redhat]: parsed 0 entries
2026-09-25 18:58:02,696 [apscheduler.executors.default] INFO: Job "Vendor RSS Collector (trigger: interval[1:00:00], next run at: 2026-09-25 19:57:54 CEST)" executed successfully
2026-09-25 19:27:54,978 [apscheduler.executors.default] INFO: Running job "NVD Delta Collector (trigger: interval[0:30:00], next run at: 2026-09-25 19:57:54 CEST)" (scheduled at 2026-09-25 19:27:54.974422+02:00)
2026-09-25 19:27:54,980 [vuln-engine.scheduler] INFO: ⏰ Running NVD delta collector...
2026-09-25 19:27:56,071 [httpx] INFO: HTTP Request: GET https://services.nvd.nist.gov/rest/json/cves/2.0?lastModStartDate=2026-09-25T16%3A57%3A54.000&lastModEndDate=2026-09-25T17%3A27%3A54.000&cvssV3Severity=CRITICAL "HTTP/1.1 200 OK"
2026-09-25 19:27:56,073 [vuln-engine.nvd_delta] INFO: NVD delta: 0 critical CVE(s) since 2026-09-25T16:57:54.978056+00:00
2026-09-25 19:27:56,074 [apscheduler.executors.default] INFO: Job "NVD Delta Collector (trigger: interval[0:30:00], next run at: 2026-09-25 19:57:54 CEST)" executed successfully
2026-09-25 19:57:54,977 [apscheduler.executors.default] INFO: Running job "NVD Delta Collector (trigger: interval[0:30:00], next run at: 2026-09-25 20:27:54 CEST)" (scheduled at 2026-09-25 19:57:54.974422+02:00)
2026-09-25 19:57:54,978 [vuln-engine.scheduler] INFO: ⏰ Running NVD delta collector...
2026-09-25 19:57:54,994 [apscheduler.executors.default] INFO: Running job "CISA KEV Collector (trigger: interval[1:00:00], next run at: 2026-09-25 20:57:54 CEST)" (scheduled at 2026-09-25 19:57:54.974597+02:00)
2026-09-25 19:57:54,994 [vuln-engine.scheduler] INFO: ⏰ Running CISA KEV collector...
2026-09-25 19:57:55,006 [apscheduler.executors.default] INFO: Running job "InterSystems Collector (trigger: interval[1:00:00], next run at: 2026-09-25 20:57:54 CEST)" (scheduled at 2026-09-25 19:57:54.974735+02:00)
2026-09-25 19:57:55,006 [vuln-engine.scheduler] INFO: ⏰ Running InterSystems collector...
2026-09-25 19:57:55,018 [apscheduler.executors.default] INFO: Running job "Vendor RSS Collector (trigger: interval[1:00:00], next run at: 2026-09-25 20:57:54 CEST)" (scheduled at 2026-09-25 19:57:54.974861+02:00)
2026-09-25 19:57:55,018 [vuln-engine.scheduler] INFO: ⏰ Running Vendor RSS collector...
2026-09-25 19:57:55,030 [apscheduler.executors.default] INFO: Running job "OCS Cache Refresh (trigger: interval[2:00:00], next run at: 2026-09-25 21:57:54 CEST)" (scheduled at 2026-09-25 19:57:54.974982+02:00)
2026-09-25 19:57:55,030 [vuln-engine.ocs_cache] INFO: Refreshing OCS inventory cache...
2026-09-25 19:57:55,089 [httpx] INFO: HTTP Request: GET https://localhost/ocsapi/v1/computers/listID "HTTP/1.1 200 OK"
2026-09-25 19:57:55,155 [httpx] INFO: HTTP Request: GET https://www.cisa.gov/sites/default/files/feeds/known_exploited_vulnerabilities.json "HTTP/1.1 200 OK"
2026-09-25 19:57:55,165 [httpx] INFO: HTTP Request: GET https://localhost/ocsapi/v1/computer/21/software "HTTP/1.1 200 OK"
2026-09-25 19:57:55,214 [apscheduler.executors.default] INFO: Job "CISA KEV Collector (trigger: interval[1:00:00], next run at: 2026-09-25 20:57:54 CEST)" executed successfully
2026-09-25 19:57:55,255 [httpx] INFO: HTTP Request: GET https://localhost/ocsapi/v1/computer/32/software "HTTP/1.1 200 OK"
2026-09-25 19:57:55,310 [httpx] INFO: HTTP Request: GET https://localhost/ocsapi/v1/computer/33/software "HTTP/1.1 200 OK"
2026-09-25 19:57:55,336 [httpx] INFO: HTTP Request: GET https://localhost/ocsapi/v1/computer/14/software "HTTP/1.1 200 OK"
2026-09-25 19:57:55,355 [httpx] INFO: HTTP Request: GET https://localhost/ocsapi/v1/computer/15/software "HTTP/1.1 200 OK"
2026-09-25 19:57:55,447 [httpx] INFO: HTTP Request: GET https://localhost/ocsapi/v1/computer/4/software "HTTP/1.1 200 OK"
2026-09-25 19:57:55,673 [httpx] INFO: HTTP Request: GET https://localhost/ocsapi/v1/computer/16/software "HTTP/1.1 200 OK"
2026-09-25 19:57:55,718 [httpx] INFO: HTTP Request: GET https://localhost/ocsapi/v1/computer/26/software "HTTP/1.1 200 OK"
2026-09-25 19:57:55,735 [httpx] INFO: HTTP Request: GET https://localhost/ocsapi/v1/computer/10/software "HTTP/1.1 200 OK"
2026-09-25 19:57:55,816 [httpx] INFO: HTTP Request: GET https://localhost/ocsapi/v1/computer/11/software "HTTP/1.1 200 OK"
2026-09-25 19:57:55,850 [httpx] INFO: HTTP Request: GET https://api.msrc.microsoft.com/update-guide/rss "HTTP/1.1 200 OK"
2026-09-25 19:57:55,861 [httpx] INFO: HTTP Request: GET https://localhost/ocsapi/v1/computer/12/software "HTTP/1.1 200 OK"
2026-09-25 19:57:55,874 [httpx] INFO: HTTP Request: GET https://localhost/ocsapi/v1/computer/13/software "HTTP/1.1 200 OK"
2026-09-25 19:57:55,881 [vuln-engine.ocs_cache] INFO: OCS cache refreshed: 12 machines, 3810 unique packages
2026-09-25 19:57:55,881 [apscheduler.executors.default] INFO: Job "OCS Cache Refresh (trigger: interval[2:00:00], next run at: 2026-09-25 21:57:54 CEST)" executed successfully
2026-09-25 19:57:56,096 [httpx] INFO: HTTP Request: GET https://services.nvd.nist.gov/rest/json/cves/2.0?lastModStartDate=2026-09-25T17%3A27%3A54.000&lastModEndDate=2026-09-25T17%3A57%3A54.000&cvssV3Severity=CRITICAL "HTTP/1.1 200 OK"
2026-09-25 19:57:56,097 [vuln-engine.nvd_delta] INFO: NVD delta: 0 critical CVE(s) since 2026-09-25T17:27:54.980246+00:00
2026-09-25 19:57:56,097 [apscheduler.executors.default] INFO: Job "NVD Delta Collector (trigger: interval[0:30:00], next run at: 2026-09-25 20:27:54 CEST)" executed successfully
2026-09-25 19:57:59,504 [vuln-engine.vendor_rss] INFO: Vendor RSS [microsoft_msrc]: parsed 5111 entries
2026-09-25 19:57:59,522 [httpx] INFO: HTTP Request: GET https://www.intersystems.com/support/product-alerts-advisories/ "HTTP/1.1 200 OK"
2026-09-25 19:57:59,535 [vuln-engine.intersystems] INFO: InterSystems: found 10 advisories on page
2026-09-25 19:57:59,536 [apscheduler.executors.default] INFO: Job "InterSystems Collector (trigger: interval[1:00:00], next run at: 2026-09-25 20:57:54 CEST)" executed successfully
2026-09-25 19:57:59,758 [httpx] INFO: HTTP Request: GET https://www.debian.org/security/dsa "HTTP/1.1 200 OK"
2026-09-25 19:57:59,784 [vuln-engine.vendor_rss] INFO: Vendor RSS [debian_dsa]: parsed 30 entries
2026-09-25 19:58:01,117 [httpx] INFO: HTTP Request: GET https://sec.cloudapps.cisco.com/security/center/psirtrss20/CiscoSecurityAdvisory.xml "HTTP/1.1 200 OK"
2026-09-25 19:58:01,399 [vuln-engine.vendor_rss] INFO: Vendor RSS [cisco]: parsed 50 entries
2026-09-25 19:58:01,432 [httpx] INFO: HTTP Request: GET https://www.cert.ssi.gouv.fr/avis/feed/ "HTTP/1.1 200 OK"
2026-09-25 19:58:01,449 [vuln-engine.vendor_rss] INFO: Vendor RSS [certfr_avis]: parsed 40 entries
2026-09-25 19:58:01,481 [httpx] INFO: HTTP Request: GET https://www.cert.ssi.gouv.fr/alerte/feed/ "HTTP/1.1 200 OK"
2026-09-25 19:58:01,502 [vuln-engine.vendor_rss] INFO: Vendor RSS [certfr_alertes]: parsed 40 entries
2026-09-25 19:58:01,737 [httpx] INFO: HTTP Request: GET https://cert.europa.eu/publications/security-advisories-rss "HTTP/1.1 200 OK"
2026-09-25 19:58:01,743 [vuln-engine.vendor_rss] INFO: Vendor RSS [cert_eu]: parsed 10 entries
2026-09-25 19:58:01,790 [httpx] INFO: HTTP Request: GET https://ubuntu.com/security/notices/rss.xml "HTTP/1.1 200 OK"
2026-09-25 19:58:01,796 [vuln-engine.vendor_rss] INFO: Vendor RSS [ubuntu]: parsed 10 entries
2026-09-25 19:58:02,059 [httpx] INFO: HTTP Request: GET https://access.redhat.com/errata-search/feed/?q=*&advisory_type=Security+Advisory&severity=Critical "HTTP/1.1 200 OK"
2026-09-25 19:58:02,107 [vuln-engine.vendor_rss] INFO: Vendor RSS [redhat]: parsed 0 entries
2026-09-25 19:58:02,108 [vuln-engine.vendor_rss] WARNING: Vendor RSS: 1 new HIGH+/zero-day advisory(ies)
2026-09-25 19:58:02,108 [vuln-engine.matching] INFO: Matching: 0/1 alerts matched
2026-09-25 19:58:02,108 [apscheduler.executors.default] INFO: Job "Vendor RSS Collector (trigger: interval[1:00:00], next run at: 2026-09-25 20:57:54 CEST)" executed successfully
2026-09-25 20:27:54,978 [apscheduler.executors.default] INFO: Running job "NVD Delta Collector (trigger: interval[0:30:00], next run at: 2026-09-25 20:57:54 CEST)" (scheduled at 2026-09-25 20:27:54.974422+02:00)
2026-09-25 20:27:54,979 [vuln-engine.scheduler] INFO: ⏰ Running NVD delta collector...
2026-09-25 20:27:56,339 [httpx] INFO: HTTP Request: GET https://services.nvd.nist.gov/rest/json/cves/2.0?lastModStartDate=2026-09-25T17%3A57%3A54.000&lastModEndDate=2026-09-25T18%3A27%3A54.000&cvssV3Severity=CRITICAL "HTTP/1.1 200 OK"
2026-09-25 20:27:56,342 [vuln-engine.nvd_delta] INFO: NVD delta: 2 critical CVE(s) since 2026-09-25T17:57:54.978696+00:00
2026-09-25 20:27:56,343 [vuln-engine.matching] INFO: Matching: 0/2 alerts matched
2026-09-25 20:27:56,343 [apscheduler.executors.default] INFO: Job "NVD Delta Collector (trigger: interval[0:30:00], next run at: 2026-09-25 20:57:54 CEST)" executed successfully
2026-09-25 20:57:54,977 [apscheduler.executors.default] INFO: Running job "NVD Delta Collector (trigger: interval[0:30:00], next run at: 2026-09-25 21:27:54 CEST)" (scheduled at 2026-09-25 20:57:54.974422+02:00)
2026-09-25 20:57:54,977 [vuln-engine.scheduler] INFO: ⏰ Running NVD delta collector...
2026-09-25 20:57:54,996 [apscheduler.executors.default] INFO: Running job "CISA KEV Collector (trigger: interval[1:00:00], next run at: 2026-09-25 21:57:54 CEST)" (scheduled at 2026-09-25 20:57:54.974597+02:00)
2026-09-25 20:57:54,997 [vuln-engine.scheduler] INFO: ⏰ Running CISA KEV collector...
2026-09-25 20:57:55,011 [apscheduler.executors.default] INFO: Running job "InterSystems Collector (trigger: interval[1:00:00], next run at: 2026-09-25 21:57:54 CEST)" (scheduled at 2026-09-25 20:57:54.974735+02:00)
2026-09-25 20:57:55,011 [vuln-engine.scheduler] INFO: ⏰ Running InterSystems collector...
2026-09-25 20:57:55,024 [apscheduler.executors.default] INFO: Running job "Vendor RSS Collector (trigger: interval[1:00:00], next run at: 2026-09-25 21:57:54 CEST)" (scheduled at 2026-09-25 20:57:54.974861+02:00)
2026-09-25 20:57:55,024 [vuln-engine.scheduler] INFO: ⏰ Running Vendor RSS collector...
2026-09-25 20:57:55,145 [httpx] INFO: HTTP Request: GET https://www.cisa.gov/sites/default/files/feeds/known_exploited_vulnerabilities.json "HTTP/1.1 200 OK"
2026-09-25 20:57:55,192 [apscheduler.executors.default] INFO: Job "CISA KEV Collector (trigger: interval[1:00:00], next run at: 2026-09-25 21:57:54 CEST)" executed successfully
2026-09-25 20:57:55,641 [httpx] INFO: HTTP Request: GET https://api.msrc.microsoft.com/update-guide/rss "HTTP/1.1 200 OK"
2026-09-25 20:57:56,047 [httpx] INFO: HTTP Request: GET https://services.nvd.nist.gov/rest/json/cves/2.0?lastModStartDate=2026-09-25T18%3A27%3A54.000&lastModEndDate=2026-09-25T18%3A57%3A54.000&cvssV3Severity=CRITICAL "HTTP/1.1 200 OK"
2026-09-25 20:57:56,048 [vuln-engine.nvd_delta] INFO: NVD delta: 0 critical CVE(s) since 2026-09-25T18:27:54.979579+00:00
2026-09-25 20:57:56,048 [apscheduler.executors.default] INFO: Job "NVD Delta Collector (trigger: interval[0:30:00], next run at: 2026-09-25 21:27:54 CEST)" executed successfully
2026-09-25 20:57:59,047 [vuln-engine.vendor_rss] INFO: Vendor RSS [microsoft_msrc]: parsed 5112 entries
2026-09-25 20:57:59,063 [httpx] INFO: HTTP Request: GET https://www.intersystems.com/support/product-alerts-advisories/ "HTTP/1.1 200 OK"
2026-09-25 20:57:59,075 [vuln-engine.intersystems] INFO: InterSystems: found 10 advisories on page
2026-09-25 20:57:59,076 [apscheduler.executors.default] INFO: Job "InterSystems Collector (trigger: interval[1:00:00], next run at: 2026-09-25 21:57:54 CEST)" executed successfully
2026-09-25 20:57:59,177 [httpx] INFO: HTTP Request: GET https://www.debian.org/security/dsa "HTTP/1.1 200 OK"
2026-09-25 20:57:59,207 [vuln-engine.vendor_rss] INFO: Vendor RSS [debian_dsa]: parsed 30 entries
2026-09-25 20:58:00,551 [httpx] INFO: HTTP Request: GET https://sec.cloudapps.cisco.com/security/center/psirtrss20/CiscoSecurityAdvisory.xml "HTTP/1.1 200 OK"
2026-09-25 20:58:00,914 [vuln-engine.vendor_rss] INFO: Vendor RSS [cisco]: parsed 50 entries
2026-09-25 20:58:00,947 [httpx] INFO: HTTP Request: GET https://www.cert.ssi.gouv.fr/avis/feed/ "HTTP/1.1 200 OK"
2026-09-25 20:58:00,977 [vuln-engine.vendor_rss] INFO: Vendor RSS [certfr_avis]: parsed 40 entries
2026-09-25 20:58:01,029 [httpx] INFO: HTTP Request: GET https://www.cert.ssi.gouv.fr/alerte/feed/ "HTTP/1.1 200 OK"
2026-09-25 20:58:01,046 [vuln-engine.vendor_rss] INFO: Vendor RSS [certfr_alertes]: parsed 40 entries
2026-09-25 20:58:01,310 [httpx] INFO: HTTP Request: GET https://cert.europa.eu/publications/security-advisories-rss "HTTP/1.1 200 OK"
2026-09-25 20:58:01,321 [vuln-engine.vendor_rss] INFO: Vendor RSS [cert_eu]: parsed 10 entries
2026-09-25 20:58:01,386 [httpx] INFO: HTTP Request: GET https://ubuntu.com/security/notices/rss.xml "HTTP/1.1 200 OK"
2026-09-25 20:58:01,392 [vuln-engine.vendor_rss] INFO: Vendor RSS [ubuntu]: parsed 10 entries
2026-09-25 20:58:01,751 [httpx] INFO: HTTP Request: GET https://access.redhat.com/errata-search/feed/?q=*&advisory_type=Security+Advisory&severity=Critical "HTTP/1.1 200 OK"
2026-09-25 20:58:01,801 [vuln-engine.vendor_rss] INFO: Vendor RSS [redhat]: parsed 0 entries
2026-09-25 20:58:01,802 [apscheduler.executors.default] INFO: Job "Vendor RSS Collector (trigger: interval[1:00:00], next run at: 2026-09-25 21:57:54 CEST)" executed successfully
2026-09-25 21:27:54,977 [apscheduler.executors.default] INFO: Running job "NVD Delta Collector (trigger: interval[0:30:00], next run at: 2026-09-25 21:57:54 CEST)" (scheduled at 2026-09-25 21:27:54.974422+02:00)
2026-09-25 21:27:54,977 [vuln-engine.scheduler] INFO: ⏰ Running NVD delta collector...
2026-09-25 21:27:56,056 [httpx] INFO: HTTP Request: GET https://services.nvd.nist.gov/rest/json/cves/2.0?lastModStartDate=2026-09-25T18%3A57%3A54.000&lastModEndDate=2026-09-25T19%3A27%3A54.000&cvssV3Severity=CRITICAL "HTTP/1.1 200 OK"
2026-09-25 21:27:56,058 [vuln-engine.nvd_delta] INFO: NVD delta: 2 critical CVE(s) since 2026-09-25T18:57:54.978061+00:00
2026-09-25 21:27:56,058 [vuln-engine.matching] INFO: Matching: 0/2 alerts matched
2026-09-25 21:27:56,059 [apscheduler.executors.default] INFO: Job "NVD Delta Collector (trigger: interval[0:30:00], next run at: 2026-09-25 21:57:54 CEST)" executed successfully
2026-09-25 21:57:54,977 [apscheduler.executors.default] INFO: Running job "NVD Delta Collector (trigger: interval[0:30:00], next run at: 2026-09-25 22:27:54 CEST)" (scheduled at 2026-09-25 21:57:54.974422+02:00)
2026-09-25 21:57:54,979 [vuln-engine.scheduler] INFO: ⏰ Running NVD delta collector...
2026-09-25 21:57:54,996 [apscheduler.executors.default] INFO: Running job "CISA KEV Collector (trigger: interval[1:00:00], next run at: 2026-09-25 22:57:54 CEST)" (scheduled at 2026-09-25 21:57:54.974597+02:00)
2026-09-25 21:57:54,996 [vuln-engine.scheduler] INFO: ⏰ Running CISA KEV collector...
2026-09-25 21:57:55,009 [apscheduler.executors.default] INFO: Running job "InterSystems Collector (trigger: interval[1:00:00], next run at: 2026-09-25 22:57:54 CEST)" (scheduled at 2026-09-25 21:57:54.974735+02:00)
2026-09-25 21:57:55,009 [vuln-engine.scheduler] INFO: ⏰ Running InterSystems collector...
2026-09-25 21:57:55,022 [apscheduler.executors.default] INFO: Running job "Vendor RSS Collector (trigger: interval[1:00:00], next run at: 2026-09-25 22:57:54 CEST)" (scheduled at 2026-09-25 21:57:54.974861+02:00)
2026-09-25 21:57:55,022 [vuln-engine.scheduler] INFO: ⏰ Running Vendor RSS collector...
2026-09-25 21:57:55,034 [apscheduler.executors.default] INFO: Running job "OCS Cache Refresh (trigger: interval[2:00:00], next run at: 2026-09-25 23:57:54 CEST)" (scheduled at 2026-09-25 21:57:54.974982+02:00)
2026-09-25 21:57:55,035 [vuln-engine.ocs_cache] INFO: Refreshing OCS inventory cache...
2026-09-25 21:57:55,064 [httpx] INFO: HTTP Request: GET https://localhost/ocsapi/v1/computers/listID "HTTP/1.1 200 OK"
2026-09-25 21:57:55,133 [httpx] INFO: HTTP Request: GET https://www.cisa.gov/sites/default/files/feeds/known_exploited_vulnerabilities.json "HTTP/1.1 200 OK"
2026-09-25 21:57:55,180 [vuln-engine.cisa_kev] WARNING: CISA KEV: 1 NEW actively exploited CVE(s)!
2026-09-25 21:57:55,182 [vuln-engine.matching] INFO: Matching: 0/1 alerts matched
2026-09-25 21:57:55,182 [apscheduler.executors.default] INFO: Job "CISA KEV Collector (trigger: interval[1:00:00], next run at: 2026-09-25 22:57:54 CEST)" executed successfully
2026-09-25 21:57:55,210 [httpx] INFO: HTTP Request: GET https://localhost/ocsapi/v1/computer/21/software "HTTP/1.1 200 OK"
2026-09-25 21:57:55,265 [httpx] INFO: HTTP Request: GET https://localhost/ocsapi/v1/computer/32/software "HTTP/1.1 200 OK"
2026-09-25 21:57:55,308 [httpx] INFO: HTTP Request: GET https://localhost/ocsapi/v1/computer/33/software "HTTP/1.1 200 OK"
2026-09-25 21:57:55,332 [httpx] INFO: HTTP Request: GET https://localhost/ocsapi/v1/computer/14/software "HTTP/1.1 200 OK"
2026-09-25 21:57:55,351 [httpx] INFO: HTTP Request: GET https://localhost/ocsapi/v1/computer/15/software "HTTP/1.1 200 OK"
2026-09-25 21:57:55,411 [httpx] INFO: HTTP Request: GET https://localhost/ocsapi/v1/computer/4/software "HTTP/1.1 200 OK"
2026-09-25 21:57:55,458 [httpx] INFO: HTTP Request: GET https://localhost/ocsapi/v1/computer/16/software "HTTP/1.1 200 OK"
2026-09-25 21:57:55,501 [httpx] INFO: HTTP Request: GET https://localhost/ocsapi/v1/computer/26/software "HTTP/1.1 200 OK"
2026-09-25 21:57:55,522 [httpx] INFO: HTTP Request: GET https://localhost/ocsapi/v1/computer/10/software "HTTP/1.1 200 OK"
2026-09-25 21:57:55,597 [httpx] INFO: HTTP Request: GET https://localhost/ocsapi/v1/computer/11/software "HTTP/1.1 200 OK"
2026-09-25 21:57:55,630 [httpx] INFO: HTTP Request: GET https://localhost/ocsapi/v1/computer/12/software "HTTP/1.1 200 OK"
2026-09-25 21:57:55,642 [httpx] INFO: HTTP Request: GET https://api.msrc.microsoft.com/update-guide/rss "HTTP/1.1 200 OK"
2026-09-25 21:57:55,646 [httpx] INFO: HTTP Request: GET https://localhost/ocsapi/v1/computer/13/software "HTTP/1.1 200 OK"
2026-09-25 21:57:55,650 [vuln-engine.ocs_cache] INFO: OCS cache refreshed: 12 machines, 3810 unique packages
2026-09-25 21:57:55,650 [apscheduler.executors.default] INFO: Job "OCS Cache Refresh (trigger: interval[2:00:00], next run at: 2026-09-25 23:57:54 CEST)" executed successfully
2026-09-25 21:57:56,146 [httpx] INFO: HTTP Request: GET https://services.nvd.nist.gov/rest/json/cves/2.0?lastModStartDate=2026-09-25T19%3A27%3A54.000&lastModEndDate=2026-09-25T19%3A57%3A54.000&cvssV3Severity=CRITICAL "HTTP/1.1 200 OK"
2026-09-25 21:57:56,148 [vuln-engine.nvd_delta] INFO: NVD delta: 0 critical CVE(s) since 2026-09-25T19:27:54.977862+00:00
2026-09-25 21:57:56,148 [apscheduler.executors.default] INFO: Job "NVD Delta Collector (trigger: interval[0:30:00], next run at: 2026-09-25 22:27:54 CEST)" executed successfully
2026-09-25 21:57:59,249 [vuln-engine.vendor_rss] INFO: Vendor RSS [microsoft_msrc]: parsed 5113 entries
2026-09-25 21:57:59,265 [httpx] INFO: HTTP Request: GET https://www.intersystems.com/support/product-alerts-advisories/ "HTTP/1.1 200 OK"
2026-09-25 21:57:59,277 [vuln-engine.intersystems] INFO: InterSystems: found 10 advisories on page
2026-09-25 21:57:59,277 [apscheduler.executors.default] INFO: Job "InterSystems Collector (trigger: interval[1:00:00], next run at: 2026-09-25 22:57:54 CEST)" executed successfully
2026-09-25 21:57:59,453 [httpx] INFO: HTTP Request: GET https://www.debian.org/security/dsa "HTTP/1.1 200 OK"
2026-09-25 21:57:59,481 [vuln-engine.vendor_rss] INFO: Vendor RSS [debian_dsa]: parsed 30 entries
2026-09-25 21:58:00,851 [httpx] INFO: HTTP Request: GET https://sec.cloudapps.cisco.com/security/center/psirtrss20/CiscoSecurityAdvisory.xml "HTTP/1.1 200 OK"
2026-09-25 21:58:01,136 [vuln-engine.vendor_rss] INFO: Vendor RSS [cisco]: parsed 50 entries
2026-09-25 21:58:01,184 [httpx] INFO: HTTP Request: GET https://www.cert.ssi.gouv.fr/avis/feed/ "HTTP/1.1 200 OK"
2026-09-25 21:58:01,203 [vuln-engine.vendor_rss] INFO: Vendor RSS [certfr_avis]: parsed 40 entries
2026-09-25 21:58:01,245 [httpx] INFO: HTTP Request: GET https://www.cert.ssi.gouv.fr/alerte/feed/ "HTTP/1.1 200 OK"
2026-09-25 21:58:01,263 [vuln-engine.vendor_rss] INFO: Vendor RSS [certfr_alertes]: parsed 40 entries
2026-09-25 21:58:01,474 [httpx] INFO: HTTP Request: GET https://cert.europa.eu/publications/security-advisories-rss "HTTP/1.1 200 OK"
2026-09-25 21:58:01,480 [vuln-engine.vendor_rss] INFO: Vendor RSS [cert_eu]: parsed 10 entries
2026-09-25 21:58:01,534 [httpx] INFO: HTTP Request: GET https://ubuntu.com/security/notices/rss.xml "HTTP/1.1 200 OK"
2026-09-25 21:58:01,541 [vuln-engine.vendor_rss] INFO: Vendor RSS [ubuntu]: parsed 10 entries
2026-09-25 21:58:01,826 [httpx] INFO: HTTP Request: GET https://access.redhat.com/errata-search/feed/?q=*&advisory_type=Security+Advisory&severity=Critical "HTTP/1.1 200 OK"
2026-09-25 21:58:01,872 [vuln-engine.vendor_rss] INFO: Vendor RSS [redhat]: parsed 0 entries
2026-09-25 21:58:01,872 [vuln-engine.vendor_rss] WARNING: Vendor RSS: 1 new HIGH+/zero-day advisory(ies)
2026-09-25 21:58:01,872 [vuln-engine.matching] INFO: Matching: 0/1 alerts matched
2026-09-25 21:58:01,872 [apscheduler.executors.default] INFO: Job "Vendor RSS Collector (trigger: interval[1:00:00], next run at: 2026-09-25 22:57:54 CEST)" executed successfully
2026-09-25 22:27:54,976 [apscheduler.executors.default] INFO: Running job "NVD Delta Collector (trigger: interval[0:30:00], next run at: 2026-09-25 22:57:54 CEST)" (scheduled at 2026-09-25 22:27:54.974422+02:00)
2026-09-25 22:27:54,977 [vuln-engine.scheduler] INFO: ⏰ Running NVD delta collector...
2026-09-25 22:27:56,141 [httpx] INFO: HTTP Request: GET https://services.nvd.nist.gov/rest/json/cves/2.0?lastModStartDate=2026-09-25T19%3A57%3A54.000&lastModEndDate=2026-09-25T20%3A27%3A54.000&cvssV3Severity=CRITICAL "HTTP/1.1 200 OK"
2026-09-25 22:27:56,143 [vuln-engine.nvd_delta] INFO: NVD delta: 4 critical CVE(s) since 2026-09-25T19:57:54.979292+00:00
2026-09-25 22:27:56,144 [vuln-engine.matching] INFO: Matching: 0/4 alerts matched
2026-09-25 22:27:56,144 [apscheduler.executors.default] INFO: Job "NVD Delta Collector (trigger: interval[0:30:00], next run at: 2026-09-25 22:57:54 CEST)" executed successfully
2026-09-25 22:57:54,977 [apscheduler.executors.default] INFO: Running job "NVD Delta Collector (trigger: interval[0:30:00], next run at: 2026-09-25 23:27:54 CEST)" (scheduled at 2026-09-25 22:57:54.974422+02:00)
2026-09-25 22:57:54,978 [vuln-engine.scheduler] INFO: ⏰ Running NVD delta collector...
2026-09-25 22:57:55,000 [apscheduler.executors.default] INFO: Running job "CISA KEV Collector (trigger: interval[1:00:00], next run at: 2026-09-25 23:57:54 CEST)" (scheduled at 2026-09-25 22:57:54.974597+02:00)
2026-09-25 22:57:55,001 [vuln-engine.scheduler] INFO: ⏰ Running CISA KEV collector...
2026-09-25 22:57:55,018 [apscheduler.executors.default] INFO: Running job "InterSystems Collector (trigger: interval[1:00:00], next run at: 2026-09-25 23:57:54 CEST)" (scheduled at 2026-09-25 22:57:54.974735+02:00)
2026-09-25 22:57:55,018 [vuln-engine.scheduler] INFO: ⏰ Running InterSystems collector...
2026-09-25 22:57:55,034 [apscheduler.executors.default] INFO: Running job "Vendor RSS Collector (trigger: interval[1:00:00], next run at: 2026-09-25 23:57:54 CEST)" (scheduled at 2026-09-25 22:57:54.974861+02:00)
2026-09-25 22:57:55,034 [vuln-engine.scheduler] INFO: ⏰ Running Vendor RSS collector...
2026-09-25 22:57:55,143 [httpx] INFO: HTTP Request: GET https://www.cisa.gov/sites/default/files/feeds/known_exploited_vulnerabilities.json "HTTP/1.1 200 OK"
2026-09-25 22:57:55,195 [apscheduler.executors.default] INFO: Job "CISA KEV Collector (trigger: interval[1:00:00], next run at: 2026-09-25 23:57:54 CEST)" executed successfully
2026-09-25 22:57:55,241 [httpx] INFO: HTTP Request: GET https://api.msrc.microsoft.com/update-guide/rss "HTTP/1.1 200 OK"
2026-09-25 22:57:58,012 [vuln-engine.vendor_rss] INFO: Vendor RSS [microsoft_msrc]: parsed 5114 entries
2026-09-25 22:57:58,028 [httpx] INFO: HTTP Request: GET https://services.nvd.nist.gov/rest/json/cves/2.0?lastModStartDate=2026-09-25T20%3A27%3A54.000&lastModEndDate=2026-09-25T20%3A57%3A54.000&cvssV3Severity=CRITICAL "HTTP/1.1 200 OK"
2026-09-25 22:57:58,029 [httpx] INFO: HTTP Request: GET https://www.intersystems.com/support/product-alerts-advisories/ "HTTP/1.1 200 OK"
2026-09-25 22:57:58,033 [vuln-engine.nvd_delta] INFO: NVD delta: 0 critical CVE(s) since 2026-09-25T20:27:54.977271+00:00
2026-09-25 22:57:58,033 [apscheduler.executors.default] INFO: Job "NVD Delta Collector (trigger: interval[0:30:00], next run at: 2026-09-25 23:27:54 CEST)" executed successfully
2026-09-25 22:57:58,037 [vuln-engine.intersystems] INFO: InterSystems: found 10 advisories on page
2026-09-25 22:57:58,037 [apscheduler.executors.default] INFO: Job "InterSystems Collector (trigger: interval[1:00:00], next run at: 2026-09-25 23:57:54 CEST)" executed successfully
2026-09-25 22:57:58,138 [httpx] INFO: HTTP Request: GET https://www.debian.org/security/dsa "HTTP/1.1 200 OK"
2026-09-25 22:57:58,165 [vuln-engine.vendor_rss] INFO: Vendor RSS [debian_dsa]: parsed 30 entries
2026-09-25 22:57:59,529 [httpx] INFO: HTTP Request: GET https://sec.cloudapps.cisco.com/security/center/psirtrss20/CiscoSecurityAdvisory.xml "HTTP/1.1 200 OK"
2026-09-25 22:57:59,813 [vuln-engine.vendor_rss] INFO: Vendor RSS [cisco]: parsed 50 entries
2026-09-25 22:57:59,847 [httpx] INFO: HTTP Request: GET https://www.cert.ssi.gouv.fr/avis/feed/ "HTTP/1.1 200 OK"
2026-09-25 22:57:59,865 [vuln-engine.vendor_rss] INFO: Vendor RSS [certfr_avis]: parsed 40 entries
2026-09-25 22:57:59,897 [httpx] INFO: HTTP Request: GET https://www.cert.ssi.gouv.fr/alerte/feed/ "HTTP/1.1 200 OK"
2026-09-25 22:57:59,916 [vuln-engine.vendor_rss] INFO: Vendor RSS [certfr_alertes]: parsed 40 entries
2026-09-25 22:58:00,137 [httpx] INFO: HTTP Request: GET https://cert.europa.eu/publications/security-advisories-rss "HTTP/1.1 200 OK"
2026-09-25 22:58:00,143 [vuln-engine.vendor_rss] INFO: Vendor RSS [cert_eu]: parsed 10 entries
2026-09-25 22:58:00,199 [httpx] INFO: HTTP Request: GET https://ubuntu.com/security/notices/rss.xml "HTTP/1.1 200 OK"
2026-09-25 22:58:00,206 [vuln-engine.vendor_rss] INFO: Vendor RSS [ubuntu]: parsed 10 entries
2026-09-25 22:58:00,577 [httpx] INFO: HTTP Request: GET https://access.redhat.com/errata-search/feed/?q=*&advisory_type=Security+Advisory&severity=Critical "HTTP/1.1 200 OK"
2026-09-25 22:58:00,630 [vuln-engine.vendor_rss] INFO: Vendor RSS [redhat]: parsed 0 entries
2026-09-25 22:58:00,630 [apscheduler.executors.default] INFO: Job "Vendor RSS Collector (trigger: interval[1:00:00], next run at: 2026-09-25 23:57:54 CEST)" executed successfully
2026-09-25 23:27:54,976 [apscheduler.executors.default] INFO: Running job "NVD Delta Collector (trigger: interval[0:30:00], next run at: 2026-09-25 23:57:54 CEST)" (scheduled at 2026-09-25 23:27:54.974422+02:00)
2026-09-25 23:27:54,977 [vuln-engine.scheduler] INFO: ⏰ Running NVD delta collector...
2026-09-25 23:27:56,453 [httpx] INFO: HTTP Request: GET https://services.nvd.nist.gov/rest/json/cves/2.0?lastModStartDate=2026-09-25T20%3A57%3A54.000&lastModEndDate=2026-09-25T21%3A27%3A54.000&cvssV3Severity=CRITICAL "HTTP/1.1 200 OK"
2026-09-25 23:27:56,454 [vuln-engine.nvd_delta] INFO: NVD delta: 0 critical CVE(s) since 2026-09-25T20:57:54.978455+00:00
2026-09-25 23:27:56,455 [apscheduler.executors.default] INFO: Job "NVD Delta Collector (trigger: interval[0:30:00], next run at: 2026-09-25 23:57:54 CEST)" executed successfully
2026-09-25 23:57:54,976 [apscheduler.executors.default] INFO: Running job "NVD Delta Collector (trigger: interval[0:30:00], next run at: 2026-09-26 00:27:54 CEST)" (scheduled at 2026-09-25 23:57:54.974422+02:00)
2026-09-25 23:57:54,977 [vuln-engine.scheduler] INFO: ⏰ Running NVD delta collector...
2026-09-25 23:57:54,993 [apscheduler.executors.default] INFO: Running job "CISA KEV Collector (trigger: interval[1:00:00], next run at: 2026-09-26 00:57:54 CEST)" (scheduled at 2026-09-25 23:57:54.974597+02:00)
2026-09-25 23:57:54,993 [vuln-engine.scheduler] INFO: ⏰ Running CISA KEV collector...
2026-09-25 23:57:55,005 [apscheduler.executors.default] INFO: Running job "InterSystems Collector (trigger: interval[1:00:00], next run at: 2026-09-26 00:57:54 CEST)" (scheduled at 2026-09-25 23:57:54.974735+02:00)
2026-09-25 23:57:55,006 [vuln-engine.scheduler] INFO: ⏰ Running InterSystems collector...
2026-09-25 23:57:55,017 [apscheduler.executors.default] INFO: Running job "Vendor RSS Collector (trigger: interval[1:00:00], next run at: 2026-09-26 00:57:54 CEST)" (scheduled at 2026-09-25 23:57:54.974861+02:00)
2026-09-25 23:57:55,017 [vuln-engine.scheduler] INFO: ⏰ Running Vendor RSS collector...
2026-09-25 23:57:55,030 [apscheduler.executors.default] INFO: Running job "OCS Cache Refresh (trigger: interval[2:00:00], next run at: 2026-09-26 01:57:54 CEST)" (scheduled at 2026-09-25 23:57:54.974982+02:00)
2026-09-25 23:57:55,030 [vuln-engine.ocs_cache] INFO: Refreshing OCS inventory cache...
2026-09-25 23:57:55,056 [httpx] INFO: HTTP Request: GET https://localhost/ocsapi/v1/computers/listID "HTTP/1.1 200 OK"
2026-09-25 23:57:55,108 [httpx] INFO: HTTP Request: GET https://localhost/ocsapi/v1/computer/21/software "HTTP/1.1 200 OK"
2026-09-25 23:57:55,141 [httpx] INFO: HTTP Request: GET https://www.cisa.gov/sites/default/files/feeds/known_exploited_vulnerabilities.json "HTTP/1.1 200 OK"
2026-09-25 23:57:55,179 [apscheduler.executors.default] INFO: Job "CISA KEV Collector (trigger: interval[1:00:00], next run at: 2026-09-26 00:57:54 CEST)" executed successfully
2026-09-25 23:57:55,189 [httpx] INFO: HTTP Request: GET https://localhost/ocsapi/v1/computer/32/software "HTTP/1.1 200 OK"
2026-09-25 23:57:55,231 [httpx] INFO: HTTP Request: GET https://localhost/ocsapi/v1/computer/33/software "HTTP/1.1 200 OK"
2026-09-25 23:57:55,255 [httpx] INFO: HTTP Request: GET https://localhost/ocsapi/v1/computer/14/software "HTTP/1.1 200 OK"
2026-09-25 23:57:55,271 [httpx] INFO: HTTP Request: GET https://localhost/ocsapi/v1/computer/15/software "HTTP/1.1 200 OK"
2026-09-25 23:57:55,329 [httpx] INFO: HTTP Request: GET https://localhost/ocsapi/v1/computer/4/software "HTTP/1.1 200 OK"
2026-09-25 23:57:55,375 [httpx] INFO: HTTP Request: GET https://localhost/ocsapi/v1/computer/16/software "HTTP/1.1 200 OK"
2026-09-25 23:57:55,415 [httpx] INFO: HTTP Request: GET https://localhost/ocsapi/v1/computer/26/software "HTTP/1.1 200 OK"
2026-09-25 23:57:55,432 [httpx] INFO: HTTP Request: GET https://localhost/ocsapi/v1/computer/10/software "HTTP/1.1 200 OK"
2026-09-25 23:57:55,482 [httpx] INFO: HTTP Request: GET https://localhost/ocsapi/v1/computer/11/software "HTTP/1.1 200 OK"
2026-09-25 23:57:55,508 [httpx] INFO: HTTP Request: GET https://localhost/ocsapi/v1/computer/12/software "HTTP/1.1 200 OK"
2026-09-25 23:57:55,518 [httpx] INFO: HTTP Request: GET https://localhost/ocsapi/v1/computer/13/software "HTTP/1.1 200 OK"
2026-09-25 23:57:55,522 [vuln-engine.ocs_cache] INFO: OCS cache refreshed: 12 machines, 3810 unique packages
2026-09-25 23:57:55,523 [apscheduler.executors.default] INFO: Job "OCS Cache Refresh (trigger: interval[2:00:00], next run at: 2026-09-26 01:57:54 CEST)" executed successfully
2026-09-25 23:57:55,634 [httpx] INFO: HTTP Request: GET https://api.msrc.microsoft.com/update-guide/rss "HTTP/1.1 200 OK"
2026-09-25 23:57:59,097 [vuln-engine.vendor_rss] INFO: Vendor RSS [microsoft_msrc]: parsed 5228 entries
2026-09-25 23:57:59,113 [httpx] INFO: HTTP Request: GET https://services.nvd.nist.gov/rest/json/cves/2.0?lastModStartDate=2026-09-25T21%3A27%3A54.000&lastModEndDate=2026-09-25T21%3A57%3A54.000&cvssV3Severity=CRITICAL "HTTP/1.1 200 OK"
2026-09-25 23:57:59,114 [httpx] INFO: HTTP Request: GET https://www.intersystems.com/support/product-alerts-advisories/ "HTTP/1.1 200 OK"
2026-09-25 23:57:59,118 [vuln-engine.nvd_delta] INFO: NVD delta: 0 critical CVE(s) since 2026-09-25T21:27:54.977754+00:00
2026-09-25 23:57:59,118 [apscheduler.executors.default] INFO: Job "NVD Delta Collector (trigger: interval[0:30:00], next run at: 2026-09-26 00:27:54 CEST)" executed successfully
2026-09-25 23:57:59,124 [vuln-engine.intersystems] INFO: InterSystems: found 10 advisories on page
2026-09-25 23:57:59,124 [apscheduler.executors.default] INFO: Job "InterSystems Collector (trigger: interval[1:00:00], next run at: 2026-09-26 00:57:54 CEST)" executed successfully
2026-09-25 23:57:59,345 [httpx] INFO: HTTP Request: GET https://www.debian.org/security/dsa "HTTP/1.1 200 OK"
2026-09-25 23:57:59,371 [vuln-engine.vendor_rss] INFO: Vendor RSS [debian_dsa]: parsed 30 entries
2026-09-25 23:58:00,818 [httpx] INFO: HTTP Request: GET https://sec.cloudapps.cisco.com/security/center/psirtrss20/CiscoSecurityAdvisory.xml "HTTP/1.1 200 OK"
2026-09-25 23:58:01,111 [vuln-engine.vendor_rss] INFO: Vendor RSS [cisco]: parsed 50 entries
2026-09-25 23:58:01,144 [httpx] INFO: HTTP Request: GET https://www.cert.ssi.gouv.fr/avis/feed/ "HTTP/1.1 200 OK"
2026-09-25 23:58:01,162 [vuln-engine.vendor_rss] INFO: Vendor RSS [certfr_avis]: parsed 40 entries
2026-09-25 23:58:01,193 [httpx] INFO: HTTP Request: GET https://www.cert.ssi.gouv.fr/alerte/feed/ "HTTP/1.1 200 OK"
2026-09-25 23:58:01,215 [vuln-engine.vendor_rss] INFO: Vendor RSS [certfr_alertes]: parsed 40 entries
2026-09-25 23:58:01,430 [httpx] INFO: HTTP Request: GET https://cert.europa.eu/publications/security-advisories-rss "HTTP/1.1 200 OK"
2026-09-25 23:58:01,437 [vuln-engine.vendor_rss] INFO: Vendor RSS [cert_eu]: parsed 10 entries
2026-09-25 23:58:01,482 [httpx] INFO: HTTP Request: GET https://ubuntu.com/security/notices/rss.xml "HTTP/1.1 200 OK"
2026-09-25 23:58:01,488 [vuln-engine.vendor_rss] INFO: Vendor RSS [ubuntu]: parsed 10 entries
2026-09-25 23:58:01,783 [httpx] INFO: HTTP Request: GET https://access.redhat.com/errata-search/feed/?q=*&advisory_type=Security+Advisory&severity=Critical "HTTP/1.1 200 OK"
2026-09-25 23:58:01,836 [vuln-engine.vendor_rss] INFO: Vendor RSS [redhat]: parsed 0 entries
2026-09-25 23:58:01,836 [apscheduler.executors.default] INFO: Job "Vendor RSS Collector (trigger: interval[1:00:00], next run at: 2026-09-26 00:57:54 CEST)" executed successfully
2026-09-26 00:27:55,002 [apscheduler.executors.default] INFO: Running job "NVD Delta Collector (trigger: interval[0:30:00], next run at: 2026-09-26 00:57:54 CEST)" (scheduled at 2026-09-26 00:27:54.974422+02:00)
2026-09-26 00:27:55,018 [vuln-engine.scheduler] INFO: ⏰ Running NVD delta collector...
2026-09-26 00:27:56,920 [httpx] INFO: HTTP Request: GET https://services.nvd.nist.gov/rest/json/cves/2.0?lastModStartDate=2026-09-25T21%3A57%3A54.000&lastModEndDate=2026-09-25T22%3A27%3A55.000&cvssV3Severity=CRITICAL "HTTP/1.1 200 OK"
2026-09-26 00:27:56,927 [vuln-engine.nvd_delta] INFO: NVD delta: 0 critical CVE(s) since 2026-09-25T21:57:54.977607+00:00
2026-09-26 00:27:56,929 [apscheduler.executors.default] INFO: Job "NVD Delta Collector (trigger: interval[0:30:00], next run at: 2026-09-26 00:57:54 CEST)" executed successfully
2026-09-26 00:57:54,978 [apscheduler.executors.default] INFO: Running job "NVD Delta Collector (trigger: interval[0:30:00], next run at: 2026-09-26 01:27:54 CEST)" (scheduled at 2026-09-26 00:57:54.974422+02:00)
2026-09-26 00:57:54,980 [vuln-engine.scheduler] INFO: ⏰ Running NVD delta collector...
2026-09-26 00:57:55,016 [apscheduler.executors.default] INFO: Running job "CISA KEV Collector (trigger: interval[1:00:00], next run at: 2026-09-26 01:57:54 CEST)" (scheduled at 2026-09-26 00:57:54.974597+02:00)
2026-09-26 00:57:55,017 [vuln-engine.scheduler] INFO: ⏰ Running CISA KEV collector...
2026-09-26 00:57:55,055 [apscheduler.executors.default] INFO: Running job "InterSystems Collector (trigger: interval[1:00:00], next run at: 2026-09-26 01:57:54 CEST)" (scheduled at 2026-09-26 00:57:54.974735+02:00)
2026-09-26 00:57:55,056 [vuln-engine.scheduler] INFO: ⏰ Running InterSystems collector...
2026-09-26 00:57:55,087 [apscheduler.executors.default] INFO: Running job "Vendor RSS Collector (trigger: interval[1:00:00], next run at: 2026-09-26 01:57:54 CEST)" (scheduled at 2026-09-26 00:57:54.974861+02:00)
2026-09-26 00:57:55,088 [vuln-engine.scheduler] INFO: ⏰ Running Vendor RSS collector...
2026-09-26 00:57:55,231 [httpx] INFO: HTTP Request: GET https://www.cisa.gov/sites/default/files/feeds/known_exploited_vulnerabilities.json "HTTP/1.1 200 OK"
2026-09-26 00:57:55,814 [apscheduler.executors.default] INFO: Job "CISA KEV Collector (trigger: interval[1:00:00], next run at: 2026-09-26 01:57:54 CEST)" executed successfully
2026-09-26 00:57:55,819 [httpx] INFO: HTTP Request: GET https://api.msrc.microsoft.com/update-guide/rss "HTTP/1.1 200 OK"
2026-09-26 00:57:56,793 [httpx] INFO: HTTP Request: GET https://services.nvd.nist.gov/rest/json/cves/2.0?lastModStartDate=2026-09-25T22%3A27%3A55.000&lastModEndDate=2026-09-25T22%3A57%3A54.000&cvssV3Severity=CRITICAL "HTTP/1.1 200 OK"
2026-09-26 00:57:56,795 [vuln-engine.nvd_delta] INFO: NVD delta: 0 critical CVE(s) since 2026-09-25T22:27:55.019394+00:00
2026-09-26 00:57:56,795 [apscheduler.executors.default] INFO: Job "NVD Delta Collector (trigger: interval[0:30:00], next run at: 2026-09-26 01:27:54 CEST)" executed successfully
2026-09-26 00:58:00,230 [vuln-engine.vendor_rss] INFO: Vendor RSS [microsoft_msrc]: parsed 5228 entries
2026-09-26 00:58:00,247 [httpx] INFO: HTTP Request: GET https://www.intersystems.com/support/product-alerts-advisories/ "HTTP/1.1 200 OK"
2026-09-26 00:58:00,397 [vuln-engine.intersystems] INFO: InterSystems: found 10 advisories on page
2026-09-26 00:58:00,398 [apscheduler.executors.default] INFO: Job "InterSystems Collector (trigger: interval[1:00:00], next run at: 2026-09-26 01:57:54 CEST)" executed successfully
2026-09-26 00:58:00,454 [httpx] INFO: HTTP Request: GET https://www.debian.org/security/dsa "HTTP/1.1 200 OK"
2026-09-26 00:58:00,482 [vuln-engine.vendor_rss] INFO: Vendor RSS [debian_dsa]: parsed 30 entries
2026-09-26 00:58:01,834 [httpx] INFO: HTTP Request: GET https://sec.cloudapps.cisco.com/security/center/psirtrss20/CiscoSecurityAdvisory.xml "HTTP/1.1 200 OK"
2026-09-26 00:58:02,204 [vuln-engine.vendor_rss] INFO: Vendor RSS [cisco]: parsed 50 entries
2026-09-26 00:58:02,236 [httpx] INFO: HTTP Request: GET https://www.cert.ssi.gouv.fr/avis/feed/ "HTTP/1.1 200 OK"
2026-09-26 00:58:02,253 [vuln-engine.vendor_rss] INFO: Vendor RSS [certfr_avis]: parsed 40 entries
2026-09-26 00:58:02,284 [httpx] INFO: HTTP Request: GET https://www.cert.ssi.gouv.fr/alerte/feed/ "HTTP/1.1 200 OK"
2026-09-26 00:58:02,303 [vuln-engine.vendor_rss] INFO: Vendor RSS [certfr_alertes]: parsed 40 entries
2026-09-26 00:58:02,638 [httpx] INFO: HTTP Request: GET https://cert.europa.eu/publications/security-advisories-rss "HTTP/1.1 200 OK"
2026-09-26 00:58:02,644 [vuln-engine.vendor_rss] INFO: Vendor RSS [cert_eu]: parsed 10 entries
2026-09-26 00:58:02,696 [httpx] INFO: HTTP Request: GET https://ubuntu.com/security/notices/rss.xml "HTTP/1.1 200 OK"
2026-09-26 00:58:02,702 [vuln-engine.vendor_rss] INFO: Vendor RSS [ubuntu]: parsed 10 entries
2026-09-26 00:58:02,982 [httpx] INFO: HTTP Request: GET https://access.redhat.com/errata-search/feed/?q=*&advisory_type=Security+Advisory&severity=Critical "HTTP/1.1 200 OK"
2026-09-26 00:58:03,035 [vuln-engine.vendor_rss] INFO: Vendor RSS [redhat]: parsed 0 entries
2026-09-26 00:58:03,035 [apscheduler.executors.default] INFO: Job "Vendor RSS Collector (trigger: interval[1:00:00], next run at: 2026-09-26 01:57:54 CEST)" executed successfully
2026-09-26 01:27:54,976 [apscheduler.executors.default] INFO: Running job "NVD Delta Collector (trigger: interval[0:30:00], next run at: 2026-09-26 01:57:54 CEST)" (scheduled at 2026-09-26 01:27:54.974422+02:00)
2026-09-26 01:27:54,977 [vuln-engine.scheduler] INFO: ⏰ Running NVD delta collector...
2026-09-26 01:27:56,165 [httpx] INFO: HTTP Request: GET https://services.nvd.nist.gov/rest/json/cves/2.0?lastModStartDate=2026-09-25T22%3A57%3A54.000&lastModEndDate=2026-09-25T23%3A27%3A54.000&cvssV3Severity=CRITICAL "HTTP/1.1 200 OK"
2026-09-26 01:27:56,168 [vuln-engine.nvd_delta] INFO: NVD delta: 7 critical CVE(s) since 2026-09-25T22:57:54.980858+00:00
2026-09-26 01:27:56,176 [vuln-engine.matching] INFO: Matching: 0/7 alerts matched
2026-09-26 01:27:56,177 [apscheduler.executors.default] INFO: Job "NVD Delta Collector (trigger: interval[0:30:00], next run at: 2026-09-26 01:57:54 CEST)" executed successfully
2026-09-26 01:57:54,977 [apscheduler.executors.default] INFO: Running job "NVD Delta Collector (trigger: interval[0:30:00], next run at: 2026-09-26 02:27:54 CEST)" (scheduled at 2026-09-26 01:57:54.974422+02:00)
2026-09-26 01:57:54,978 [vuln-engine.scheduler] INFO: ⏰ Running NVD delta collector...
2026-09-26 01:57:54,996 [apscheduler.executors.default] INFO: Running job "CISA KEV Collector (trigger: interval[1:00:00], next run at: 2026-09-26 02:57:54 CEST)" (scheduled at 2026-09-26 01:57:54.974597+02:00)
2026-09-26 01:57:54,997 [vuln-engine.scheduler] INFO: ⏰ Running CISA KEV collector...
2026-09-26 01:57:55,011 [apscheduler.executors.default] INFO: Running job "InterSystems Collector (trigger: interval[1:00:00], next run at: 2026-09-26 02:57:54 CEST)" (scheduled at 2026-09-26 01:57:54.974735+02:00)
2026-09-26 01:57:55,012 [vuln-engine.scheduler] INFO: ⏰ Running InterSystems collector...
2026-09-26 01:57:55,024 [apscheduler.executors.default] INFO: Running job "Vendor RSS Collector (trigger: interval[1:00:00], next run at: 2026-09-26 02:57:54 CEST)" (scheduled at 2026-09-26 01:57:54.974861+02:00)
2026-09-26 01:57:55,025 [vuln-engine.scheduler] INFO: ⏰ Running Vendor RSS collector...
2026-09-26 01:57:55,047 [apscheduler.executors.default] INFO: Running job "OCS Cache Refresh (trigger: interval[2:00:00], next run at: 2026-09-26 03:57:54 CEST)" (scheduled at 2026-09-26 01:57:54.974982+02:00)
2026-09-26 01:57:55,048 [vuln-engine.ocs_cache] INFO: Refreshing OCS inventory cache...
2026-09-26 01:57:55,116 [httpx] INFO: HTTP Request: GET https://localhost/ocsapi/v1/computers/listID "HTTP/1.1 200 OK"
2026-09-26 01:57:55,140 [httpx] INFO: HTTP Request: GET https://www.cisa.gov/sites/default/files/feeds/known_exploited_vulnerabilities.json "HTTP/1.1 200 OK"
2026-09-26 01:57:55,207 [apscheduler.executors.default] INFO: Job "CISA KEV Collector (trigger: interval[1:00:00], next run at: 2026-09-26 02:57:54 CEST)" executed successfully
2026-09-26 01:57:55,232 [httpx] INFO: HTTP Request: GET https://localhost/ocsapi/v1/computer/21/software "HTTP/1.1 200 OK"
2026-09-26 01:57:55,335 [httpx] INFO: HTTP Request: GET https://localhost/ocsapi/v1/computer/32/software "HTTP/1.1 200 OK"
2026-09-26 01:57:55,460 [httpx] INFO: HTTP Request: GET https://localhost/ocsapi/v1/computer/33/software "HTTP/1.1 200 OK"
2026-09-26 01:57:55,496 [httpx] INFO: HTTP Request: GET https://localhost/ocsapi/v1/computer/14/software "HTTP/1.1 200 OK"
2026-09-26 01:57:55,543 [httpx] INFO: HTTP Request: GET https://localhost/ocsapi/v1/computer/15/software "HTTP/1.1 200 OK"
2026-09-26 01:57:55,663 [httpx] INFO: HTTP Request: GET https://api.msrc.microsoft.com/update-guide/rss "HTTP/1.1 200 OK"
2026-09-26 01:57:55,664 [httpx] INFO: HTTP Request: GET https://localhost/ocsapi/v1/computer/4/software "HTTP/1.1 200 OK"
2026-09-26 01:57:55,760 [httpx] INFO: HTTP Request: GET https://localhost/ocsapi/v1/computer/16/software "HTTP/1.1 200 OK"
2026-09-26 01:57:55,806 [httpx] INFO: HTTP Request: GET https://localhost/ocsapi/v1/computer/26/software "HTTP/1.1 200 OK"
2026-09-26 01:57:55,828 [httpx] INFO: HTTP Request: GET https://localhost/ocsapi/v1/computer/10/software "HTTP/1.1 200 OK"
2026-09-26 01:57:55,912 [httpx] INFO: HTTP Request: GET https://localhost/ocsapi/v1/computer/11/software "HTTP/1.1 200 OK"
2026-09-26 01:57:55,949 [httpx] INFO: HTTP Request: GET https://localhost/ocsapi/v1/computer/12/software "HTTP/1.1 200 OK"
2026-09-26 01:57:55,965 [httpx] INFO: HTTP Request: GET https://localhost/ocsapi/v1/computer/13/software "HTTP/1.1 200 OK"
2026-09-26 01:57:55,985 [vuln-engine.ocs_cache] INFO: OCS cache refreshed: 12 machines, 3812 unique packages
2026-09-26 01:57:55,987 [apscheduler.executors.default] INFO: Job "OCS Cache Refresh (trigger: interval[2:00:00], next run at: 2026-09-26 03:57:54 CEST)" executed successfully
2026-09-26 01:57:56,086 [httpx] INFO: HTTP Request: GET https://services.nvd.nist.gov/rest/json/cves/2.0?lastModStartDate=2026-09-25T23%3A27%3A54.000&lastModEndDate=2026-09-25T23%3A57%3A54.000&cvssV3Severity=CRITICAL "HTTP/1.1 200 OK"
2026-09-26 01:57:56,088 [vuln-engine.nvd_delta] INFO: NVD delta: 0 critical CVE(s) since 2026-09-25T23:27:54.978112+00:00
2026-09-26 01:57:56,088 [apscheduler.executors.default] INFO: Job "NVD Delta Collector (trigger: interval[0:30:00], next run at: 2026-09-26 02:27:54 CEST)" executed successfully
2026-09-26 01:57:59,311 [vuln-engine.vendor_rss] INFO: Vendor RSS [microsoft_msrc]: parsed 5228 entries
2026-09-26 01:57:59,330 [httpx] INFO: HTTP Request: GET https://www.intersystems.com/support/product-alerts-advisories/ "HTTP/1.1 200 OK"
2026-09-26 01:57:59,345 [vuln-engine.intersystems] INFO: InterSystems: found 10 advisories on page
2026-09-26 01:57:59,346 [apscheduler.executors.default] INFO: Job "InterSystems Collector (trigger: interval[1:00:00], next run at: 2026-09-26 02:57:54 CEST)" executed successfully
2026-09-26 01:57:59,445 [httpx] INFO: HTTP Request: GET https://www.debian.org/security/dsa "HTTP/1.1 200 OK"
2026-09-26 01:57:59,474 [vuln-engine.vendor_rss] INFO: Vendor RSS [debian_dsa]: parsed 30 entries
2026-09-26 01:58:00,985 [httpx] INFO: HTTP Request: GET https://sec.cloudapps.cisco.com/security/center/psirtrss20/CiscoSecurityAdvisory.xml "HTTP/1.1 200 OK"
2026-09-26 01:58:01,345 [vuln-engine.vendor_rss] INFO: Vendor RSS [cisco]: parsed 50 entries
2026-09-26 01:58:01,449 [httpx] INFO: HTTP Request: GET https://www.cert.ssi.gouv.fr/avis/feed/ "HTTP/1.1 200 OK"
2026-09-26 01:58:01,466 [vuln-engine.vendor_rss] INFO: Vendor RSS [certfr_avis]: parsed 40 entries
2026-09-26 01:58:01,498 [httpx] INFO: HTTP Request: GET https://www.cert.ssi.gouv.fr/alerte/feed/ "HTTP/1.1 200 OK"
2026-09-26 01:58:01,516 [vuln-engine.vendor_rss] INFO: Vendor RSS [certfr_alertes]: parsed 40 entries
2026-09-26 01:58:01,770 [httpx] INFO: HTTP Request: GET https://cert.europa.eu/publications/security-advisories-rss "HTTP/1.1 200 OK"
2026-09-26 01:58:01,777 [vuln-engine.vendor_rss] INFO: Vendor RSS [cert_eu]: parsed 10 entries
2026-09-26 01:58:02,088 [httpx] INFO: HTTP Request: GET https://ubuntu.com/security/notices/rss.xml "HTTP/1.1 200 OK"
2026-09-26 01:58:02,096 [vuln-engine.vendor_rss] INFO: Vendor RSS [ubuntu]: parsed 10 entries
2026-09-26 01:58:02,383 [httpx] INFO: HTTP Request: GET https://access.redhat.com/errata-search/feed/?q=*&advisory_type=Security+Advisory&severity=Critical "HTTP/1.1 200 OK"
2026-09-26 01:58:02,438 [vuln-engine.vendor_rss] INFO: Vendor RSS [redhat]: parsed 0 entries
2026-09-26 01:58:02,438 [apscheduler.executors.default] INFO: Job "Vendor RSS Collector (trigger: interval[1:00:00], next run at: 2026-09-26 02:57:54 CEST)" executed successfully
2026-09-26 02:27:54,976 [apscheduler.executors.default] INFO: Running job "NVD Delta Collector (trigger: interval[0:30:00], next run at: 2026-09-26 02:57:54 CEST)" (scheduled at 2026-09-26 02:27:54.974422+02:00)
2026-09-26 02:27:54,977 [vuln-engine.scheduler] INFO: ⏰ Running NVD delta collector...
2026-09-26 02:27:57,534 [httpx] INFO: HTTP Request: GET https://services.nvd.nist.gov/rest/json/cves/2.0?lastModStartDate=2026-09-25T23%3A57%3A54.000&lastModEndDate=2026-09-26T00%3A27%3A54.000&cvssV3Severity=CRITICAL "HTTP/1.1 200 OK"
2026-09-26 02:27:57,667 [vuln-engine.nvd_delta] INFO: NVD delta: 39 critical CVE(s) since 2026-09-25T23:57:54.978735+00:00
2026-09-26 02:27:57,670 [vuln-engine.matching] INFO: Matching: 0/39 alerts matched
2026-09-26 02:27:57,670 [apscheduler.executors.default] INFO: Job "NVD Delta Collector (trigger: interval[0:30:00], next run at: 2026-09-26 02:57:54 CEST)" executed successfully
2026-09-26 02:57:54,976 [apscheduler.executors.default] INFO: Running job "NVD Delta Collector (trigger: interval[0:30:00], next run at: 2026-09-26 03:27:54 CEST)" (scheduled at 2026-09-26 02:57:54.974422+02:00)
2026-09-26 02:57:54,977 [vuln-engine.scheduler] INFO: ⏰ Running NVD delta collector...
2026-09-26 02:57:54,994 [apscheduler.executors.default] INFO: Running job "CISA KEV Collector (trigger: interval[1:00:00], next run at: 2026-09-26 03:57:54 CEST)" (scheduled at 2026-09-26 02:57:54.974597+02:00)
2026-09-26 02:57:54,995 [vuln-engine.scheduler] INFO: ⏰ Running CISA KEV collector...
2026-09-26 02:57:55,007 [apscheduler.executors.default] INFO: Running job "InterSystems Collector (trigger: interval[1:00:00], next run at: 2026-09-26 03:57:54 CEST)" (scheduled at 2026-09-26 02:57:54.974735+02:00)
2026-09-26 02:57:55,007 [vuln-engine.scheduler] INFO: ⏰ Running InterSystems collector...
2026-09-26 02:57:55,019 [apscheduler.executors.default] INFO: Running job "Vendor RSS Collector (trigger: interval[1:00:00], next run at: 2026-09-26 03:57:54 CEST)" (scheduled at 2026-09-26 02:57:54.974861+02:00)
2026-09-26 02:57:55,019 [vuln-engine.scheduler] INFO: ⏰ Running Vendor RSS collector...
2026-09-26 02:57:55,110 [httpx] INFO: HTTP Request: GET https://www.cisa.gov/sites/default/files/feeds/known_exploited_vulnerabilities.json "HTTP/1.1 200 OK"
2026-09-26 02:57:55,145 [apscheduler.executors.default] INFO: Job "CISA KEV Collector (trigger: interval[1:00:00], next run at: 2026-09-26 03:57:54 CEST)" executed successfully
2026-09-26 02:57:55,647 [httpx] INFO: HTTP Request: GET https://api.msrc.microsoft.com/update-guide/rss "HTTP/1.1 200 OK"
2026-09-26 02:57:56,420 [httpx] INFO: HTTP Request: GET https://services.nvd.nist.gov/rest/json/cves/2.0?lastModStartDate=2026-09-26T00%3A27%3A54.000&lastModEndDate=2026-09-26T00%3A57%3A54.000&cvssV3Severity=CRITICAL "HTTP/1.1 200 OK"
2026-09-26 02:57:56,422 [vuln-engine.nvd_delta] INFO: NVD delta: 0 critical CVE(s) since 2026-09-26T00:27:54.977880+00:00
2026-09-26 02:57:56,422 [apscheduler.executors.default] INFO: Job "NVD Delta Collector (trigger: interval[0:30:00], next run at: 2026-09-26 03:27:54 CEST)" executed successfully
2026-09-26 02:57:59,617 [vuln-engine.vendor_rss] INFO: Vendor RSS [microsoft_msrc]: parsed 5228 entries
2026-09-26 02:57:59,635 [httpx] INFO: HTTP Request: GET https://www.intersystems.com/support/product-alerts-advisories/ "HTTP/1.1 200 OK"
2026-09-26 02:57:59,646 [vuln-engine.intersystems] INFO: InterSystems: found 10 advisories on page
2026-09-26 02:57:59,646 [apscheduler.executors.default] INFO: Job "InterSystems Collector (trigger: interval[1:00:00], next run at: 2026-09-26 03:57:54 CEST)" executed successfully
2026-09-26 02:57:59,834 [httpx] INFO: HTTP Request: GET https://www.debian.org/security/dsa "HTTP/1.1 200 OK"
2026-09-26 02:57:59,861 [vuln-engine.vendor_rss] INFO: Vendor RSS [debian_dsa]: parsed 30 entries
2026-09-26 02:58:01,253 [httpx] INFO: HTTP Request: GET https://sec.cloudapps.cisco.com/security/center/psirtrss20/CiscoSecurityAdvisory.xml "HTTP/1.1 200 OK"
2026-09-26 02:58:01,548 [vuln-engine.vendor_rss] INFO: Vendor RSS [cisco]: parsed 50 entries
2026-09-26 02:58:01,583 [httpx] INFO: HTTP Request: GET https://www.cert.ssi.gouv.fr/avis/feed/ "HTTP/1.1 200 OK"
2026-09-26 02:58:01,602 [vuln-engine.vendor_rss] INFO: Vendor RSS [certfr_avis]: parsed 40 entries
2026-09-26 02:58:01,643 [httpx] INFO: HTTP Request: GET https://www.cert.ssi.gouv.fr/alerte/feed/ "HTTP/1.1 200 OK"
2026-09-26 02:58:01,662 [vuln-engine.vendor_rss] INFO: Vendor RSS [certfr_alertes]: parsed 40 entries
2026-09-26 02:58:01,919 [httpx] INFO: HTTP Request: GET https://cert.europa.eu/publications/security-advisories-rss "HTTP/1.1 200 OK"
2026-09-26 02:58:01,926 [vuln-engine.vendor_rss] INFO: Vendor RSS [cert_eu]: parsed 10 entries
2026-09-26 02:58:01,976 [httpx] INFO: HTTP Request: GET https://ubuntu.com/security/notices/rss.xml "HTTP/1.1 200 OK"
2026-09-26 02:58:01,983 [vuln-engine.vendor_rss] INFO: Vendor RSS [ubuntu]: parsed 10 entries
2026-09-26 02:58:02,268 [httpx] INFO: HTTP Request: GET https://access.redhat.com/errata-search/feed/?q=*&advisory_type=Security+Advisory&severity=Critical "HTTP/1.1 200 OK"
2026-09-26 02:58:02,318 [vuln-engine.vendor_rss] INFO: Vendor RSS [redhat]: parsed 0 entries
2026-09-26 02:58:02,318 [apscheduler.executors.default] INFO: Job "Vendor RSS Collector (trigger: interval[1:00:00], next run at: 2026-09-26 03:57:54 CEST)" executed successfully
2026-09-26 03:27:54,976 [apscheduler.executors.default] INFO: Running job "NVD Delta Collector (trigger: interval[0:30:00], next run at: 2026-09-26 03:57:54 CEST)" (scheduled at 2026-09-26 03:27:54.974422+02:00)
2026-09-26 03:27:54,977 [vuln-engine.scheduler] INFO: ⏰ Running NVD delta collector...
2026-09-26 03:27:56,125 [httpx] INFO: HTTP Request: GET https://services.nvd.nist.gov/rest/json/cves/2.0?lastModStartDate=2026-09-26T00%3A57%3A54.000&lastModEndDate=2026-09-26T01%3A27%3A54.000&cvssV3Severity=CRITICAL "HTTP/1.1 200 OK"
2026-09-26 03:27:56,126 [vuln-engine.nvd_delta] INFO: NVD delta: 0 critical CVE(s) since 2026-09-26T00:57:54.977915+00:00
2026-09-26 03:27:56,126 [apscheduler.executors.default] INFO: Job "NVD Delta Collector (trigger: interval[0:30:00], next run at: 2026-09-26 03:57:54 CEST)" executed successfully
2026-09-26 03:57:54,976 [apscheduler.executors.default] INFO: Running job "NVD Delta Collector (trigger: interval[0:30:00], next run at: 2026-09-26 04:27:54 CEST)" (scheduled at 2026-09-26 03:57:54.974422+02:00)
2026-09-26 03:57:54,977 [vuln-engine.scheduler] INFO: ⏰ Running NVD delta collector...
2026-09-26 03:57:54,993 [apscheduler.executors.default] INFO: Running job "CISA KEV Collector (trigger: interval[1:00:00], next run at: 2026-09-26 04:57:54 CEST)" (scheduled at 2026-09-26 03:57:54.974597+02:00)
2026-09-26 03:57:54,993 [vuln-engine.scheduler] INFO: ⏰ Running CISA KEV collector...
2026-09-26 03:57:55,005 [apscheduler.executors.default] INFO: Running job "InterSystems Collector (trigger: interval[1:00:00], next run at: 2026-09-26 04:57:54 CEST)" (scheduled at 2026-09-26 03:57:54.974735+02:00)
2026-09-26 03:57:55,005 [vuln-engine.scheduler] INFO: ⏰ Running InterSystems collector...
2026-09-26 03:57:55,017 [apscheduler.executors.default] INFO: Running job "Vendor RSS Collector (trigger: interval[1:00:00], next run at: 2026-09-26 04:57:54 CEST)" (scheduled at 2026-09-26 03:57:54.974861+02:00)
2026-09-26 03:57:55,017 [vuln-engine.scheduler] INFO: ⏰ Running Vendor RSS collector...
2026-09-26 03:57:55,029 [apscheduler.executors.default] INFO: Running job "OCS Cache Refresh (trigger: interval[2:00:00], next run at: 2026-09-26 05:57:54 CEST)" (scheduled at 2026-09-26 03:57:54.974982+02:00)
2026-09-26 03:57:55,029 [vuln-engine.ocs_cache] INFO: Refreshing OCS inventory cache...
2026-09-26 03:57:55,060 [httpx] INFO: HTTP Request: GET https://localhost/ocsapi/v1/computers/listID "HTTP/1.1 200 OK"
2026-09-26 03:57:55,114 [httpx] INFO: HTTP Request: GET https://www.cisa.gov/sites/default/files/feeds/known_exploited_vulnerabilities.json "HTTP/1.1 200 OK"
2026-09-26 03:57:55,233 [apscheduler.executors.default] INFO: Job "CISA KEV Collector (trigger: interval[1:00:00], next run at: 2026-09-26 04:57:54 CEST)" executed successfully
2026-09-26 03:57:55,234 [httpx] INFO: HTTP Request: GET https://localhost/ocsapi/v1/computer/21/software "HTTP/1.1 200 OK"
2026-09-26 03:57:55,292 [httpx] INFO: HTTP Request: GET https://localhost/ocsapi/v1/computer/32/software "HTTP/1.1 200 OK"
2026-09-26 03:57:55,340 [httpx] INFO: HTTP Request: GET https://localhost/ocsapi/v1/computer/33/software "HTTP/1.1 200 OK"
2026-09-26 03:57:55,363 [httpx] INFO: HTTP Request: GET https://localhost/ocsapi/v1/computer/14/software "HTTP/1.1 200 OK"
2026-09-26 03:57:55,383 [httpx] INFO: HTTP Request: GET https://localhost/ocsapi/v1/computer/15/software "HTTP/1.1 200 OK"
2026-09-26 03:57:55,507 [httpx] INFO: HTTP Request: GET https://localhost/ocsapi/v1/computer/4/software "HTTP/1.1 200 OK"
2026-09-26 03:57:55,553 [httpx] INFO: HTTP Request: GET https://localhost/ocsapi/v1/computer/16/software "HTTP/1.1 200 OK"
2026-09-26 03:57:55,597 [httpx] INFO: HTTP Request: GET https://localhost/ocsapi/v1/computer/26/software "HTTP/1.1 200 OK"
2026-09-26 03:57:55,614 [httpx] INFO: HTTP Request: GET https://localhost/ocsapi/v1/computer/10/software "HTTP/1.1 200 OK"
2026-09-26 03:57:55,645 [httpx] INFO: HTTP Request: GET https://api.msrc.microsoft.com/update-guide/rss "HTTP/1.1 200 OK"
2026-09-26 03:57:55,716 [httpx] INFO: HTTP Request: GET https://localhost/ocsapi/v1/computer/11/software "HTTP/1.1 200 OK"
2026-09-26 03:57:55,741 [httpx] INFO: HTTP Request: GET https://localhost/ocsapi/v1/computer/12/software "HTTP/1.1 200 OK"
2026-09-26 03:57:55,755 [httpx] INFO: HTTP Request: GET https://localhost/ocsapi/v1/computer/13/software "HTTP/1.1 200 OK"
2026-09-26 03:57:55,759 [vuln-engine.ocs_cache] INFO: OCS cache refreshed: 12 machines, 3812 unique packages
2026-09-26 03:57:55,759 [apscheduler.executors.default] INFO: Job "OCS Cache Refresh (trigger: interval[2:00:00], next run at: 2026-09-26 05:57:54 CEST)" executed successfully
2026-09-26 03:57:56,005 [httpx] INFO: HTTP Request: GET https://services.nvd.nist.gov/rest/json/cves/2.0?lastModStartDate=2026-09-26T01%3A27%3A54.000&lastModEndDate=2026-09-26T01%3A57%3A54.000&cvssV3Severity=CRITICAL "HTTP/1.1 200 OK"
2026-09-26 03:57:56,006 [vuln-engine.nvd_delta] INFO: NVD delta: 0 critical CVE(s) since 2026-09-26T01:27:54.977204+00:00
2026-09-26 03:57:56,006 [apscheduler.executors.default] INFO: Job "NVD Delta Collector (trigger: interval[0:30:00], next run at: 2026-09-26 04:27:54 CEST)" executed successfully
2026-09-26 03:57:59,799 [vuln-engine.vendor_rss] INFO: Vendor RSS [microsoft_msrc]: parsed 5228 entries
2026-09-26 03:57:59,814 [httpx] INFO: HTTP Request: GET https://www.intersystems.com/support/product-alerts-advisories/ "HTTP/1.1 200 OK"
2026-09-26 03:57:59,826 [vuln-engine.intersystems] INFO: InterSystems: found 10 advisories on page
2026-09-26 03:57:59,827 [apscheduler.executors.default] INFO: Job "InterSystems Collector (trigger: interval[1:00:00], next run at: 2026-09-26 04:57:54 CEST)" executed successfully
2026-09-26 03:57:59,890 [httpx] INFO: HTTP Request: GET https://www.debian.org/security/dsa "HTTP/1.1 200 OK"
2026-09-26 03:57:59,919 [vuln-engine.vendor_rss] INFO: Vendor RSS [debian_dsa]: parsed 30 entries
2026-09-26 03:58:01,314 [httpx] INFO: HTTP Request: GET https://sec.cloudapps.cisco.com/security/center/psirtrss20/CiscoSecurityAdvisory.xml "HTTP/1.1 200 OK"
2026-09-26 03:58:01,620 [vuln-engine.vendor_rss] INFO: Vendor RSS [cisco]: parsed 50 entries
2026-09-26 03:58:01,651 [httpx] INFO: HTTP Request: GET https://www.cert.ssi.gouv.fr/avis/feed/ "HTTP/1.1 200 OK"
2026-09-26 03:58:01,669 [vuln-engine.vendor_rss] INFO: Vendor RSS [certfr_avis]: parsed 40 entries
2026-09-26 03:58:01,703 [httpx] INFO: HTTP Request: GET https://www.cert.ssi.gouv.fr/alerte/feed/ "HTTP/1.1 200 OK"
2026-09-26 03:58:01,721 [vuln-engine.vendor_rss] INFO: Vendor RSS [certfr_alertes]: parsed 40 entries
2026-09-26 03:58:02,068 [httpx] INFO: HTTP Request: GET https://cert.europa.eu/publications/security-advisories-rss "HTTP/1.1 200 OK"
2026-09-26 03:58:02,074 [vuln-engine.vendor_rss] INFO: Vendor RSS [cert_eu]: parsed 10 entries
2026-09-26 03:58:02,127 [httpx] INFO: HTTP Request: GET https://ubuntu.com/security/notices/rss.xml "HTTP/1.1 200 OK"
2026-09-26 03:58:02,133 [vuln-engine.vendor_rss] INFO: Vendor RSS [ubuntu]: parsed 10 entries
2026-09-26 03:58:02,528 [httpx] INFO: HTTP Request: GET https://access.redhat.com/errata-search/feed/?q=*&advisory_type=Security+Advisory&severity=Critical "HTTP/1.1 200 OK"
2026-09-26 03:58:02,575 [vuln-engine.vendor_rss] INFO: Vendor RSS [redhat]: parsed 0 entries
2026-09-26 03:58:02,575 [apscheduler.executors.default] INFO: Job "Vendor RSS Collector (trigger: interval[1:00:00], next run at: 2026-09-26 04:57:54 CEST)" executed successfully
2026-09-26 04:27:54,976 [apscheduler.executors.default] INFO: Running job "NVD Delta Collector (trigger: interval[0:30:00], next run at: 2026-09-26 04:57:54 CEST)" (scheduled at 2026-09-26 04:27:54.974422+02:00)
2026-09-26 04:27:54,977 [vuln-engine.scheduler] INFO: ⏰ Running NVD delta collector...
2026-09-26 04:27:56,041 [httpx] INFO: HTTP Request: GET https://services.nvd.nist.gov/rest/json/cves/2.0?lastModStartDate=2026-09-26T01%3A57%3A54.000&lastModEndDate=2026-09-26T02%3A27%3A54.000&cvssV3Severity=CRITICAL "HTTP/1.1 200 OK"
2026-09-26 04:27:56,043 [vuln-engine.nvd_delta] INFO: NVD delta: 0 critical CVE(s) since 2026-09-26T01:57:54.977565+00:00
2026-09-26 04:27:56,043 [apscheduler.executors.default] INFO: Job "NVD Delta Collector (trigger: interval[0:30:00], next run at: 2026-09-26 04:57:54 CEST)" executed successfully
2026-09-26 04:57:54,977 [apscheduler.executors.default] INFO: Running job "NVD Delta Collector (trigger: interval[0:30:00], next run at: 2026-09-26 05:27:54 CEST)" (scheduled at 2026-09-26 04:57:54.974422+02:00)
2026-09-26 04:57:54,978 [vuln-engine.scheduler] INFO: ⏰ Running NVD delta collector...
2026-09-26 04:57:54,993 [apscheduler.executors.default] INFO: Running job "CISA KEV Collector (trigger: interval[1:00:00], next run at: 2026-09-26 05:57:54 CEST)" (scheduled at 2026-09-26 04:57:54.974597+02:00)
2026-09-26 04:57:54,994 [vuln-engine.scheduler] INFO: ⏰ Running CISA KEV collector...
2026-09-26 04:57:55,005 [apscheduler.executors.default] INFO: Running job "InterSystems Collector (trigger: interval[1:00:00], next run at: 2026-09-26 05:57:54 CEST)" (scheduled at 2026-09-26 04:57:54.974735+02:00)
2026-09-26 04:57:55,005 [vuln-engine.scheduler] INFO: ⏰ Running InterSystems collector...
2026-09-26 04:57:55,016 [apscheduler.executors.default] INFO: Running job "Vendor RSS Collector (trigger: interval[1:00:00], next run at: 2026-09-26 05:57:54 CEST)" (scheduled at 2026-09-26 04:57:54.974861+02:00)
2026-09-26 04:57:55,016 [vuln-engine.scheduler] INFO: ⏰ Running Vendor RSS collector...
2026-09-26 04:57:55,111 [httpx] INFO: HTTP Request: GET https://www.cisa.gov/sites/default/files/feeds/known_exploited_vulnerabilities.json "HTTP/1.1 200 OK"
2026-09-26 04:57:55,154 [apscheduler.executors.default] INFO: Job "CISA KEV Collector (trigger: interval[1:00:00], next run at: 2026-09-26 05:57:54 CEST)" executed successfully
2026-09-26 04:57:55,627 [httpx] INFO: HTTP Request: GET https://api.msrc.microsoft.com/update-guide/rss "HTTP/1.1 200 OK"
2026-09-26 04:57:56,066 [httpx] INFO: HTTP Request: GET https://services.nvd.nist.gov/rest/json/cves/2.0?lastModStartDate=2026-09-26T02%3A27%3A54.000&lastModEndDate=2026-09-26T02%3A57%3A54.000&cvssV3Severity=CRITICAL "HTTP/1.1 200 OK"
2026-09-26 04:57:56,068 [vuln-engine.nvd_delta] INFO: NVD delta: 0 critical CVE(s) since 2026-09-26T02:27:54.978012+00:00
2026-09-26 04:57:56,068 [apscheduler.executors.default] INFO: Job "NVD Delta Collector (trigger: interval[0:30:00], next run at: 2026-09-26 05:27:54 CEST)" executed successfully
2026-09-26 04:57:59,256 [vuln-engine.vendor_rss] INFO: Vendor RSS [microsoft_msrc]: parsed 5228 entries
2026-09-26 04:57:59,272 [httpx] INFO: HTTP Request: GET https://www.intersystems.com/support/product-alerts-advisories/ "HTTP/1.1 200 OK"
2026-09-26 04:57:59,282 [vuln-engine.intersystems] INFO: InterSystems: found 10 advisories on page
2026-09-26 04:57:59,283 [apscheduler.executors.default] INFO: Job "InterSystems Collector (trigger: interval[1:00:00], next run at: 2026-09-26 05:57:54 CEST)" executed successfully
2026-09-26 04:57:59,585 [httpx] INFO: HTTP Request: GET https://www.debian.org/security/dsa "HTTP/1.1 200 OK"
2026-09-26 04:57:59,614 [vuln-engine.vendor_rss] INFO: Vendor RSS [debian_dsa]: parsed 30 entries
2026-09-26 04:58:01,203 [httpx] INFO: HTTP Request: GET https://sec.cloudapps.cisco.com/security/center/psirtrss20/CiscoSecurityAdvisory.xml "HTTP/1.1 200 OK"
2026-09-26 04:58:01,503 [vuln-engine.vendor_rss] INFO: Vendor RSS [cisco]: parsed 50 entries
2026-09-26 04:58:01,565 [httpx] INFO: HTTP Request: GET https://www.cert.ssi.gouv.fr/avis/feed/ "HTTP/1.1 200 OK"
2026-09-26 04:58:01,582 [vuln-engine.vendor_rss] INFO: Vendor RSS [certfr_avis]: parsed 40 entries
2026-09-26 04:58:01,618 [httpx] INFO: HTTP Request: GET https://www.cert.ssi.gouv.fr/alerte/feed/ "HTTP/1.1 200 OK"
2026-09-26 04:58:01,636 [vuln-engine.vendor_rss] INFO: Vendor RSS [certfr_alertes]: parsed 40 entries
2026-09-26 04:58:01,845 [httpx] INFO: HTTP Request: GET https://cert.europa.eu/publications/security-advisories-rss "HTTP/1.1 200 OK"
2026-09-26 04:58:01,851 [vuln-engine.vendor_rss] INFO: Vendor RSS [cert_eu]: parsed 10 entries
2026-09-26 04:58:01,897 [httpx] INFO: HTTP Request: GET https://ubuntu.com/security/notices/rss.xml "HTTP/1.1 200 OK"
2026-09-26 04:58:01,904 [vuln-engine.vendor_rss] INFO: Vendor RSS [ubuntu]: parsed 10 entries
2026-09-26 04:58:02,264 [httpx] INFO: HTTP Request: GET https://access.redhat.com/errata-search/feed/?q=*&advisory_type=Security+Advisory&severity=Critical "HTTP/1.1 200 OK"
2026-09-26 04:58:02,314 [vuln-engine.vendor_rss] INFO: Vendor RSS [redhat]: parsed 0 entries
2026-09-26 04:58:02,315 [apscheduler.executors.default] INFO: Job "Vendor RSS Collector (trigger: interval[1:00:00], next run at: 2026-09-26 05:57:54 CEST)" executed successfully
2026-09-26 05:27:54,977 [apscheduler.executors.default] INFO: Running job "NVD Delta Collector (trigger: interval[0:30:00], next run at: 2026-09-26 05:57:54 CEST)" (scheduled at 2026-09-26 05:27:54.974422+02:00)
2026-09-26 05:27:54,977 [vuln-engine.scheduler] INFO: ⏰ Running NVD delta collector...
2026-09-26 05:27:56,016 [httpx] INFO: HTTP Request: GET https://services.nvd.nist.gov/rest/json/cves/2.0?lastModStartDate=2026-09-26T02%3A57%3A54.000&lastModEndDate=2026-09-26T03%3A27%3A54.000&cvssV3Severity=CRITICAL "HTTP/1.1 200 OK"
2026-09-26 05:27:56,019 [vuln-engine.nvd_delta] INFO: NVD delta: 0 critical CVE(s) since 2026-09-26T02:57:54.978131+00:00
2026-09-26 05:27:56,020 [apscheduler.executors.default] INFO: Job "NVD Delta Collector (trigger: interval[0:30:00], next run at: 2026-09-26 05:57:54 CEST)" executed successfully
2026-09-26 05:57:54,976 [apscheduler.executors.default] INFO: Running job "NVD Delta Collector (trigger: interval[0:30:00], next run at: 2026-09-26 06:27:54 CEST)" (scheduled at 2026-09-26 05:57:54.974422+02:00)
2026-09-26 05:57:54,977 [vuln-engine.scheduler] INFO: ⏰ Running NVD delta collector...
2026-09-26 05:57:54,995 [apscheduler.executors.default] INFO: Running job "CISA KEV Collector (trigger: interval[1:00:00], next run at: 2026-09-26 06:57:54 CEST)" (scheduled at 2026-09-26 05:57:54.974597+02:00)
2026-09-26 05:57:54,995 [vuln-engine.scheduler] INFO: ⏰ Running CISA KEV collector...
2026-09-26 05:57:55,008 [apscheduler.executors.default] INFO: Running job "InterSystems Collector (trigger: interval[1:00:00], next run at: 2026-09-26 06:57:54 CEST)" (scheduled at 2026-09-26 05:57:54.974735+02:00)
2026-09-26 05:57:55,009 [vuln-engine.scheduler] INFO: ⏰ Running InterSystems collector...
2026-09-26 05:57:55,022 [apscheduler.executors.default] INFO: Running job "Vendor RSS Collector (trigger: interval[1:00:00], next run at: 2026-09-26 06:57:54 CEST)" (scheduled at 2026-09-26 05:57:54.974861+02:00)
2026-09-26 05:57:55,023 [vuln-engine.scheduler] INFO: ⏰ Running Vendor RSS collector...
2026-09-26 05:57:55,036 [apscheduler.executors.default] INFO: Running job "OCS Cache Refresh (trigger: interval[2:00:00], next run at: 2026-09-26 07:57:54 CEST)" (scheduled at 2026-09-26 05:57:54.974982+02:00)
2026-09-26 05:57:55,036 [vuln-engine.ocs_cache] INFO: Refreshing OCS inventory cache...
2026-09-26 05:57:55,064 [httpx] INFO: HTTP Request: GET https://localhost/ocsapi/v1/computers/listID "HTTP/1.1 200 OK"
2026-09-26 05:57:55,119 [httpx] INFO: HTTP Request: GET https://localhost/ocsapi/v1/computer/21/software "HTTP/1.1 200 OK"
2026-09-26 05:57:55,147 [httpx] INFO: HTTP Request: GET https://www.cisa.gov/sites/default/files/feeds/known_exploited_vulnerabilities.json "HTTP/1.1 200 OK"
2026-09-26 05:57:55,177 [apscheduler.executors.default] INFO: Job "CISA KEV Collector (trigger: interval[1:00:00], next run at: 2026-09-26 06:57:54 CEST)" executed successfully
2026-09-26 05:57:55,214 [httpx] INFO: HTTP Request: GET https://localhost/ocsapi/v1/computer/32/software "HTTP/1.1 200 OK"
2026-09-26 05:57:55,255 [httpx] INFO: HTTP Request: GET https://localhost/ocsapi/v1/computer/33/software "HTTP/1.1 200 OK"
2026-09-26 05:57:55,278 [httpx] INFO: HTTP Request: GET https://localhost/ocsapi/v1/computer/14/software "HTTP/1.1 200 OK"
2026-09-26 05:57:55,301 [httpx] INFO: HTTP Request: GET https://localhost/ocsapi/v1/computer/15/software "HTTP/1.1 200 OK"
2026-09-26 05:57:55,382 [httpx] INFO: HTTP Request: GET https://localhost/ocsapi/v1/computer/4/software "HTTP/1.1 200 OK"
2026-09-26 05:57:55,447 [httpx] INFO: HTTP Request: GET https://localhost/ocsapi/v1/computer/16/software "HTTP/1.1 200 OK"
2026-09-26 05:57:55,488 [httpx] INFO: HTTP Request: GET https://localhost/ocsapi/v1/computer/26/software "HTTP/1.1 200 OK"
2026-09-26 05:57:55,505 [httpx] INFO: HTTP Request: GET https://localhost/ocsapi/v1/computer/10/software "HTTP/1.1 200 OK"
2026-09-26 05:57:55,628 [httpx] INFO: HTTP Request: GET https://localhost/ocsapi/v1/computer/11/software "HTTP/1.1 200 OK"
2026-09-26 05:57:55,647 [httpx] INFO: HTTP Request: GET https://api.msrc.microsoft.com/update-guide/rss "HTTP/1.1 200 OK"
2026-09-26 05:57:55,658 [httpx] INFO: HTTP Request: GET https://localhost/ocsapi/v1/computer/12/software "HTTP/1.1 200 OK"
2026-09-26 05:57:55,676 [httpx] INFO: HTTP Request: GET https://localhost/ocsapi/v1/computer/13/software "HTTP/1.1 200 OK"
2026-09-26 05:57:55,680 [vuln-engine.ocs_cache] INFO: OCS cache refreshed: 12 machines, 3812 unique packages
2026-09-26 05:57:55,681 [apscheduler.executors.default] INFO: Job "OCS Cache Refresh (trigger: interval[2:00:00], next run at: 2026-09-26 07:57:54 CEST)" executed successfully
2026-09-26 05:57:59,224 [vuln-engine.vendor_rss] INFO: Vendor RSS [microsoft_msrc]: parsed 5228 entries
2026-09-26 05:57:59,240 [httpx] INFO: HTTP Request: GET https://services.nvd.nist.gov/rest/json/cves/2.0?lastModStartDate=2026-09-26T03%3A27%3A54.000&lastModEndDate=2026-09-26T03%3A57%3A54.000&cvssV3Severity=CRITICAL "HTTP/1.1 200 OK"
2026-09-26 05:57:59,241 [httpx] INFO: HTTP Request: GET https://www.intersystems.com/support/product-alerts-advisories/ "HTTP/1.1 200 OK"
2026-09-26 05:57:59,245 [vuln-engine.nvd_delta] INFO: NVD delta: 0 critical CVE(s) since 2026-09-26T03:27:54.977849+00:00
2026-09-26 05:57:59,245 [apscheduler.executors.default] INFO: Job "NVD Delta Collector (trigger: interval[0:30:00], next run at: 2026-09-26 06:27:54 CEST)" executed successfully
2026-09-26 05:57:59,251 [vuln-engine.intersystems] INFO: InterSystems: found 10 advisories on page
2026-09-26 05:57:59,251 [apscheduler.executors.default] INFO: Job "InterSystems Collector (trigger: interval[1:00:00], next run at: 2026-09-26 06:57:54 CEST)" executed successfully
2026-09-26 05:57:59,420 [httpx] INFO: HTTP Request: GET https://www.debian.org/security/dsa "HTTP/1.1 200 OK"
2026-09-26 05:57:59,447 [vuln-engine.vendor_rss] INFO: Vendor RSS [debian_dsa]: parsed 30 entries
2026-09-26 05:58:00,861 [httpx] INFO: HTTP Request: GET https://sec.cloudapps.cisco.com/security/center/psirtrss20/CiscoSecurityAdvisory.xml "HTTP/1.1 200 OK"
2026-09-26 05:58:01,163 [vuln-engine.vendor_rss] INFO: Vendor RSS [cisco]: parsed 50 entries
2026-09-26 05:58:01,204 [httpx] INFO: HTTP Request: GET https://www.cert.ssi.gouv.fr/avis/feed/ "HTTP/1.1 200 OK"
2026-09-26 05:58:01,221 [vuln-engine.vendor_rss] INFO: Vendor RSS [certfr_avis]: parsed 40 entries
2026-09-26 05:58:01,261 [httpx] INFO: HTTP Request: GET https://www.cert.ssi.gouv.fr/alerte/feed/ "HTTP/1.1 200 OK"
2026-09-26 05:58:01,284 [vuln-engine.vendor_rss] INFO: Vendor RSS [certfr_alertes]: parsed 40 entries
2026-09-26 05:58:01,570 [httpx] INFO: HTTP Request: GET https://cert.europa.eu/publications/security-advisories-rss "HTTP/1.1 200 OK"
2026-09-26 05:58:01,576 [vuln-engine.vendor_rss] INFO: Vendor RSS [cert_eu]: parsed 10 entries
2026-09-26 05:58:01,875 [httpx] INFO: HTTP Request: GET https://ubuntu.com/security/notices/rss.xml "HTTP/1.1 200 OK"
2026-09-26 05:58:01,881 [vuln-engine.vendor_rss] INFO: Vendor RSS [ubuntu]: parsed 10 entries
2026-09-26 05:58:02,153 [httpx] INFO: HTTP Request: GET https://access.redhat.com/errata-search/feed/?q=*&advisory_type=Security+Advisory&severity=Critical "HTTP/1.1 200 OK"
2026-09-26 05:58:02,203 [vuln-engine.vendor_rss] INFO: Vendor RSS [redhat]: parsed 0 entries
2026-09-26 05:58:02,203 [apscheduler.executors.default] INFO: Job "Vendor RSS Collector (trigger: interval[1:00:00], next run at: 2026-09-26 06:57:54 CEST)" executed successfully
2026-09-26 06:27:54,977 [apscheduler.executors.default] INFO: Running job "NVD Delta Collector (trigger: interval[0:30:00], next run at: 2026-09-26 06:57:54 CEST)" (scheduled at 2026-09-26 06:27:54.974422+02:00)
2026-09-26 06:27:54,978 [vuln-engine.scheduler] INFO: ⏰ Running NVD delta collector...
2026-09-26 06:27:56,124 [httpx] INFO: HTTP Request: GET https://services.nvd.nist.gov/rest/json/cves/2.0?lastModStartDate=2026-09-26T03%3A57%3A54.000&lastModEndDate=2026-09-26T04%3A27%3A54.000&cvssV3Severity=CRITICAL "HTTP/1.1 200 OK"
2026-09-26 06:27:56,127 [vuln-engine.nvd_delta] INFO: NVD delta: 0 critical CVE(s) since 2026-09-26T03:57:54.977517+00:00
2026-09-26 06:27:56,127 [apscheduler.executors.default] INFO: Job "NVD Delta Collector (trigger: interval[0:30:00], next run at: 2026-09-26 06:57:54 CEST)" executed successfully
2026-09-26 06:57:54,977 [apscheduler.executors.default] INFO: Running job "NVD Delta Collector (trigger: interval[0:30:00], next run at: 2026-09-26 07:27:54 CEST)" (scheduled at 2026-09-26 06:57:54.974422+02:00)
2026-09-26 06:57:54,977 [vuln-engine.scheduler] INFO: ⏰ Running NVD delta collector...
2026-09-26 06:57:54,996 [apscheduler.executors.default] INFO: Running job "CISA KEV Collector (trigger: interval[1:00:00], next run at: 2026-09-26 07:57:54 CEST)" (scheduled at 2026-09-26 06:57:54.974597+02:00)
2026-09-26 06:57:54,997 [vuln-engine.scheduler] INFO: ⏰ Running CISA KEV collector...
2026-09-26 06:57:55,009 [apscheduler.executors.default] INFO: Running job "InterSystems Collector (trigger: interval[1:00:00], next run at: 2026-09-26 07:57:54 CEST)" (scheduled at 2026-09-26 06:57:54.974735+02:00)
2026-09-26 06:57:55,009 [vuln-engine.scheduler] INFO: ⏰ Running InterSystems collector...
2026-09-26 06:57:55,022 [apscheduler.executors.default] INFO: Running job "Vendor RSS Collector (trigger: interval[1:00:00], next run at: 2026-09-26 07:57:54 CEST)" (scheduled at 2026-09-26 06:57:54.974861+02:00)
2026-09-26 06:57:55,022 [vuln-engine.scheduler] INFO: ⏰ Running Vendor RSS collector...
2026-09-26 06:57:55,118 [httpx] INFO: HTTP Request: GET https://www.cisa.gov/sites/default/files/feeds/known_exploited_vulnerabilities.json "HTTP/1.1 200 OK"
2026-09-26 06:57:55,179 [apscheduler.executors.default] INFO: Job "CISA KEV Collector (trigger: interval[1:00:00], next run at: 2026-09-26 07:57:54 CEST)" executed successfully
2026-09-26 06:57:55,630 [httpx] INFO: HTTP Request: GET https://api.msrc.microsoft.com/update-guide/rss "HTTP/1.1 200 OK"
2026-09-26 06:57:56,237 [httpx] INFO: HTTP Request: GET https://services.nvd.nist.gov/rest/json/cves/2.0?lastModStartDate=2026-09-26T04%3A27%3A54.000&lastModEndDate=2026-09-26T04%3A57%3A54.000&cvssV3Severity=CRITICAL "HTTP/1.1 200 OK"
2026-09-26 06:57:56,238 [vuln-engine.nvd_delta] INFO: NVD delta: 0 critical CVE(s) since 2026-09-26T04:27:54.978401+00:00
2026-09-26 06:57:56,239 [apscheduler.executors.default] INFO: Job "NVD Delta Collector (trigger: interval[0:30:00], next run at: 2026-09-26 07:27:54 CEST)" executed successfully
2026-09-26 06:57:59,363 [vuln-engine.vendor_rss] INFO: Vendor RSS [microsoft_msrc]: parsed 5228 entries
2026-09-26 06:57:59,377 [httpx] INFO: HTTP Request: GET https://www.intersystems.com/support/product-alerts-advisories/ "HTTP/1.1 200 OK"
2026-09-26 06:57:59,390 [vuln-engine.intersystems] INFO: InterSystems: found 10 advisories on page
2026-09-26 06:57:59,390 [apscheduler.executors.default] INFO: Job "InterSystems Collector (trigger: interval[1:00:00], next run at: 2026-09-26 07:57:54 CEST)" executed successfully
2026-09-26 06:57:59,565 [httpx] INFO: HTTP Request: GET https://www.debian.org/security/dsa "HTTP/1.1 200 OK"
2026-09-26 06:57:59,596 [vuln-engine.vendor_rss] INFO: Vendor RSS [debian_dsa]: parsed 30 entries
2026-09-26 06:58:01,097 [httpx] INFO: HTTP Request: GET https://sec.cloudapps.cisco.com/security/center/psirtrss20/CiscoSecurityAdvisory.xml "HTTP/1.1 200 OK"
2026-09-26 06:58:01,396 [vuln-engine.vendor_rss] INFO: Vendor RSS [cisco]: parsed 50 entries
2026-09-26 06:58:01,430 [httpx] INFO: HTTP Request: GET https://www.cert.ssi.gouv.fr/avis/feed/ "HTTP/1.1 200 OK"
2026-09-26 06:58:01,448 [vuln-engine.vendor_rss] INFO: Vendor RSS [certfr_avis]: parsed 40 entries
2026-09-26 06:58:01,481 [httpx] INFO: HTTP Request: GET https://www.cert.ssi.gouv.fr/alerte/feed/ "HTTP/1.1 200 OK"
2026-09-26 06:58:01,499 [vuln-engine.vendor_rss] INFO: Vendor RSS [certfr_alertes]: parsed 40 entries
2026-09-26 06:58:01,734 [httpx] INFO: HTTP Request: GET https://cert.europa.eu/publications/security-advisories-rss "HTTP/1.1 200 OK"
2026-09-26 06:58:01,740 [vuln-engine.vendor_rss] INFO: Vendor RSS [cert_eu]: parsed 10 entries
2026-09-26 06:58:01,784 [httpx] INFO: HTTP Request: GET https://ubuntu.com/security/notices/rss.xml "HTTP/1.1 200 OK"
2026-09-26 06:58:01,791 [vuln-engine.vendor_rss] INFO: Vendor RSS [ubuntu]: parsed 10 entries
2026-09-26 06:58:02,093 [httpx] INFO: HTTP Request: GET https://access.redhat.com/errata-search/feed/?q=*&advisory_type=Security+Advisory&severity=Critical "HTTP/1.1 200 OK"
2026-09-26 06:58:02,145 [vuln-engine.vendor_rss] INFO: Vendor RSS [redhat]: parsed 0 entries
2026-09-26 06:58:02,145 [apscheduler.executors.default] INFO: Job "Vendor RSS Collector (trigger: interval[1:00:00], next run at: 2026-09-26 07:57:54 CEST)" executed successfully
2026-09-26 07:27:54,978 [apscheduler.executors.default] INFO: Running job "NVD Delta Collector (trigger: interval[0:30:00], next run at: 2026-09-26 07:57:54 CEST)" (scheduled at 2026-09-26 07:27:54.974422+02:00)
2026-09-26 07:27:54,980 [vuln-engine.scheduler] INFO: ⏰ Running NVD delta collector...
2026-09-26 07:27:56,129 [httpx] INFO: HTTP Request: GET https://services.nvd.nist.gov/rest/json/cves/2.0?lastModStartDate=2026-09-26T04%3A57%3A54.000&lastModEndDate=2026-09-26T05%3A27%3A54.000&cvssV3Severity=CRITICAL "HTTP/1.1 200 OK"
2026-09-26 07:27:56,131 [vuln-engine.nvd_delta] INFO: NVD delta: 0 critical CVE(s) since 2026-09-26T04:57:54.977944+00:00
2026-09-26 07:27:56,132 [apscheduler.executors.default] INFO: Job "NVD Delta Collector (trigger: interval[0:30:00], next run at: 2026-09-26 07:57:54 CEST)" executed successfully
2026-09-26 07:57:54,976 [apscheduler.executors.default] INFO: Running job "NVD Delta Collector (trigger: interval[0:30:00], next run at: 2026-09-26 08:27:54 CEST)" (scheduled at 2026-09-26 07:57:54.974422+02:00)
2026-09-26 07:57:54,977 [vuln-engine.scheduler] INFO: ⏰ Running NVD delta collector...
2026-09-26 07:57:54,993 [apscheduler.executors.default] INFO: Running job "CISA KEV Collector (trigger: interval[1:00:00], next run at: 2026-09-26 08:57:54 CEST)" (scheduled at 2026-09-26 07:57:54.974597+02:00)
2026-09-26 07:57:54,994 [vuln-engine.scheduler] INFO: ⏰ Running CISA KEV collector...
2026-09-26 07:57:55,006 [apscheduler.executors.default] INFO: Running job "InterSystems Collector (trigger: interval[1:00:00], next run at: 2026-09-26 08:57:54 CEST)" (scheduled at 2026-09-26 07:57:54.974735+02:00)
2026-09-26 07:57:55,006 [vuln-engine.scheduler] INFO: ⏰ Running InterSystems collector...
2026-09-26 07:57:55,018 [apscheduler.executors.default] INFO: Running job "Vendor RSS Collector (trigger: interval[1:00:00], next run at: 2026-09-26 08:57:54 CEST)" (scheduled at 2026-09-26 07:57:54.974861+02:00)
2026-09-26 07:57:55,018 [vuln-engine.scheduler] INFO: ⏰ Running Vendor RSS collector...
2026-09-26 07:57:55,030 [apscheduler.executors.default] INFO: Running job "OCS Cache Refresh (trigger: interval[2:00:00], next run at: 2026-09-26 09:57:54 CEST)" (scheduled at 2026-09-26 07:57:54.974982+02:00)
2026-09-26 07:57:55,031 [vuln-engine.ocs_cache] INFO: Refreshing OCS inventory cache...
2026-09-26 07:57:55,058 [httpx] INFO: HTTP Request: GET https://localhost/ocsapi/v1/computers/listID "HTTP/1.1 200 OK"
2026-09-26 07:57:55,124 [httpx] INFO: HTTP Request: GET https://localhost/ocsapi/v1/computer/21/software "HTTP/1.1 200 OK"
2026-09-26 07:57:55,153 [httpx] INFO: HTTP Request: GET https://www.cisa.gov/sites/default/files/feeds/known_exploited_vulnerabilities.json "HTTP/1.1 200 OK"
2026-09-26 07:57:55,189 [apscheduler.executors.default] INFO: Job "CISA KEV Collector (trigger: interval[1:00:00], next run at: 2026-09-26 08:57:54 CEST)" executed successfully
2026-09-26 07:57:55,197 [httpx] INFO: HTTP Request: GET https://localhost/ocsapi/v1/computer/32/software "HTTP/1.1 200 OK"
2026-09-26 07:57:55,236 [httpx] INFO: HTTP Request: GET https://localhost/ocsapi/v1/computer/33/software "HTTP/1.1 200 OK"
2026-09-26 07:57:55,259 [httpx] INFO: HTTP Request: GET https://localhost/ocsapi/v1/computer/14/software "HTTP/1.1 200 OK"
2026-09-26 07:57:55,278 [httpx] INFO: HTTP Request: GET https://localhost/ocsapi/v1/computer/15/software "HTTP/1.1 200 OK"
2026-09-26 07:57:55,337 [httpx] INFO: HTTP Request: GET https://localhost/ocsapi/v1/computer/4/software "HTTP/1.1 200 OK"
2026-09-26 07:57:55,388 [httpx] INFO: HTTP Request: GET https://localhost/ocsapi/v1/computer/16/software "HTTP/1.1 200 OK"
2026-09-26 07:57:55,429 [httpx] INFO: HTTP Request: GET https://localhost/ocsapi/v1/computer/26/software "HTTP/1.1 200 OK"
2026-09-26 07:57:55,446 [httpx] INFO: HTTP Request: GET https://localhost/ocsapi/v1/computer/10/software "HTTP/1.1 200 OK"
2026-09-26 07:57:55,493 [httpx] INFO: HTTP Request: GET https://localhost/ocsapi/v1/computer/11/software "HTTP/1.1 200 OK"
2026-09-26 07:57:55,519 [httpx] INFO: HTTP Request: GET https://localhost/ocsapi/v1/computer/12/software "HTTP/1.1 200 OK"
2026-09-26 07:57:55,532 [httpx] INFO: HTTP Request: GET https://localhost/ocsapi/v1/computer/13/software "HTTP/1.1 200 OK"
2026-09-26 07:57:55,536 [vuln-engine.ocs_cache] INFO: OCS cache refreshed: 12 machines, 3812 unique packages
2026-09-26 07:57:55,536 [apscheduler.executors.default] INFO: Job "OCS Cache Refresh (trigger: interval[2:00:00], next run at: 2026-09-26 09:57:54 CEST)" executed successfully
2026-09-26 07:57:55,603 [httpx] INFO: HTTP Request: GET https://api.msrc.microsoft.com/update-guide/rss "HTTP/1.1 200 OK"
2026-09-26 07:57:56,045 [httpx] INFO: HTTP Request: GET https://services.nvd.nist.gov/rest/json/cves/2.0?lastModStartDate=2026-09-26T05%3A27%3A54.000&lastModEndDate=2026-09-26T05%3A57%3A54.000&cvssV3Severity=CRITICAL "HTTP/1.1 200 OK"
2026-09-26 07:57:56,047 [vuln-engine.nvd_delta] INFO: NVD delta: 0 critical CVE(s) since 2026-09-26T05:27:54.980236+00:00
2026-09-26 07:57:56,048 [apscheduler.executors.default] INFO: Job "NVD Delta Collector (trigger: interval[0:30:00], next run at: 2026-09-26 08:27:54 CEST)" executed successfully
2026-09-26 07:57:59,172 [vuln-engine.vendor_rss] INFO: Vendor RSS [microsoft_msrc]: parsed 5228 entries
2026-09-26 07:57:59,190 [httpx] INFO: HTTP Request: GET https://www.intersystems.com/support/product-alerts-advisories/ "HTTP/1.1 200 OK"
2026-09-26 07:57:59,199 [vuln-engine.intersystems] INFO: InterSystems: found 10 advisories on page
2026-09-26 07:57:59,200 [apscheduler.executors.default] INFO: Job "InterSystems Collector (trigger: interval[1:00:00], next run at: 2026-09-26 08:57:54 CEST)" executed successfully
2026-09-26 07:57:59,256 [httpx] INFO: HTTP Request: GET https://www.debian.org/security/dsa "HTTP/1.1 200 OK"
2026-09-26 07:57:59,285 [vuln-engine.vendor_rss] INFO: Vendor RSS [debian_dsa]: parsed 30 entries
2026-09-26 07:58:00,697 [httpx] INFO: HTTP Request: GET https://sec.cloudapps.cisco.com/security/center/psirtrss20/CiscoSecurityAdvisory.xml "HTTP/1.1 200 OK"
2026-09-26 07:58:01,084 [vuln-engine.vendor_rss] INFO: Vendor RSS [cisco]: parsed 50 entries
2026-09-26 07:58:01,128 [httpx] INFO: HTTP Request: GET https://www.cert.ssi.gouv.fr/avis/feed/ "HTTP/1.1 200 OK"
2026-09-26 07:58:01,147 [vuln-engine.vendor_rss] INFO: Vendor RSS [certfr_avis]: parsed 40 entries
2026-09-26 07:58:01,186 [httpx] INFO: HTTP Request: GET https://www.cert.ssi.gouv.fr/alerte/feed/ "HTTP/1.1 200 OK"
2026-09-26 07:58:01,207 [vuln-engine.vendor_rss] INFO: Vendor RSS [certfr_alertes]: parsed 40 entries
2026-09-26 07:58:01,399 [httpx] INFO: HTTP Request: GET https://cert.europa.eu/publications/security-advisories-rss "HTTP/1.1 200 OK"
2026-09-26 07:58:01,406 [vuln-engine.vendor_rss] INFO: Vendor RSS [cert_eu]: parsed 10 entries
2026-09-26 07:58:01,456 [httpx] INFO: HTTP Request: GET https://ubuntu.com/security/notices/rss.xml "HTTP/1.1 200 OK"
2026-09-26 07:58:01,463 [vuln-engine.vendor_rss] INFO: Vendor RSS [ubuntu]: parsed 10 entries
2026-09-26 07:58:01,758 [httpx] INFO: HTTP Request: GET https://access.redhat.com/errata-search/feed/?q=*&advisory_type=Security+Advisory&severity=Critical "HTTP/1.1 200 OK"
2026-09-26 07:58:01,814 [vuln-engine.vendor_rss] INFO: Vendor RSS [redhat]: parsed 0 entries
2026-09-26 07:58:01,814 [apscheduler.executors.default] INFO: Job "Vendor RSS Collector (trigger: interval[1:00:00], next run at: 2026-09-26 08:57:54 CEST)" executed successfully
2026-09-26 08:27:54,976 [apscheduler.executors.default] INFO: Running job "NVD Delta Collector (trigger: interval[0:30:00], next run at: 2026-09-26 08:57:54 CEST)" (scheduled at 2026-09-26 08:27:54.974422+02:00)
2026-09-26 08:27:54,977 [vuln-engine.scheduler] INFO: ⏰ Running NVD delta collector...
2026-09-26 08:27:56,206 [httpx] INFO: HTTP Request: GET https://services.nvd.nist.gov/rest/json/cves/2.0?lastModStartDate=2026-09-26T05%3A57%3A54.000&lastModEndDate=2026-09-26T06%3A27%3A54.000&cvssV3Severity=CRITICAL "HTTP/1.1 200 OK"
2026-09-26 08:27:56,207 [vuln-engine.nvd_delta] INFO: NVD delta: 0 critical CVE(s) since 2026-09-26T05:57:54.977984+00:00
2026-09-26 08:27:56,208 [apscheduler.executors.default] INFO: Job "NVD Delta Collector (trigger: interval[0:30:00], next run at: 2026-09-26 08:57:54 CEST)" executed successfully
2026-09-26 08:57:54,976 [apscheduler.executors.default] INFO: Running job "NVD Delta Collector (trigger: interval[0:30:00], next run at: 2026-09-26 09:27:54 CEST)" (scheduled at 2026-09-26 08:57:54.974422+02:00)
2026-09-26 08:57:54,977 [vuln-engine.scheduler] INFO: ⏰ Running NVD delta collector...
2026-09-26 08:57:54,993 [apscheduler.executors.default] INFO: Running job "CISA KEV Collector (trigger: interval[1:00:00], next run at: 2026-09-26 09:57:54 CEST)" (scheduled at 2026-09-26 08:57:54.974597+02:00)
2026-09-26 08:57:54,993 [vuln-engine.scheduler] INFO: ⏰ Running CISA KEV collector...
2026-09-26 08:57:55,004 [apscheduler.executors.default] INFO: Running job "InterSystems Collector (trigger: interval[1:00:00], next run at: 2026-09-26 09:57:54 CEST)" (scheduled at 2026-09-26 08:57:54.974735+02:00)
2026-09-26 08:57:55,005 [vuln-engine.scheduler] INFO: ⏰ Running InterSystems collector...
2026-09-26 08:57:55,017 [apscheduler.executors.default] INFO: Running job "Vendor RSS Collector (trigger: interval[1:00:00], next run at: 2026-09-26 09:57:54 CEST)" (scheduled at 2026-09-26 08:57:54.974861+02:00)
2026-09-26 08:57:55,018 [vuln-engine.scheduler] INFO: ⏰ Running Vendor RSS collector...
2026-09-26 08:57:55,123 [httpx] INFO: HTTP Request: GET https://www.cisa.gov/sites/default/files/feeds/known_exploited_vulnerabilities.json "HTTP/1.1 200 OK"
2026-09-26 08:57:55,177 [apscheduler.executors.default] INFO: Job "CISA KEV Collector (trigger: interval[1:00:00], next run at: 2026-09-26 09:57:54 CEST)" executed successfully
2026-09-26 08:57:55,600 [httpx] INFO: HTTP Request: GET https://api.msrc.microsoft.com/update-guide/rss "HTTP/1.1 200 OK"
2026-09-26 08:57:56,088 [httpx] INFO: HTTP Request: GET https://services.nvd.nist.gov/rest/json/cves/2.0?lastModStartDate=2026-09-26T06%3A27%3A54.000&lastModEndDate=2026-09-26T06%3A57%3A54.000&cvssV3Severity=CRITICAL "HTTP/1.1 200 OK"
2026-09-26 08:57:56,089 [vuln-engine.nvd_delta] INFO: NVD delta: 0 critical CVE(s) since 2026-09-26T06:27:54.977511+00:00
2026-09-26 08:57:56,090 [apscheduler.executors.default] INFO: Job "NVD Delta Collector (trigger: interval[0:30:00], next run at: 2026-09-26 09:27:54 CEST)" executed successfully
2026-09-26 08:57:59,287 [vuln-engine.vendor_rss] INFO: Vendor RSS [microsoft_msrc]: parsed 5228 entries
2026-09-26 08:57:59,302 [httpx] INFO: HTTP Request: GET https://www.intersystems.com/support/product-alerts-advisories/ "HTTP/1.1 200 OK"
2026-09-26 08:57:59,312 [vuln-engine.intersystems] INFO: InterSystems: found 10 advisories on page
2026-09-26 08:57:59,313 [apscheduler.executors.default] INFO: Job "InterSystems Collector (trigger: interval[1:00:00], next run at: 2026-09-26 09:57:54 CEST)" executed successfully
2026-09-26 08:57:59,367 [httpx] INFO: HTTP Request: GET https://www.debian.org/security/dsa "HTTP/1.1 200 OK"
2026-09-26 08:57:59,396 [vuln-engine.vendor_rss] INFO: Vendor RSS [debian_dsa]: parsed 30 entries
2026-09-26 08:58:00,912 [httpx] INFO: HTTP Request: GET https://sec.cloudapps.cisco.com/security/center/psirtrss20/CiscoSecurityAdvisory.xml "HTTP/1.1 200 OK"
2026-09-26 08:58:01,224 [vuln-engine.vendor_rss] INFO: Vendor RSS [cisco]: parsed 50 entries
2026-09-26 08:58:01,263 [httpx] INFO: HTTP Request: GET https://www.cert.ssi.gouv.fr/avis/feed/ "HTTP/1.1 200 OK"
2026-09-26 08:58:01,285 [vuln-engine.vendor_rss] INFO: Vendor RSS [certfr_avis]: parsed 40 entries
2026-09-26 08:58:01,321 [httpx] INFO: HTTP Request: GET https://www.cert.ssi.gouv.fr/alerte/feed/ "HTTP/1.1 200 OK"
2026-09-26 08:58:01,340 [vuln-engine.vendor_rss] INFO: Vendor RSS [certfr_alertes]: parsed 40 entries
2026-09-26 08:58:01,599 [httpx] INFO: HTTP Request: GET https://cert.europa.eu/publications/security-advisories-rss "HTTP/1.1 200 OK"
2026-09-26 08:58:01,606 [vuln-engine.vendor_rss] INFO: Vendor RSS [cert_eu]: parsed 10 entries
2026-09-26 08:58:01,657 [httpx] INFO: HTTP Request: GET https://ubuntu.com/security/notices/rss.xml "HTTP/1.1 200 OK"
2026-09-26 08:58:01,664 [vuln-engine.vendor_rss] INFO: Vendor RSS [ubuntu]: parsed 10 entries
2026-09-26 08:58:01,998 [httpx] INFO: HTTP Request: GET https://access.redhat.com/errata-search/feed/?q=*&advisory_type=Security+Advisory&severity=Critical "HTTP/1.1 200 OK"
2026-09-26 08:58:02,050 [vuln-engine.vendor_rss] INFO: Vendor RSS [redhat]: parsed 0 entries
2026-09-26 08:58:02,051 [apscheduler.executors.default] INFO: Job "Vendor RSS Collector (trigger: interval[1:00:00], next run at: 2026-09-26 09:57:54 CEST)" executed successfully
2026-09-26 09:27:54,977 [apscheduler.executors.default] INFO: Running job "NVD Delta Collector (trigger: interval[0:30:00], next run at: 2026-09-26 09:57:54 CEST)" (scheduled at 2026-09-26 09:27:54.974422+02:00)
2026-09-26 09:27:54,977 [vuln-engine.scheduler] INFO: ⏰ Running NVD delta collector...
2026-09-26 09:27:56,054 [httpx] INFO: HTTP Request: GET https://services.nvd.nist.gov/rest/json/cves/2.0?lastModStartDate=2026-09-26T06%3A57%3A54.000&lastModEndDate=2026-09-26T07%3A27%3A54.000&cvssV3Severity=CRITICAL "HTTP/1.1 200 OK"
2026-09-26 09:27:56,056 [vuln-engine.nvd_delta] INFO: NVD delta: 1 critical CVE(s) since 2026-09-26T06:57:54.977564+00:00
2026-09-26 09:27:56,056 [vuln-engine.matching] INFO: Matching: 0/1 alerts matched
2026-09-26 09:27:56,056 [apscheduler.executors.default] INFO: Job "NVD Delta Collector (trigger: interval[0:30:00], next run at: 2026-09-26 09:57:54 CEST)" executed successfully
2026-09-26 09:57:54,977 [apscheduler.executors.default] INFO: Running job "NVD Delta Collector (trigger: interval[0:30:00], next run at: 2026-09-26 10:27:54 CEST)" (scheduled at 2026-09-26 09:57:54.974422+02:00)
2026-09-26 09:57:54,978 [vuln-engine.scheduler] INFO: ⏰ Running NVD delta collector...
2026-09-26 09:57:54,994 [apscheduler.executors.default] INFO: Running job "CISA KEV Collector (trigger: interval[1:00:00], next run at: 2026-09-26 10:57:54 CEST)" (scheduled at 2026-09-26 09:57:54.974597+02:00)
2026-09-26 09:57:54,995 [vuln-engine.scheduler] INFO: ⏰ Running CISA KEV collector...
2026-09-26 09:57:55,007 [apscheduler.executors.default] INFO: Running job "InterSystems Collector (trigger: interval[1:00:00], next run at: 2026-09-26 10:57:54 CEST)" (scheduled at 2026-09-26 09:57:54.974735+02:00)
2026-09-26 09:57:55,007 [vuln-engine.scheduler] INFO: ⏰ Running InterSystems collector...
2026-09-26 09:57:55,019 [apscheduler.executors.default] INFO: Running job "Vendor RSS Collector (trigger: interval[1:00:00], next run at: 2026-09-26 10:57:54 CEST)" (scheduled at 2026-09-26 09:57:54.974861+02:00)
2026-09-26 09:57:55,019 [vuln-engine.scheduler] INFO: ⏰ Running Vendor RSS collector...
2026-09-26 09:57:55,030 [apscheduler.executors.default] INFO: Running job "OCS Cache Refresh (trigger: interval[2:00:00], next run at: 2026-09-26 11:57:54 CEST)" (scheduled at 2026-09-26 09:57:54.974982+02:00)
2026-09-26 09:57:55,031 [vuln-engine.ocs_cache] INFO: Refreshing OCS inventory cache...
2026-09-26 09:57:55,062 [httpx] INFO: HTTP Request: GET https://localhost/ocsapi/v1/computers/listID "HTTP/1.1 200 OK"
2026-09-26 09:57:55,114 [httpx] INFO: HTTP Request: GET https://localhost/ocsapi/v1/computer/21/software "HTTP/1.1 200 OK"
2026-09-26 09:57:55,142 [httpx] INFO: HTTP Request: GET https://www.cisa.gov/sites/default/files/feeds/known_exploited_vulnerabilities.json "HTTP/1.1 200 OK"
2026-09-26 09:57:55,174 [apscheduler.executors.default] INFO: Job "CISA KEV Collector (trigger: interval[1:00:00], next run at: 2026-09-26 10:57:54 CEST)" executed successfully
2026-09-26 09:57:55,181 [httpx] INFO: HTTP Request: GET https://localhost/ocsapi/v1/computer/32/software "HTTP/1.1 200 OK"
2026-09-26 09:57:55,221 [httpx] INFO: HTTP Request: GET https://localhost/ocsapi/v1/computer/33/software "HTTP/1.1 200 OK"
2026-09-26 09:57:55,241 [httpx] INFO: HTTP Request: GET https://localhost/ocsapi/v1/computer/14/software "HTTP/1.1 200 OK"
2026-09-26 09:57:55,259 [httpx] INFO: HTTP Request: GET https://localhost/ocsapi/v1/computer/15/software "HTTP/1.1 200 OK"
2026-09-26 09:57:55,322 [httpx] INFO: HTTP Request: GET https://localhost/ocsapi/v1/computer/4/software "HTTP/1.1 200 OK"
2026-09-26 09:57:55,377 [httpx] INFO: HTTP Request: GET https://localhost/ocsapi/v1/computer/16/software "HTTP/1.1 200 OK"
2026-09-26 09:57:55,422 [httpx] INFO: HTTP Request: GET https://localhost/ocsapi/v1/computer/26/software "HTTP/1.1 200 OK"
2026-09-26 09:57:55,439 [httpx] INFO: HTTP Request: GET https://localhost/ocsapi/v1/computer/10/software "HTTP/1.1 200 OK"
2026-09-26 09:57:55,489 [httpx] INFO: HTTP Request: GET https://localhost/ocsapi/v1/computer/11/software "HTTP/1.1 200 OK"
2026-09-26 09:57:55,511 [httpx] INFO: HTTP Request: GET https://localhost/ocsapi/v1/computer/12/software "HTTP/1.1 200 OK"
2026-09-26 09:57:55,524 [httpx] INFO: HTTP Request: GET https://localhost/ocsapi/v1/computer/13/software "HTTP/1.1 200 OK"
2026-09-26 09:57:55,527 [vuln-engine.ocs_cache] INFO: OCS cache refreshed: 12 machines, 3812 unique packages
2026-09-26 09:57:55,528 [apscheduler.executors.default] INFO: Job "OCS Cache Refresh (trigger: interval[2:00:00], next run at: 2026-09-26 11:57:54 CEST)" executed successfully
2026-09-26 09:57:55,599 [httpx] INFO: HTTP Request: GET https://api.msrc.microsoft.com/update-guide/rss "HTTP/1.1 200 OK"
2026-09-26 09:57:56,092 [httpx] INFO: HTTP Request: GET https://services.nvd.nist.gov/rest/json/cves/2.0?lastModStartDate=2026-09-26T07%3A27%3A54.000&lastModEndDate=2026-09-26T07%3A57%3A54.000&cvssV3Severity=CRITICAL "HTTP/1.1 200 OK"
2026-09-26 09:57:56,093 [vuln-engine.nvd_delta] INFO: NVD delta: 0 critical CVE(s) since 2026-09-26T07:27:54.977929+00:00
2026-09-26 09:57:56,093 [apscheduler.executors.default] INFO: Job "NVD Delta Collector (trigger: interval[0:30:00], next run at: 2026-09-26 10:27:54 CEST)" executed successfully
2026-09-26 09:57:59,170 [vuln-engine.vendor_rss] INFO: Vendor RSS [microsoft_msrc]: parsed 5228 entries
2026-09-26 09:57:59,191 [httpx] INFO: HTTP Request: GET https://www.intersystems.com/support/product-alerts-advisories/ "HTTP/1.1 200 OK"
2026-09-26 09:57:59,202 [vuln-engine.intersystems] INFO: InterSystems: found 10 advisories on page
2026-09-26 09:57:59,202 [apscheduler.executors.default] INFO: Job "InterSystems Collector (trigger: interval[1:00:00], next run at: 2026-09-26 10:57:54 CEST)" executed successfully
2026-09-26 09:57:59,421 [httpx] INFO: HTTP Request: GET https://www.debian.org/security/dsa "HTTP/1.1 200 OK"
2026-09-26 09:57:59,449 [vuln-engine.vendor_rss] INFO: Vendor RSS [debian_dsa]: parsed 30 entries
2026-09-26 09:58:00,939 [httpx] INFO: HTTP Request: GET https://sec.cloudapps.cisco.com/security/center/psirtrss20/CiscoSecurityAdvisory.xml "HTTP/1.1 200 OK"
2026-09-26 09:58:01,231 [vuln-engine.vendor_rss] INFO: Vendor RSS [cisco]: parsed 50 entries
2026-09-26 09:58:01,275 [httpx] INFO: HTTP Request: GET https://www.cert.ssi.gouv.fr/avis/feed/ "HTTP/1.1 200 OK"
2026-09-26 09:58:01,294 [vuln-engine.vendor_rss] INFO: Vendor RSS [certfr_avis]: parsed 40 entries
2026-09-26 09:58:01,325 [httpx] INFO: HTTP Request: GET https://www.cert.ssi.gouv.fr/alerte/feed/ "HTTP/1.1 200 OK"
2026-09-26 09:58:01,354 [vuln-engine.vendor_rss] INFO: Vendor RSS [certfr_alertes]: parsed 40 entries
2026-09-26 09:58:01,647 [httpx] INFO: HTTP Request: GET https://cert.europa.eu/publications/security-advisories-rss "HTTP/1.1 200 OK"
2026-09-26 09:58:01,654 [vuln-engine.vendor_rss] INFO: Vendor RSS [cert_eu]: parsed 10 entries
2026-09-26 09:58:01,941 [httpx] INFO: HTTP Request: GET https://ubuntu.com/security/notices/rss.xml "HTTP/1.1 200 OK"
2026-09-26 09:58:01,949 [vuln-engine.vendor_rss] INFO: Vendor RSS [ubuntu]: parsed 10 entries
2026-09-26 09:58:02,280 [httpx] INFO: HTTP Request: GET https://access.redhat.com/errata-search/feed/?q=*&advisory_type=Security+Advisory&severity=Critical "HTTP/1.1 200 OK"
2026-09-26 09:58:02,328 [vuln-engine.vendor_rss] INFO: Vendor RSS [redhat]: parsed 0 entries
2026-09-26 09:58:02,328 [apscheduler.executors.default] INFO: Job "Vendor RSS Collector (trigger: interval[1:00:00], next run at: 2026-09-26 10:57:54 CEST)" executed successfully
2026-09-26 10:27:54,976 [apscheduler.executors.default] INFO: Running job "NVD Delta Collector (trigger: interval[0:30:00], next run at: 2026-09-26 10:57:54 CEST)" (scheduled at 2026-09-26 10:27:54.974422+02:00)
2026-09-26 10:27:54,977 [vuln-engine.scheduler] INFO: ⏰ Running NVD delta collector...
2026-09-26 10:27:56,097 [httpx] INFO: HTTP Request: GET https://services.nvd.nist.gov/rest/json/cves/2.0?lastModStartDate=2026-09-26T07%3A57%3A54.000&lastModEndDate=2026-09-26T08%3A27%3A54.000&cvssV3Severity=CRITICAL "HTTP/1.1 200 OK"
2026-09-26 10:27:56,099 [vuln-engine.nvd_delta] INFO: NVD delta: 0 critical CVE(s) since 2026-09-26T07:57:54.978360+00:00
2026-09-26 10:27:56,099 [apscheduler.executors.default] INFO: Job "NVD Delta Collector (trigger: interval[0:30:00], next run at: 2026-09-26 10:57:54 CEST)" executed successfully
2026-09-26 10:57:54,976 [apscheduler.executors.default] INFO: Running job "NVD Delta Collector (trigger: interval[0:30:00], next run at: 2026-09-26 11:27:54 CEST)" (scheduled at 2026-09-26 10:57:54.974422+02:00)
2026-09-26 10:57:54,977 [vuln-engine.scheduler] INFO: ⏰ Running NVD delta collector...
2026-09-26 10:57:54,993 [apscheduler.executors.default] INFO: Running job "CISA KEV Collector (trigger: interval[1:00:00], next run at: 2026-09-26 11:57:54 CEST)" (scheduled at 2026-09-26 10:57:54.974597+02:00)
2026-09-26 10:57:54,993 [vuln-engine.scheduler] INFO: ⏰ Running CISA KEV collector...
2026-09-26 10:57:55,006 [apscheduler.executors.default] INFO: Running job "InterSystems Collector (trigger: interval[1:00:00], next run at: 2026-09-26 11:57:54 CEST)" (scheduled at 2026-09-26 10:57:54.974735+02:00)
2026-09-26 10:57:55,006 [vuln-engine.scheduler] INFO: ⏰ Running InterSystems collector...
2026-09-26 10:57:55,019 [apscheduler.executors.default] INFO: Running job "Vendor RSS Collector (trigger: interval[1:00:00], next run at: 2026-09-26 11:57:54 CEST)" (scheduled at 2026-09-26 10:57:54.974861+02:00)
2026-09-26 10:57:55,019 [vuln-engine.scheduler] INFO: ⏰ Running Vendor RSS collector...
2026-09-26 10:57:55,130 [httpx] INFO: HTTP Request: GET https://www.cisa.gov/sites/default/files/feeds/known_exploited_vulnerabilities.json "HTTP/1.1 200 OK"
2026-09-26 10:57:55,177 [apscheduler.executors.default] INFO: Job "CISA KEV Collector (trigger: interval[1:00:00], next run at: 2026-09-26 11:57:54 CEST)" executed successfully
2026-09-26 10:57:55,618 [httpx] INFO: HTTP Request: GET https://api.msrc.microsoft.com/update-guide/rss "HTTP/1.1 200 OK"
2026-09-26 10:57:56,121 [httpx] INFO: HTTP Request: GET https://services.nvd.nist.gov/rest/json/cves/2.0?lastModStartDate=2026-09-26T08%3A27%3A54.000&lastModEndDate=2026-09-26T08%3A57%3A54.000&cvssV3Severity=CRITICAL "HTTP/1.1 200 OK"
2026-09-26 10:57:56,122 [vuln-engine.nvd_delta] INFO: NVD delta: 0 critical CVE(s) since 2026-09-26T08:27:54.977417+00:00
2026-09-26 10:57:56,122 [apscheduler.executors.default] INFO: Job "NVD Delta Collector (trigger: interval[0:30:00], next run at: 2026-09-26 11:27:54 CEST)" executed successfully
2026-09-26 10:57:59,101 [vuln-engine.vendor_rss] INFO: Vendor RSS [microsoft_msrc]: parsed 5228 entries
2026-09-26 10:57:59,115 [httpx] INFO: HTTP Request: GET https://www.intersystems.com/support/product-alerts-advisories/ "HTTP/1.1 200 OK"
2026-09-26 10:57:59,126 [vuln-engine.intersystems] INFO: InterSystems: found 10 advisories on page
2026-09-26 10:57:59,126 [apscheduler.executors.default] INFO: Job "InterSystems Collector (trigger: interval[1:00:00], next run at: 2026-09-26 11:57:54 CEST)" executed successfully
2026-09-26 10:57:59,344 [httpx] INFO: HTTP Request: GET https://www.debian.org/security/dsa "HTTP/1.1 200 OK"
2026-09-26 10:57:59,372 [vuln-engine.vendor_rss] INFO: Vendor RSS [debian_dsa]: parsed 30 entries
2026-09-26 10:58:00,342 [httpx] INFO: HTTP Request: GET https://sec.cloudapps.cisco.com/security/center/psirtrss20/CiscoSecurityAdvisory.xml "HTTP/1.1 200 OK"
2026-09-26 10:58:00,719 [vuln-engine.vendor_rss] INFO: Vendor RSS [cisco]: parsed 50 entries
2026-09-26 10:58:00,755 [httpx] INFO: HTTP Request: GET https://www.cert.ssi.gouv.fr/avis/feed/ "HTTP/1.1 200 OK"
2026-09-26 10:58:00,774 [vuln-engine.vendor_rss] INFO: Vendor RSS [certfr_avis]: parsed 40 entries
2026-09-26 10:58:00,805 [httpx] INFO: HTTP Request: GET https://www.cert.ssi.gouv.fr/alerte/feed/ "HTTP/1.1 200 OK"
2026-09-26 10:58:00,823 [vuln-engine.vendor_rss] INFO: Vendor RSS [certfr_alertes]: parsed 40 entries
2026-09-26 10:58:01,001 [httpx] INFO: HTTP Request: GET https://cert.europa.eu/publications/security-advisories-rss "HTTP/1.1 200 OK"
2026-09-26 10:58:01,007 [vuln-engine.vendor_rss] INFO: Vendor RSS [cert_eu]: parsed 10 entries
2026-09-26 10:58:01,062 [httpx] INFO: HTTP Request: GET https://ubuntu.com/security/notices/rss.xml "HTTP/1.1 200 OK"
2026-09-26 10:58:01,068 [vuln-engine.vendor_rss] INFO: Vendor RSS [ubuntu]: parsed 10 entries
2026-09-26 10:58:01,365 [httpx] INFO: HTTP Request: GET https://access.redhat.com/errata-search/feed/?q=*&advisory_type=Security+Advisory&severity=Critical "HTTP/1.1 200 OK"
2026-09-26 10:58:01,417 [vuln-engine.vendor_rss] INFO: Vendor RSS [redhat]: parsed 0 entries
2026-09-26 10:58:01,417 [apscheduler.executors.default] INFO: Job "Vendor RSS Collector (trigger: interval[1:00:00], next run at: 2026-09-26 11:57:54 CEST)" executed successfully
2026-09-26 11:27:54,976 [apscheduler.executors.default] INFO: Running job "NVD Delta Collector (trigger: interval[0:30:00], next run at: 2026-09-26 11:57:54 CEST)" (scheduled at 2026-09-26 11:27:54.974422+02:00)
2026-09-26 11:27:54,977 [vuln-engine.scheduler] INFO: ⏰ Running NVD delta collector...
2026-09-26 11:27:56,039 [httpx] INFO: HTTP Request: GET https://services.nvd.nist.gov/rest/json/cves/2.0?lastModStartDate=2026-09-26T08%3A57%3A54.000&lastModEndDate=2026-09-26T09%3A27%3A54.000&cvssV3Severity=CRITICAL "HTTP/1.1 200 OK"
2026-09-26 11:27:56,040 [vuln-engine.nvd_delta] INFO: NVD delta: 0 critical CVE(s) since 2026-09-26T08:57:54.977227+00:00
2026-09-26 11:27:56,041 [apscheduler.executors.default] INFO: Job "NVD Delta Collector (trigger: interval[0:30:00], next run at: 2026-09-26 11:57:54 CEST)" executed successfully
2026-09-26 11:57:54,977 [apscheduler.executors.default] INFO: Running job "NVD Delta Collector (trigger: interval[0:30:00], next run at: 2026-09-26 12:27:54 CEST)" (scheduled at 2026-09-26 11:57:54.974422+02:00)
2026-09-26 11:57:54,977 [vuln-engine.scheduler] INFO: ⏰ Running NVD delta collector...
2026-09-26 11:57:54,993 [apscheduler.executors.default] INFO: Running job "CISA KEV Collector (trigger: interval[1:00:00], next run at: 2026-09-26 12:57:54 CEST)" (scheduled at 2026-09-26 11:57:54.974597+02:00)
2026-09-26 11:57:54,993 [vuln-engine.scheduler] INFO: ⏰ Running CISA KEV collector...
2026-09-26 11:57:55,007 [apscheduler.executors.default] INFO: Running job "InterSystems Collector (trigger: interval[1:00:00], next run at: 2026-09-26 12:57:54 CEST)" (scheduled at 2026-09-26 11:57:54.974735+02:00)
2026-09-26 11:57:55,007 [vuln-engine.scheduler] INFO: ⏰ Running InterSystems collector...
2026-09-26 11:57:55,019 [apscheduler.executors.default] INFO: Running job "Vendor RSS Collector (trigger: interval[1:00:00], next run at: 2026-09-26 12:57:54 CEST)" (scheduled at 2026-09-26 11:57:54.974861+02:00)
2026-09-26 11:57:55,019 [vuln-engine.scheduler] INFO: ⏰ Running Vendor RSS collector...
2026-09-26 11:57:55,031 [apscheduler.executors.default] INFO: Running job "OCS Cache Refresh (trigger: interval[2:00:00], next run at: 2026-09-26 13:57:54 CEST)" (scheduled at 2026-09-26 11:57:54.974982+02:00)
2026-09-26 11:57:55,031 [vuln-engine.ocs_cache] INFO: Refreshing OCS inventory cache...
2026-09-26 11:57:55,058 [httpx] INFO: HTTP Request: GET https://localhost/ocsapi/v1/computers/listID "HTTP/1.1 200 OK"
2026-09-26 11:57:55,110 [httpx] INFO: HTTP Request: GET https://localhost/ocsapi/v1/computer/21/software "HTTP/1.1 200 OK"
2026-09-26 11:57:55,140 [httpx] INFO: HTTP Request: GET https://www.cisa.gov/sites/default/files/feeds/known_exploited_vulnerabilities.json "HTTP/1.1 200 OK"
2026-09-26 11:57:55,176 [apscheduler.executors.default] INFO: Job "CISA KEV Collector (trigger: interval[1:00:00], next run at: 2026-09-26 12:57:54 CEST)" executed successfully
2026-09-26 11:57:55,185 [httpx] INFO: HTTP Request: GET https://localhost/ocsapi/v1/computer/32/software "HTTP/1.1 200 OK"
2026-09-26 11:57:55,221 [httpx] INFO: HTTP Request: GET https://localhost/ocsapi/v1/computer/33/software "HTTP/1.1 200 OK"
2026-09-26 11:57:55,241 [httpx] INFO: HTTP Request: GET https://localhost/ocsapi/v1/computer/14/software "HTTP/1.1 200 OK"
2026-09-26 11:57:55,259 [httpx] INFO: HTTP Request: GET https://localhost/ocsapi/v1/computer/15/software "HTTP/1.1 200 OK"
2026-09-26 11:57:55,313 [httpx] INFO: HTTP Request: GET https://localhost/ocsapi/v1/computer/4/software "HTTP/1.1 200 OK"
2026-09-26 11:57:55,359 [httpx] INFO: HTTP Request: GET https://localhost/ocsapi/v1/computer/16/software "HTTP/1.1 200 OK"
2026-09-26 11:57:55,400 [httpx] INFO: HTTP Request: GET https://localhost/ocsapi/v1/computer/26/software "HTTP/1.1 200 OK"
2026-09-26 11:57:55,419 [httpx] INFO: HTTP Request: GET https://localhost/ocsapi/v1/computer/10/software "HTTP/1.1 200 OK"
2026-09-26 11:57:55,471 [httpx] INFO: HTTP Request: GET https://localhost/ocsapi/v1/computer/11/software "HTTP/1.1 200 OK"
2026-09-26 11:57:55,494 [httpx] INFO: HTTP Request: GET https://localhost/ocsapi/v1/computer/12/software "HTTP/1.1 200 OK"
2026-09-26 11:57:55,506 [httpx] INFO: HTTP Request: GET https://localhost/ocsapi/v1/computer/13/software "HTTP/1.1 200 OK"
2026-09-26 11:57:55,510 [vuln-engine.ocs_cache] INFO: OCS cache refreshed: 12 machines, 3812 unique packages
2026-09-26 11:57:55,511 [apscheduler.executors.default] INFO: Job "OCS Cache Refresh (trigger: interval[2:00:00], next run at: 2026-09-26 13:57:54 CEST)" executed successfully
2026-09-26 11:57:55,648 [httpx] INFO: HTTP Request: GET https://api.msrc.microsoft.com/update-guide/rss "HTTP/1.1 200 OK"
2026-09-26 11:57:56,179 [httpx] INFO: HTTP Request: GET https://services.nvd.nist.gov/rest/json/cves/2.0?lastModStartDate=2026-09-26T09%3A27%3A54.000&lastModEndDate=2026-09-26T09%3A57%3A54.000&cvssV3Severity=CRITICAL "HTTP/1.1 200 OK"
2026-09-26 11:57:56,180 [vuln-engine.nvd_delta] INFO: NVD delta: 0 critical CVE(s) since 2026-09-26T09:27:54.977652+00:00
2026-09-26 11:57:56,180 [apscheduler.executors.default] INFO: Job "NVD Delta Collector (trigger: interval[0:30:00], next run at: 2026-09-26 12:27:54 CEST)" executed successfully
2026-09-26 11:57:59,227 [vuln-engine.vendor_rss] INFO: Vendor RSS [microsoft_msrc]: parsed 5228 entries
2026-09-26 11:57:59,242 [httpx] INFO: HTTP Request: GET https://www.intersystems.com/support/product-alerts-advisories/ "HTTP/1.1 200 OK"
2026-09-26 11:57:59,253 [vuln-engine.intersystems] INFO: InterSystems: found 10 advisories on page
2026-09-26 11:57:59,253 [apscheduler.executors.default] INFO: Job "InterSystems Collector (trigger: interval[1:00:00], next run at: 2026-09-26 12:57:54 CEST)" executed successfully
2026-09-26 11:57:59,353 [httpx] INFO: HTTP Request: GET https://www.debian.org/security/dsa "HTTP/1.1 200 OK"
2026-09-26 11:57:59,379 [vuln-engine.vendor_rss] INFO: Vendor RSS [debian_dsa]: parsed 30 entries
2026-09-26 11:58:00,552 [httpx] INFO: HTTP Request: GET https://sec.cloudapps.cisco.com/security/center/psirtrss20/CiscoSecurityAdvisory.xml "HTTP/1.1 200 OK"
2026-09-26 11:58:00,851 [vuln-engine.vendor_rss] INFO: Vendor RSS [cisco]: parsed 50 entries
2026-09-26 11:58:00,883 [httpx] INFO: HTTP Request: GET https://www.cert.ssi.gouv.fr/avis/feed/ "HTTP/1.1 200 OK"
2026-09-26 11:58:00,901 [vuln-engine.vendor_rss] INFO: Vendor RSS [certfr_avis]: parsed 40 entries
2026-09-26 11:58:00,932 [httpx] INFO: HTTP Request: GET https://www.cert.ssi.gouv.fr/alerte/feed/ "HTTP/1.1 200 OK"
2026-09-26 11:58:00,950 [vuln-engine.vendor_rss] INFO: Vendor RSS [certfr_alertes]: parsed 40 entries
2026-09-26 11:58:01,157 [httpx] INFO: HTTP Request: GET https://cert.europa.eu/publications/security-advisories-rss "HTTP/1.1 200 OK"
2026-09-26 11:58:01,166 [vuln-engine.vendor_rss] INFO: Vendor RSS [cert_eu]: parsed 10 entries
2026-09-26 11:58:01,226 [httpx] INFO: HTTP Request: GET https://ubuntu.com/security/notices/rss.xml "HTTP/1.1 200 OK"
2026-09-26 11:58:01,233 [vuln-engine.vendor_rss] INFO: Vendor RSS [ubuntu]: parsed 10 entries
2026-09-26 11:58:01,523 [httpx] INFO: HTTP Request: GET https://access.redhat.com/errata-search/feed/?q=*&advisory_type=Security+Advisory&severity=Critical "HTTP/1.1 200 OK"
2026-09-26 11:58:01,571 [vuln-engine.vendor_rss] INFO: Vendor RSS [redhat]: parsed 0 entries
2026-09-26 11:58:01,571 [apscheduler.executors.default] INFO: Job "Vendor RSS Collector (trigger: interval[1:00:00], next run at: 2026-09-26 12:57:54 CEST)" executed successfully
2026-09-26 12:27:54,985 [apscheduler.executors.default] INFO: Running job "NVD Delta Collector (trigger: interval[0:30:00], next run at: 2026-09-26 12:57:54 CEST)" (scheduled at 2026-09-26 12:27:54.974422+02:00)
2026-09-26 12:27:54,994 [vuln-engine.scheduler] INFO: ⏰ Running NVD delta collector...
2026-09-26 12:27:56,223 [httpx] INFO: HTTP Request: GET https://services.nvd.nist.gov/rest/json/cves/2.0?lastModStartDate=2026-09-26T09%3A57%3A54.000&lastModEndDate=2026-09-26T10%3A27%3A54.000&cvssV3Severity=CRITICAL "HTTP/1.1 200 OK"
2026-09-26 12:27:56,230 [vuln-engine.nvd_delta] INFO: NVD delta: 0 critical CVE(s) since 2026-09-26T09:57:54.977915+00:00
2026-09-26 12:27:56,230 [apscheduler.executors.default] INFO: Job "NVD Delta Collector (trigger: interval[0:30:00], next run at: 2026-09-26 12:57:54 CEST)" executed successfully
2026-09-26 12:57:54,983 [apscheduler.executors.default] INFO: Running job "NVD Delta Collector (trigger: interval[0:30:00], next run at: 2026-09-26 13:27:54 CEST)" (scheduled at 2026-09-26 12:57:54.974422+02:00)
2026-09-26 12:57:54,985 [vuln-engine.scheduler] INFO: ⏰ Running NVD delta collector...
2026-09-26 12:57:55,043 [apscheduler.executors.default] INFO: Running job "CISA KEV Collector (trigger: interval[1:00:00], next run at: 2026-09-26 13:57:54 CEST)" (scheduled at 2026-09-26 12:57:54.974597+02:00)
2026-09-26 12:57:55,044 [vuln-engine.scheduler] INFO: ⏰ Running CISA KEV collector...
2026-09-26 12:57:55,094 [apscheduler.executors.default] INFO: Running job "InterSystems Collector (trigger: interval[1:00:00], next run at: 2026-09-26 13:57:54 CEST)" (scheduled at 2026-09-26 12:57:54.974735+02:00)
2026-09-26 12:57:55,095 [vuln-engine.scheduler] INFO: ⏰ Running InterSystems collector...
2026-09-26 12:57:55,141 [apscheduler.executors.default] INFO: Running job "Vendor RSS Collector (trigger: interval[1:00:00], next run at: 2026-09-26 13:57:54 CEST)" (scheduled at 2026-09-26 12:57:54.974861+02:00)
2026-09-26 12:57:55,142 [vuln-engine.scheduler] INFO: ⏰ Running Vendor RSS collector...
2026-09-26 12:57:55,303 [httpx] INFO: HTTP Request: GET https://www.cisa.gov/sites/default/files/feeds/known_exploited_vulnerabilities.json "HTTP/1.1 200 OK"
2026-09-26 12:57:55,939 [apscheduler.executors.default] INFO: Job "CISA KEV Collector (trigger: interval[1:00:00], next run at: 2026-09-26 13:57:54 CEST)" executed successfully
2026-09-26 12:57:55,953 [httpx] INFO: HTTP Request: GET https://api.msrc.microsoft.com/update-guide/rss "HTTP/1.1 200 OK"
2026-09-26 12:57:56,764 [httpx] INFO: HTTP Request: GET https://services.nvd.nist.gov/rest/json/cves/2.0?lastModStartDate=2026-09-26T10%3A27%3A54.000&lastModEndDate=2026-09-26T10%3A57%3A54.000&cvssV3Severity=CRITICAL "HTTP/1.1 200 OK"
2026-09-26 12:57:56,770 [vuln-engine.nvd_delta] INFO: NVD delta: 0 critical CVE(s) since 2026-09-26T10:27:54.995718+00:00
2026-09-26 12:57:56,773 [apscheduler.executors.default] INFO: Job "NVD Delta Collector (trigger: interval[0:30:00], next run at: 2026-09-26 13:27:54 CEST)" executed successfully
2026-09-26 12:58:00,777 [vuln-engine.vendor_rss] INFO: Vendor RSS [microsoft_msrc]: parsed 5228 entries
2026-09-26 12:58:00,794 [httpx] INFO: HTTP Request: GET https://www.intersystems.com/support/product-alerts-advisories/ "HTTP/1.1 200 OK"
2026-09-26 12:58:00,892 [vuln-engine.intersystems] INFO: InterSystems: found 10 advisories on page
2026-09-26 12:58:00,893 [apscheduler.executors.default] INFO: Job "InterSystems Collector (trigger: interval[1:00:00], next run at: 2026-09-26 13:57:54 CEST)" executed successfully
2026-09-26 12:58:01,067 [httpx] INFO: HTTP Request: GET https://www.debian.org/security/dsa "HTTP/1.1 200 OK"
2026-09-26 12:58:01,111 [vuln-engine.vendor_rss] INFO: Vendor RSS [debian_dsa]: parsed 30 entries
2026-09-26 12:58:02,378 [httpx] INFO: HTTP Request: GET https://sec.cloudapps.cisco.com/security/center/psirtrss20/CiscoSecurityAdvisory.xml "HTTP/1.1 200 OK"
2026-09-26 12:58:02,782 [vuln-engine.vendor_rss] INFO: Vendor RSS [cisco]: parsed 50 entries
2026-09-26 12:58:02,830 [httpx] INFO: HTTP Request: GET https://www.cert.ssi.gouv.fr/avis/feed/ "HTTP/1.1 200 OK"
2026-09-26 12:58:02,852 [vuln-engine.vendor_rss] INFO: Vendor RSS [certfr_avis]: parsed 40 entries
2026-09-26 12:58:02,890 [httpx] INFO: HTTP Request: GET https://www.cert.ssi.gouv.fr/alerte/feed/ "HTTP/1.1 200 OK"
2026-09-26 12:58:02,913 [vuln-engine.vendor_rss] INFO: Vendor RSS [certfr_alertes]: parsed 40 entries
2026-09-26 12:58:03,116 [httpx] INFO: HTTP Request: GET https://cert.europa.eu/publications/security-advisories-rss "HTTP/1.1 200 OK"
2026-09-26 12:58:03,128 [vuln-engine.vendor_rss] INFO: Vendor RSS [cert_eu]: parsed 10 entries
2026-09-26 12:58:03,181 [httpx] INFO: HTTP Request: GET https://ubuntu.com/security/notices/rss.xml "HTTP/1.1 200 OK"
2026-09-26 12:58:03,188 [vuln-engine.vendor_rss] INFO: Vendor RSS [ubuntu]: parsed 10 entries
2026-09-26 12:58:03,457 [httpx] INFO: HTTP Request: GET https://access.redhat.com/errata-search/feed/?q=*&advisory_type=Security+Advisory&severity=Critical "HTTP/1.1 200 OK"
2026-09-26 12:58:03,535 [vuln-engine.vendor_rss] INFO: Vendor RSS [redhat]: parsed 0 entries
2026-09-26 12:58:03,536 [apscheduler.executors.default] INFO: Job "Vendor RSS Collector (trigger: interval[1:00:00], next run at: 2026-09-26 13:57:54 CEST)" executed successfully
2026-09-26 13:27:54,976 [apscheduler.executors.default] INFO: Running job "NVD Delta Collector (trigger: interval[0:30:00], next run at: 2026-09-26 13:57:54 CEST)" (scheduled at 2026-09-26 13:27:54.974422+02:00)
2026-09-26 13:27:54,978 [vuln-engine.scheduler] INFO: ⏰ Running NVD delta collector...
2026-09-26 13:27:56,062 [httpx] INFO: HTTP Request: GET https://services.nvd.nist.gov/rest/json/cves/2.0?lastModStartDate=2026-09-26T10%3A57%3A54.000&lastModEndDate=2026-09-26T11%3A27%3A54.000&cvssV3Severity=CRITICAL "HTTP/1.1 200 OK"
2026-09-26 13:27:56,064 [vuln-engine.nvd_delta] INFO: NVD delta: 0 critical CVE(s) since 2026-09-26T10:57:54.985843+00:00
2026-09-26 13:27:56,064 [apscheduler.executors.default] INFO: Job "NVD Delta Collector (trigger: interval[0:30:00], next run at: 2026-09-26 13:57:54 CEST)" executed successfully
2026-09-26 13:57:54,978 [apscheduler.executors.default] INFO: Running job "NVD Delta Collector (trigger: interval[0:30:00], next run at: 2026-09-26 14:27:54 CEST)" (scheduled at 2026-09-26 13:57:54.974422+02:00)
2026-09-26 13:57:54,981 [vuln-engine.scheduler] INFO: ⏰ Running NVD delta collector...
2026-09-26 13:57:55,015 [apscheduler.executors.default] INFO: Running job "CISA KEV Collector (trigger: interval[1:00:00], next run at: 2026-09-26 14:57:54 CEST)" (scheduled at 2026-09-26 13:57:54.974597+02:00)
2026-09-26 13:57:55,015 [vuln-engine.scheduler] INFO: ⏰ Running CISA KEV collector...
2026-09-26 13:57:55,046 [apscheduler.executors.default] INFO: Running job "InterSystems Collector (trigger: interval[1:00:00], next run at: 2026-09-26 14:57:54 CEST)" (scheduled at 2026-09-26 13:57:54.974735+02:00)
2026-09-26 13:57:55,046 [vuln-engine.scheduler] INFO: ⏰ Running InterSystems collector...
2026-09-26 13:57:55,069 [apscheduler.executors.default] INFO: Running job "Vendor RSS Collector (trigger: interval[1:00:00], next run at: 2026-09-26 14:57:54 CEST)" (scheduled at 2026-09-26 13:57:54.974861+02:00)
2026-09-26 13:57:55,070 [vuln-engine.scheduler] INFO: ⏰ Running Vendor RSS collector...
2026-09-26 13:57:55,088 [apscheduler.executors.default] INFO: Running job "OCS Cache Refresh (trigger: interval[2:00:00], next run at: 2026-09-26 15:57:54 CEST)" (scheduled at 2026-09-26 13:57:54.974982+02:00)
2026-09-26 13:57:55,088 [vuln-engine.ocs_cache] INFO: Refreshing OCS inventory cache...
2026-09-26 13:57:55,189 [httpx] INFO: HTTP Request: GET https://www.cisa.gov/sites/default/files/feeds/known_exploited_vulnerabilities.json "HTTP/1.1 200 OK"
2026-09-26 13:57:55,319 [apscheduler.executors.default] INFO: Job "CISA KEV Collector (trigger: interval[1:00:00], next run at: 2026-09-26 14:57:54 CEST)" executed successfully
2026-09-26 13:57:55,691 [httpx] INFO: HTTP Request: GET https://api.msrc.microsoft.com/update-guide/rss "HTTP/1.1 200 OK"
2026-09-26 13:57:55,894 [httpx] INFO: HTTP Request: GET https://localhost/ocsapi/v1/computers/listID "HTTP/1.1 200 OK"
2026-09-26 13:57:56,159 [httpx] INFO: HTTP Request: GET https://services.nvd.nist.gov/rest/json/cves/2.0?lastModStartDate=2026-09-26T11%3A27%3A54.000&lastModEndDate=2026-09-26T11%3A57%3A54.000&cvssV3Severity=CRITICAL "HTTP/1.1 200 OK"
2026-09-26 13:57:56,160 [vuln-engine.nvd_delta] INFO: NVD delta: 0 critical CVE(s) since 2026-09-26T11:27:54.978205+00:00
2026-09-26 13:57:56,160 [apscheduler.executors.default] INFO: Job "NVD Delta Collector (trigger: interval[0:30:00], next run at: 2026-09-26 14:27:54 CEST)" executed successfully
2026-09-26 13:57:59,578 [vuln-engine.vendor_rss] INFO: Vendor RSS [microsoft_msrc]: parsed 5228 entries
2026-09-26 13:57:59,592 [httpx] INFO: HTTP Request: GET https://localhost/ocsapi/v1/computer/21/software "HTTP/1.1 200 OK"
2026-09-26 13:57:59,594 [httpx] INFO: HTTP Request: GET https://www.intersystems.com/support/product-alerts-advisories/ "HTTP/1.1 200 OK"
2026-09-26 13:57:59,659 [vuln-engine.intersystems] INFO: InterSystems: found 10 advisories on page
2026-09-26 13:57:59,659 [apscheduler.executors.default] INFO: Job "InterSystems Collector (trigger: interval[1:00:00], next run at: 2026-09-26 14:57:54 CEST)" executed successfully
2026-09-26 13:57:59,700 [httpx] INFO: HTTP Request: GET https://www.debian.org/security/dsa "HTTP/1.1 200 OK"
2026-09-26 13:57:59,741 [vuln-engine.vendor_rss] INFO: Vendor RSS [debian_dsa]: parsed 30 entries
2026-09-26 13:58:00,452 [httpx] INFO: HTTP Request: GET https://localhost/ocsapi/v1/computer/32/software "HTTP/1.1 200 OK"
2026-09-26 13:58:01,201 [httpx] INFO: HTTP Request: GET https://sec.cloudapps.cisco.com/security/center/psirtrss20/CiscoSecurityAdvisory.xml "HTTP/1.1 200 OK"
2026-09-26 13:58:01,360 [httpx] INFO: HTTP Request: GET https://localhost/ocsapi/v1/computer/33/software "HTTP/1.1 200 OK"
2026-09-26 13:58:01,525 [vuln-engine.vendor_rss] INFO: Vendor RSS [cisco]: parsed 50 entries
2026-09-26 13:58:01,561 [httpx] INFO: HTTP Request: GET https://www.cert.ssi.gouv.fr/avis/feed/ "HTTP/1.1 200 OK"
2026-09-26 13:58:01,585 [vuln-engine.vendor_rss] INFO: Vendor RSS [certfr_avis]: parsed 40 entries
2026-09-26 13:58:01,615 [httpx] INFO: HTTP Request: GET https://www.cert.ssi.gouv.fr/alerte/feed/ "HTTP/1.1 200 OK"
2026-09-26 13:58:01,638 [vuln-engine.vendor_rss] INFO: Vendor RSS [certfr_alertes]: parsed 40 entries
2026-09-26 13:58:01,849 [httpx] INFO: HTTP Request: GET https://cert.europa.eu/publications/security-advisories-rss "HTTP/1.1 200 OK"
2026-09-26 13:58:01,855 [vuln-engine.vendor_rss] INFO: Vendor RSS [cert_eu]: parsed 10 entries
2026-09-26 13:58:01,915 [httpx] INFO: HTTP Request: GET https://ubuntu.com/security/notices/rss.xml "HTTP/1.1 200 OK"
2026-09-26 13:58:01,925 [vuln-engine.vendor_rss] INFO: Vendor RSS [ubuntu]: parsed 10 entries
2026-09-26 13:58:02,144 [httpx] INFO: HTTP Request: GET https://localhost/ocsapi/v1/computer/14/software "HTTP/1.1 200 OK"
2026-09-26 13:58:02,300 [httpx] INFO: HTTP Request: GET https://access.redhat.com/errata-search/feed/?q=*&advisory_type=Security+Advisory&severity=Critical "HTTP/1.1 200 OK"
2026-09-26 13:58:02,390 [vuln-engine.vendor_rss] INFO: Vendor RSS [redhat]: parsed 0 entries
2026-09-26 13:58:02,391 [apscheduler.executors.default] INFO: Job "Vendor RSS Collector (trigger: interval[1:00:00], next run at: 2026-09-26 14:57:54 CEST)" executed successfully
2026-09-26 13:58:02,806 [httpx] INFO: HTTP Request: GET https://localhost/ocsapi/v1/computer/15/software "HTTP/1.1 200 OK"
2026-09-26 13:58:03,755 [httpx] INFO: HTTP Request: GET https://localhost/ocsapi/v1/computer/4/software "HTTP/1.1 200 OK"
2026-09-26 13:58:04,287 [httpx] INFO: HTTP Request: GET https://localhost/ocsapi/v1/computer/16/software "HTTP/1.1 200 OK"
2026-09-26 13:58:04,373 [httpx] INFO: HTTP Request: GET https://localhost/ocsapi/v1/computer/26/software "HTTP/1.1 200 OK"
2026-09-26 13:58:04,409 [httpx] INFO: HTTP Request: GET https://localhost/ocsapi/v1/computer/10/software "HTTP/1.1 200 OK"
2026-09-26 13:58:04,736 [httpx] INFO: HTTP Request: GET https://localhost/ocsapi/v1/computer/11/software "HTTP/1.1 200 OK"
2026-09-26 13:58:04,812 [httpx] INFO: HTTP Request: GET https://localhost/ocsapi/v1/computer/12/software "HTTP/1.1 200 OK"
2026-09-26 13:58:04,864 [httpx] INFO: HTTP Request: GET https://localhost/ocsapi/v1/computer/13/software "HTTP/1.1 200 OK"
2026-09-26 13:58:04,879 [vuln-engine.ocs_cache] INFO: OCS cache refreshed: 12 machines, 3812 unique packages
2026-09-26 13:58:04,880 [apscheduler.executors.default] INFO: Job "OCS Cache Refresh (trigger: interval[2:00:00], next run at: 2026-09-26 15:57:54 CEST)" executed successfully
2026-09-26 14:27:54,997 [apscheduler.executors.default] INFO: Running job "NVD Delta Collector (trigger: interval[0:30:00], next run at: 2026-09-26 14:57:54 CEST)" (scheduled at 2026-09-26 14:27:54.974422+02:00)
2026-09-26 14:27:55,009 [vuln-engine.scheduler] INFO: ⏰ Running NVD delta collector...
2026-09-26 14:27:56,269 [httpx] INFO: HTTP Request: GET https://services.nvd.nist.gov/rest/json/cves/2.0?lastModStartDate=2026-09-26T11%3A57%3A54.000&lastModEndDate=2026-09-26T12%3A27%3A55.000&cvssV3Severity=CRITICAL "HTTP/1.1 200 OK"
2026-09-26 14:27:56,275 [vuln-engine.nvd_delta] INFO: NVD delta: 0 critical CVE(s) since 2026-09-26T11:57:54.981533+00:00
2026-09-26 14:27:56,276 [apscheduler.executors.default] INFO: Job "NVD Delta Collector (trigger: interval[0:30:00], next run at: 2026-09-26 14:57:54 CEST)" executed successfully
2026-09-26 14:57:54,980 [apscheduler.executors.default] INFO: Running job "NVD Delta Collector (trigger: interval[0:30:00], next run at: 2026-09-26 15:27:54 CEST)" (scheduled at 2026-09-26 14:57:54.974422+02:00)
2026-09-26 14:57:54,982 [vuln-engine.scheduler] INFO: ⏰ Running NVD delta collector...
2026-09-26 14:57:55,030 [apscheduler.executors.default] INFO: Running job "CISA KEV Collector (trigger: interval[1:00:00], next run at: 2026-09-26 15:57:54 CEST)" (scheduled at 2026-09-26 14:57:54.974597+02:00)
2026-09-26 14:57:55,031 [vuln-engine.scheduler] INFO: ⏰ Running CISA KEV collector...
2026-09-26 14:57:55,072 [apscheduler.executors.default] INFO: Running job "InterSystems Collector (trigger: interval[1:00:00], next run at: 2026-09-26 15:57:54 CEST)" (scheduled at 2026-09-26 14:57:54.974735+02:00)
2026-09-26 14:57:55,072 [vuln-engine.scheduler] INFO: ⏰ Running InterSystems collector...
2026-09-26 14:57:55,108 [apscheduler.executors.default] INFO: Running job "Vendor RSS Collector (trigger: interval[1:00:00], next run at: 2026-09-26 15:57:54 CEST)" (scheduled at 2026-09-26 14:57:54.974861+02:00)
2026-09-26 14:57:55,109 [vuln-engine.scheduler] INFO: ⏰ Running Vendor RSS collector...
2026-09-26 14:57:55,266 [httpx] INFO: HTTP Request: GET https://www.cisa.gov/sites/default/files/feeds/known_exploited_vulnerabilities.json "HTTP/1.1 200 OK"
2026-09-26 14:57:55,561 [apscheduler.executors.default] INFO: Job "CISA KEV Collector (trigger: interval[1:00:00], next run at: 2026-09-26 15:57:54 CEST)" executed successfully
2026-09-26 14:57:55,791 [httpx] INFO: HTTP Request: GET https://api.msrc.microsoft.com/update-guide/rss "HTTP/1.1 200 OK"
2026-09-26 14:57:56,397 [httpx] INFO: HTTP Request: GET https://services.nvd.nist.gov/rest/json/cves/2.0?lastModStartDate=2026-09-26T12%3A27%3A55.000&lastModEndDate=2026-09-26T12%3A57%3A54.000&cvssV3Severity=CRITICAL "HTTP/1.1 200 OK"
2026-09-26 14:57:56,400 [vuln-engine.nvd_delta] INFO: NVD delta: 0 critical CVE(s) since 2026-09-26T12:27:55.010139+00:00
2026-09-26 14:57:56,400 [apscheduler.executors.default] INFO: Job "NVD Delta Collector (trigger: interval[0:30:00], next run at: 2026-09-26 15:27:54 CEST)" executed successfully
2026-09-26 14:58:00,867 [vuln-engine.vendor_rss] INFO: Vendor RSS [microsoft_msrc]: parsed 5228 entries
2026-09-26 14:58:00,882 [httpx] INFO: HTTP Request: GET https://www.intersystems.com/support/product-alerts-advisories/ "HTTP/1.1 200 OK"
2026-09-26 14:58:00,945 [vuln-engine.intersystems] INFO: InterSystems: found 10 advisories on page
2026-09-26 14:58:00,946 [apscheduler.executors.default] INFO: Job "InterSystems Collector (trigger: interval[1:00:00], next run at: 2026-09-26 15:57:54 CEST)" executed successfully
2026-09-26 14:58:01,000 [httpx] INFO: HTTP Request: GET https://www.debian.org/security/dsa "HTTP/1.1 200 OK"
2026-09-26 14:58:01,047 [vuln-engine.vendor_rss] INFO: Vendor RSS [debian_dsa]: parsed 30 entries
2026-09-26 14:58:02,560 [httpx] INFO: HTTP Request: GET https://sec.cloudapps.cisco.com/security/center/psirtrss20/CiscoSecurityAdvisory.xml "HTTP/1.1 200 OK"
2026-09-26 14:58:02,895 [vuln-engine.vendor_rss] INFO: Vendor RSS [cisco]: parsed 50 entries
2026-09-26 14:58:02,944 [httpx] INFO: HTTP Request: GET https://www.cert.ssi.gouv.fr/avis/feed/ "HTTP/1.1 200 OK"
2026-09-26 14:58:02,967 [vuln-engine.vendor_rss] INFO: Vendor RSS [certfr_avis]: parsed 40 entries
2026-09-26 14:58:03,005 [httpx] INFO: HTTP Request: GET https://www.cert.ssi.gouv.fr/alerte/feed/ "HTTP/1.1 200 OK"
2026-09-26 14:58:03,042 [vuln-engine.vendor_rss] INFO: Vendor RSS [certfr_alertes]: parsed 40 entries
2026-09-26 14:58:03,234 [httpx] INFO: HTTP Request: GET https://cert.europa.eu/publications/security-advisories-rss "HTTP/1.1 200 OK"
2026-09-26 14:58:03,244 [vuln-engine.vendor_rss] INFO: Vendor RSS [cert_eu]: parsed 10 entries
2026-09-26 14:58:03,298 [httpx] INFO: HTTP Request: GET https://ubuntu.com/security/notices/rss.xml "HTTP/1.1 200 OK"
2026-09-26 14:58:03,304 [vuln-engine.vendor_rss] INFO: Vendor RSS [ubuntu]: parsed 10 entries
2026-09-26 14:58:03,680 [httpx] INFO: HTTP Request: GET https://access.redhat.com/errata-search/feed/?q=*&advisory_type=Security+Advisory&severity=Critical "HTTP/1.1 200 OK"
2026-09-26 14:58:03,762 [vuln-engine.vendor_rss] INFO: Vendor RSS [redhat]: parsed 0 entries
2026-09-26 14:58:03,762 [apscheduler.executors.default] INFO: Job "Vendor RSS Collector (trigger: interval[1:00:00], next run at: 2026-09-26 15:57:54 CEST)" executed successfully
2026-09-26 15:27:54,976 [apscheduler.executors.default] INFO: Running job "NVD Delta Collector (trigger: interval[0:30:00], next run at: 2026-09-26 15:57:54 CEST)" (scheduled at 2026-09-26 15:27:54.974422+02:00)
2026-09-26 15:27:54,978 [vuln-engine.scheduler] INFO: ⏰ Running NVD delta collector...
2026-09-26 15:27:56,081 [httpx] INFO: HTTP Request: GET https://services.nvd.nist.gov/rest/json/cves/2.0?lastModStartDate=2026-09-26T12%3A57%3A54.000&lastModEndDate=2026-09-26T13%3A27%3A54.000&cvssV3Severity=CRITICAL "HTTP/1.1 200 OK"
2026-09-26 15:27:56,086 [vuln-engine.nvd_delta] INFO: NVD delta: 0 critical CVE(s) since 2026-09-26T12:57:54.982604+00:00
2026-09-26 15:27:56,086 [apscheduler.executors.default] INFO: Job "NVD Delta Collector (trigger: interval[0:30:00], next run at: 2026-09-26 15:57:54 CEST)" executed successfully
2026-09-26 15:57:54,978 [apscheduler.executors.default] INFO: Running job "NVD Delta Collector (trigger: interval[0:30:00], next run at: 2026-09-26 16:27:54 CEST)" (scheduled at 2026-09-26 15:57:54.974422+02:00)
2026-09-26 15:57:54,981 [vuln-engine.scheduler] INFO: ⏰ Running NVD delta collector...
2026-09-26 15:57:55,018 [apscheduler.executors.default] INFO: Running job "CISA KEV Collector (trigger: interval[1:00:00], next run at: 2026-09-26 16:57:54 CEST)" (scheduled at 2026-09-26 15:57:54.974597+02:00)
2026-09-26 15:57:55,018 [vuln-engine.scheduler] INFO: ⏰ Running CISA KEV collector...
2026-09-26 15:57:55,053 [apscheduler.executors.default] INFO: Running job "InterSystems Collector (trigger: interval[1:00:00], next run at: 2026-09-26 16:57:54 CEST)" (scheduled at 2026-09-26 15:57:54.974735+02:00)
2026-09-26 15:57:55,053 [vuln-engine.scheduler] INFO: ⏰ Running InterSystems collector...
2026-09-26 15:57:55,105 [apscheduler.executors.default] INFO: Running job "Vendor RSS Collector (trigger: interval[1:00:00], next run at: 2026-09-26 16:57:54 CEST)" (scheduled at 2026-09-26 15:57:54.974861+02:00)
2026-09-26 15:57:55,106 [vuln-engine.scheduler] INFO: ⏰ Running Vendor RSS collector...
2026-09-26 15:57:55,161 [apscheduler.executors.default] INFO: Running job "OCS Cache Refresh (trigger: interval[2:00:00], next run at: 2026-09-26 17:57:54 CEST)" (scheduled at 2026-09-26 15:57:54.974982+02:00)
2026-09-26 15:57:55,165 [vuln-engine.ocs_cache] INFO: Refreshing OCS inventory cache...
2026-09-26 15:57:55,286 [httpx] INFO: HTTP Request: GET https://www.cisa.gov/sites/default/files/feeds/known_exploited_vulnerabilities.json "HTTP/1.1 200 OK"
2026-09-26 15:57:55,533 [apscheduler.executors.default] INFO: Job "CISA KEV Collector (trigger: interval[1:00:00], next run at: 2026-09-26 16:57:54 CEST)" executed successfully
2026-09-26 15:57:55,780 [httpx] INFO: HTTP Request: GET https://api.msrc.microsoft.com/update-guide/rss "HTTP/1.1 200 OK"
2026-09-26 15:57:55,979 [httpx] INFO: HTTP Request: GET https://localhost/ocsapi/v1/computers/listID "HTTP/1.1 200 OK"
2026-09-26 15:57:56,372 [httpx] INFO: HTTP Request: GET https://services.nvd.nist.gov/rest/json/cves/2.0?lastModStartDate=2026-09-26T13%3A27%3A54.000&lastModEndDate=2026-09-26T13%3A57%3A54.000&cvssV3Severity=CRITICAL "HTTP/1.1 200 OK"
2026-09-26 15:57:56,375 [vuln-engine.nvd_delta] INFO: NVD delta: 0 critical CVE(s) since 2026-09-26T13:27:54.978495+00:00
2026-09-26 15:57:56,375 [apscheduler.executors.default] INFO: Job "NVD Delta Collector (trigger: interval[0:30:00], next run at: 2026-09-26 16:27:54 CEST)" executed successfully
2026-09-26 15:57:59,410 [vuln-engine.vendor_rss] INFO: Vendor RSS [microsoft_msrc]: parsed 5228 entries
2026-09-26 15:57:59,424 [httpx] INFO: HTTP Request: GET https://localhost/ocsapi/v1/computer/21/software "HTTP/1.1 200 OK"
2026-09-26 15:57:59,427 [httpx] INFO: HTTP Request: GET https://www.intersystems.com/support/product-alerts-advisories/ "HTTP/1.1 200 OK"
2026-09-26 15:57:59,519 [vuln-engine.intersystems] INFO: InterSystems: found 10 advisories on page
2026-09-26 15:57:59,519 [apscheduler.executors.default] INFO: Job "InterSystems Collector (trigger: interval[1:00:00], next run at: 2026-09-26 16:57:54 CEST)" executed successfully
2026-09-26 15:57:59,627 [httpx] INFO: HTTP Request: GET https://www.debian.org/security/dsa "HTTP/1.1 200 OK"
2026-09-26 15:57:59,674 [vuln-engine.vendor_rss] INFO: Vendor RSS [debian_dsa]: parsed 30 entries
2026-09-26 15:58:00,547 [httpx] INFO: HTTP Request: GET https://localhost/ocsapi/v1/computer/32/software "HTTP/1.1 200 OK"
2026-09-26 15:58:01,174 [httpx] INFO: HTTP Request: GET https://sec.cloudapps.cisco.com/security/center/psirtrss20/CiscoSecurityAdvisory.xml "HTTP/1.1 200 OK"
2026-09-26 15:58:01,354 [httpx] INFO: HTTP Request: GET https://localhost/ocsapi/v1/computer/33/software "HTTP/1.1 200 OK"
2026-09-26 15:58:01,574 [vuln-engine.vendor_rss] INFO: Vendor RSS [cisco]: parsed 50 entries
2026-09-26 15:58:01,610 [httpx] INFO: HTTP Request: GET https://www.cert.ssi.gouv.fr/avis/feed/ "HTTP/1.1 200 OK"
2026-09-26 15:58:01,631 [vuln-engine.vendor_rss] INFO: Vendor RSS [certfr_avis]: parsed 40 entries
2026-09-26 15:58:01,674 [httpx] INFO: HTTP Request: GET https://www.cert.ssi.gouv.fr/alerte/feed/ "HTTP/1.1 200 OK"
2026-09-26 15:58:01,696 [vuln-engine.vendor_rss] INFO: Vendor RSS [certfr_alertes]: parsed 40 entries
2026-09-26 15:58:01,902 [httpx] INFO: HTTP Request: GET https://localhost/ocsapi/v1/computer/14/software "HTTP/1.1 200 OK"
2026-09-26 15:58:01,947 [httpx] INFO: HTTP Request: GET https://cert.europa.eu/publications/security-advisories-rss "HTTP/1.1 200 OK"
2026-09-26 15:58:01,956 [vuln-engine.vendor_rss] INFO: Vendor RSS [cert_eu]: parsed 10 entries
2026-09-26 15:58:02,019 [httpx] INFO: HTTP Request: GET https://ubuntu.com/security/notices/rss.xml "HTTP/1.1 200 OK"
2026-09-26 15:58:02,034 [vuln-engine.vendor_rss] INFO: Vendor RSS [ubuntu]: parsed 10 entries
2026-09-26 15:58:02,371 [httpx] INFO: HTTP Request: GET https://access.redhat.com/errata-search/feed/?q=*&advisory_type=Security+Advisory&severity=Critical "HTTP/1.1 200 OK"
2026-09-26 15:58:02,449 [vuln-engine.vendor_rss] INFO: Vendor RSS [redhat]: parsed 0 entries
2026-09-26 15:58:02,449 [apscheduler.executors.default] INFO: Job "Vendor RSS Collector (trigger: interval[1:00:00], next run at: 2026-09-26 16:57:54 CEST)" executed successfully
2026-09-26 15:58:02,663 [httpx] INFO: HTTP Request: GET https://localhost/ocsapi/v1/computer/15/software "HTTP/1.1 200 OK"
2026-09-26 15:58:03,519 [httpx] INFO: HTTP Request: GET https://localhost/ocsapi/v1/computer/4/software "HTTP/1.1 200 OK"
2026-09-26 15:58:03,924 [httpx] INFO: HTTP Request: GET https://localhost/ocsapi/v1/computer/16/software "HTTP/1.1 200 OK"
2026-09-26 15:58:04,011 [httpx] INFO: HTTP Request: GET https://localhost/ocsapi/v1/computer/26/software "HTTP/1.1 200 OK"
2026-09-26 15:58:04,047 [httpx] INFO: HTTP Request: GET https://localhost/ocsapi/v1/computer/10/software "HTTP/1.1 200 OK"
2026-09-26 15:58:04,329 [httpx] INFO: HTTP Request: GET https://localhost/ocsapi/v1/computer/11/software "HTTP/1.1 200 OK"
2026-09-26 15:58:04,431 [httpx] INFO: HTTP Request: GET https://localhost/ocsapi/v1/computer/12/software "HTTP/1.1 200 OK"
2026-09-26 15:58:04,487 [httpx] INFO: HTTP Request: GET https://localhost/ocsapi/v1/computer/13/software "HTTP/1.1 200 OK"
2026-09-26 15:58:04,511 [vuln-engine.ocs_cache] INFO: OCS cache refreshed: 12 machines, 3812 unique packages
2026-09-26 15:58:04,513 [apscheduler.executors.default] INFO: Job "OCS Cache Refresh (trigger: interval[2:00:00], next run at: 2026-09-26 17:57:54 CEST)" executed successfully
2026-09-26 16:27:54,989 [apscheduler.executors.default] INFO: Running job "NVD Delta Collector (trigger: interval[0:30:00], next run at: 2026-09-26 16:57:54 CEST)" (scheduled at 2026-09-26 16:27:54.974422+02:00)
2026-09-26 16:27:54,998 [vuln-engine.scheduler] INFO: ⏰ Running NVD delta collector...
2026-09-26 16:27:56,226 [httpx] INFO: HTTP Request: GET https://services.nvd.nist.gov/rest/json/cves/2.0?lastModStartDate=2026-09-26T13%3A57%3A54.000&lastModEndDate=2026-09-26T14%3A27%3A54.000&cvssV3Severity=CRITICAL "HTTP/1.1 200 OK"
2026-09-26 16:27:56,241 [vuln-engine.nvd_delta] INFO: NVD delta: 5 critical CVE(s) since 2026-09-26T13:57:54.982027+00:00
2026-09-26 16:27:56,247 [vuln-engine.matching] INFO: Matching: 0/5 alerts matched
2026-09-26 16:27:56,247 [apscheduler.executors.default] INFO: Job "NVD Delta Collector (trigger: interval[0:30:00], next run at: 2026-09-26 16:57:54 CEST)" executed successfully
2026-09-26 16:57:54,982 [apscheduler.executors.default] INFO: Running job "NVD Delta Collector (trigger: interval[0:30:00], next run at: 2026-09-26 17:27:54 CEST)" (scheduled at 2026-09-26 16:57:54.974422+02:00)
2026-09-26 16:57:54,985 [vuln-engine.scheduler] INFO: ⏰ Running NVD delta collector...
2026-09-26 16:57:55,031 [apscheduler.executors.default] INFO: Running job "CISA KEV Collector (trigger: interval[1:00:00], next run at: 2026-09-26 17:57:54 CEST)" (scheduled at 2026-09-26 16:57:54.974597+02:00)
2026-09-26 16:57:55,033 [vuln-engine.scheduler] INFO: ⏰ Running CISA KEV collector...
2026-09-26 16:57:55,072 [apscheduler.executors.default] INFO: Running job "InterSystems Collector (trigger: interval[1:00:00], next run at: 2026-09-26 17:57:54 CEST)" (scheduled at 2026-09-26 16:57:54.974735+02:00)
2026-09-26 16:57:55,074 [vuln-engine.scheduler] INFO: ⏰ Running InterSystems collector...
2026-09-26 16:57:55,101 [apscheduler.executors.default] INFO: Running job "Vendor RSS Collector (trigger: interval[1:00:00], next run at: 2026-09-26 17:57:54 CEST)" (scheduled at 2026-09-26 16:57:54.974861+02:00)
2026-09-26 16:57:55,105 [vuln-engine.scheduler] INFO: ⏰ Running Vendor RSS collector...
2026-09-26 16:57:55,259 [httpx] INFO: HTTP Request: GET https://www.cisa.gov/sites/default/files/feeds/known_exploited_vulnerabilities.json "HTTP/1.1 200 OK"
2026-09-26 16:57:56,242 [apscheduler.executors.default] INFO: Job "CISA KEV Collector (trigger: interval[1:00:00], next run at: 2026-09-26 17:57:54 CEST)" executed successfully
2026-09-26 16:57:56,245 [httpx] INFO: HTTP Request: GET https://api.msrc.microsoft.com/update-guide/rss "HTTP/1.1 200 OK"
2026-09-26 16:58:00,602 [vuln-engine.vendor_rss] INFO: Vendor RSS [microsoft_msrc]: parsed 5228 entries
2026-09-26 16:58:00,617 [httpx] INFO: HTTP Request: GET https://services.nvd.nist.gov/rest/json/cves/2.0?lastModStartDate=2026-09-26T14%3A27%3A54.000&lastModEndDate=2026-09-26T14%3A57%3A54.000&cvssV3Severity=CRITICAL "HTTP/1.1 200 OK"
2026-09-26 16:58:00,619 [httpx] INFO: HTTP Request: GET https://www.intersystems.com/support/product-alerts-advisories/ "HTTP/1.1 200 OK"
2026-09-26 16:58:00,630 [vuln-engine.nvd_delta] INFO: NVD delta: 0 critical CVE(s) since 2026-09-26T14:27:54.998937+00:00
2026-09-26 16:58:00,630 [apscheduler.executors.default] INFO: Job "NVD Delta Collector (trigger: interval[0:30:00], next run at: 2026-09-26 17:27:54 CEST)" executed successfully
2026-09-26 16:58:00,670 [vuln-engine.intersystems] INFO: InterSystems: found 10 advisories on page
2026-09-26 16:58:00,671 [apscheduler.executors.default] INFO: Job "InterSystems Collector (trigger: interval[1:00:00], next run at: 2026-09-26 17:57:54 CEST)" executed successfully
2026-09-26 16:58:00,715 [httpx] INFO: HTTP Request: GET https://www.debian.org/security/dsa "HTTP/1.1 200 OK"
2026-09-26 16:58:00,744 [vuln-engine.vendor_rss] INFO: Vendor RSS [debian_dsa]: parsed 30 entries
2026-09-26 16:58:02,144 [httpx] INFO: HTTP Request: GET https://sec.cloudapps.cisco.com/security/center/psirtrss20/CiscoSecurityAdvisory.xml "HTTP/1.1 200 OK"
2026-09-26 16:58:02,532 [vuln-engine.vendor_rss] INFO: Vendor RSS [cisco]: parsed 50 entries
2026-09-26 16:58:02,567 [httpx] INFO: HTTP Request: GET https://www.cert.ssi.gouv.fr/avis/feed/ "HTTP/1.1 200 OK"
2026-09-26 16:58:02,589 [vuln-engine.vendor_rss] INFO: Vendor RSS [certfr_avis]: parsed 40 entries
2026-09-26 16:58:02,637 [httpx] INFO: HTTP Request: GET https://www.cert.ssi.gouv.fr/alerte/feed/ "HTTP/1.1 200 OK"
2026-09-26 16:58:02,661 [vuln-engine.vendor_rss] INFO: Vendor RSS [certfr_alertes]: parsed 40 entries
2026-09-26 16:58:02,860 [httpx] INFO: HTTP Request: GET https://cert.europa.eu/publications/security-advisories-rss "HTTP/1.1 200 OK"
2026-09-26 16:58:02,867 [vuln-engine.vendor_rss] INFO: Vendor RSS [cert_eu]: parsed 10 entries
2026-09-26 16:58:03,182 [httpx] INFO: HTTP Request: GET https://ubuntu.com/security/notices/rss.xml "HTTP/1.1 200 OK"
2026-09-26 16:58:03,193 [vuln-engine.vendor_rss] INFO: Vendor RSS [ubuntu]: parsed 10 entries
2026-09-26 16:58:03,533 [httpx] INFO: HTTP Request: GET https://access.redhat.com/errata-search/feed/?q=*&advisory_type=Security+Advisory&severity=Critical "HTTP/1.1 200 OK"
2026-09-26 16:58:03,626 [vuln-engine.vendor_rss] INFO: Vendor RSS [redhat]: parsed 0 entries
2026-09-26 16:58:03,627 [apscheduler.executors.default] INFO: Job "Vendor RSS Collector (trigger: interval[1:00:00], next run at: 2026-09-26 17:57:54 CEST)" executed successfully
2026-09-26 17:27:54,977 [apscheduler.executors.default] INFO: Running job "NVD Delta Collector (trigger: interval[0:30:00], next run at: 2026-09-26 17:57:54 CEST)" (scheduled at 2026-09-26 17:27:54.974422+02:00)
2026-09-26 17:27:54,979 [vuln-engine.scheduler] INFO: ⏰ Running NVD delta collector...
2026-09-26 17:27:56,058 [httpx] INFO: HTTP Request: GET https://services.nvd.nist.gov/rest/json/cves/2.0?lastModStartDate=2026-09-26T14%3A57%3A54.000&lastModEndDate=2026-09-26T15%3A27%3A54.000&cvssV3Severity=CRITICAL "HTTP/1.1 200 OK"
2026-09-26 17:27:56,060 [vuln-engine.nvd_delta] INFO: NVD delta: 0 critical CVE(s) since 2026-09-26T14:57:54.986490+00:00
2026-09-26 17:27:56,060 [apscheduler.executors.default] INFO: Job "NVD Delta Collector (trigger: interval[0:30:00], next run at: 2026-09-26 17:57:54 CEST)" executed successfully
2026-09-26 17:57:54,977 [apscheduler.executors.default] INFO: Running job "NVD Delta Collector (trigger: interval[0:30:00], next run at: 2026-09-26 18:27:54 CEST)" (scheduled at 2026-09-26 17:57:54.974422+02:00)
2026-09-26 17:57:54,978 [vuln-engine.scheduler] INFO: ⏰ Running NVD delta collector...
2026-09-26 17:57:55,001 [apscheduler.executors.default] INFO: Running job "CISA KEV Collector (trigger: interval[1:00:00], next run at: 2026-09-26 18:57:54 CEST)" (scheduled at 2026-09-26 17:57:54.974597+02:00)
2026-09-26 17:57:55,001 [vuln-engine.scheduler] INFO: ⏰ Running CISA KEV collector...
2026-09-26 17:57:55,025 [apscheduler.executors.default] INFO: Running job "InterSystems Collector (trigger: interval[1:00:00], next run at: 2026-09-26 18:57:54 CEST)" (scheduled at 2026-09-26 17:57:54.974735+02:00)
2026-09-26 17:57:55,025 [vuln-engine.scheduler] INFO: ⏰ Running InterSystems collector...
2026-09-26 17:57:55,038 [apscheduler.executors.default] INFO: Running job "Vendor RSS Collector (trigger: interval[1:00:00], next run at: 2026-09-26 18:57:54 CEST)" (scheduled at 2026-09-26 17:57:54.974861+02:00)
2026-09-26 17:57:55,038 [vuln-engine.scheduler] INFO: ⏰ Running Vendor RSS collector...
2026-09-26 17:57:55,058 [apscheduler.executors.default] INFO: Running job "OCS Cache Refresh (trigger: interval[2:00:00], next run at: 2026-09-26 19:57:54 CEST)" (scheduled at 2026-09-26 17:57:54.974982+02:00)
2026-09-26 17:57:55,058 [vuln-engine.ocs_cache] INFO: Refreshing OCS inventory cache...
2026-09-26 17:57:55,157 [httpx] INFO: HTTP Request: GET https://www.cisa.gov/sites/default/files/feeds/known_exploited_vulnerabilities.json "HTTP/1.1 200 OK"
2026-09-26 17:57:55,233 [apscheduler.executors.default] INFO: Job "CISA KEV Collector (trigger: interval[1:00:00], next run at: 2026-09-26 18:57:54 CEST)" executed successfully
2026-09-26 17:57:55,631 [httpx] INFO: HTTP Request: GET https://api.msrc.microsoft.com/update-guide/rss "HTTP/1.1 200 OK"
2026-09-26 17:57:55,727 [httpx] INFO: HTTP Request: GET https://localhost/ocsapi/v1/computers/listID "HTTP/1.1 200 OK"
2026-09-26 17:57:56,247 [httpx] INFO: HTTP Request: GET https://services.nvd.nist.gov/rest/json/cves/2.0?lastModStartDate=2026-09-26T15%3A27%3A54.000&lastModEndDate=2026-09-26T15%3A57%3A54.000&cvssV3Severity=CRITICAL "HTTP/1.1 200 OK"
2026-09-26 17:57:56,249 [vuln-engine.nvd_delta] INFO: NVD delta: 0 critical CVE(s) since 2026-09-26T15:27:54.979151+00:00
2026-09-26 17:57:56,249 [apscheduler.executors.default] INFO: Job "NVD Delta Collector (trigger: interval[0:30:00], next run at: 2026-09-26 18:27:54 CEST)" executed successfully
2026-09-26 17:57:59,161 [vuln-engine.vendor_rss] INFO: Vendor RSS [microsoft_msrc]: parsed 5228 entries
2026-09-26 17:57:59,181 [httpx] INFO: HTTP Request: GET https://localhost/ocsapi/v1/computer/21/software "HTTP/1.1 200 OK"
2026-09-26 17:57:59,184 [httpx] INFO: HTTP Request: GET https://www.intersystems.com/support/product-alerts-advisories/ "HTTP/1.1 200 OK"
2026-09-26 17:57:59,208 [vuln-engine.intersystems] INFO: InterSystems: found 10 advisories on page
2026-09-26 17:57:59,208 [apscheduler.executors.default] INFO: Job "InterSystems Collector (trigger: interval[1:00:00], next run at: 2026-09-26 18:57:54 CEST)" executed successfully
2026-09-26 17:57:59,378 [httpx] INFO: HTTP Request: GET https://www.debian.org/security/dsa "HTTP/1.1 200 OK"
2026-09-26 17:57:59,404 [vuln-engine.vendor_rss] INFO: Vendor RSS [debian_dsa]: parsed 30 entries
2026-09-26 17:58:00,120 [httpx] INFO: HTTP Request: GET https://localhost/ocsapi/v1/computer/32/software "HTTP/1.1 200 OK"
2026-09-26 17:58:00,727 [httpx] INFO: HTTP Request: GET https://sec.cloudapps.cisco.com/security/center/psirtrss20/CiscoSecurityAdvisory.xml "HTTP/1.1 200 OK"
2026-09-26 17:58:00,959 [httpx] INFO: HTTP Request: GET https://localhost/ocsapi/v1/computer/33/software "HTTP/1.1 200 OK"
2026-09-26 17:58:01,103 [vuln-engine.vendor_rss] INFO: Vendor RSS [cisco]: parsed 50 entries
2026-09-26 17:58:01,138 [httpx] INFO: HTTP Request: GET https://www.cert.ssi.gouv.fr/avis/feed/ "HTTP/1.1 200 OK"
2026-09-26 17:58:01,155 [vuln-engine.vendor_rss] INFO: Vendor RSS [certfr_avis]: parsed 40 entries
2026-09-26 17:58:01,187 [httpx] INFO: HTTP Request: GET https://www.cert.ssi.gouv.fr/alerte/feed/ "HTTP/1.1 200 OK"
2026-09-26 17:58:01,205 [vuln-engine.vendor_rss] INFO: Vendor RSS [certfr_alertes]: parsed 40 entries
2026-09-26 17:58:01,419 [httpx] INFO: HTTP Request: GET https://cert.europa.eu/publications/security-advisories-rss "HTTP/1.1 200 OK"
2026-09-26 17:58:01,430 [vuln-engine.vendor_rss] INFO: Vendor RSS [cert_eu]: parsed 10 entries
2026-09-26 17:58:01,494 [httpx] INFO: HTTP Request: GET https://ubuntu.com/security/notices/rss.xml "HTTP/1.1 200 OK"
2026-09-26 17:58:01,505 [vuln-engine.vendor_rss] INFO: Vendor RSS [ubuntu]: parsed 10 entries
2026-09-26 17:58:01,523 [httpx] INFO: HTTP Request: GET https://localhost/ocsapi/v1/computer/14/software "HTTP/1.1 200 OK"
2026-09-26 17:58:02,087 [httpx] INFO: HTTP Request: GET https://localhost/ocsapi/v1/computer/15/software "HTTP/1.1 200 OK"
2026-09-26 17:58:02,282 [httpx] INFO: HTTP Request: GET https://access.redhat.com/errata-search/feed/?q=*&advisory_type=Security+Advisory&severity=Critical "HTTP/1.1 200 OK"
2026-09-26 17:58:02,328 [vuln-engine.vendor_rss] INFO: Vendor RSS [redhat]: parsed 0 entries
2026-09-26 17:58:02,328 [apscheduler.executors.default] INFO: Job "Vendor RSS Collector (trigger: interval[1:00:00], next run at: 2026-09-26 18:57:54 CEST)" executed successfully
2026-09-26 17:58:02,980 [httpx] INFO: HTTP Request: GET https://localhost/ocsapi/v1/computer/4/software "HTTP/1.1 200 OK"
2026-09-26 17:58:03,295 [httpx] INFO: HTTP Request: GET https://localhost/ocsapi/v1/computer/16/software "HTTP/1.1 200 OK"
2026-09-26 17:58:03,363 [httpx] INFO: HTTP Request: GET https://localhost/ocsapi/v1/computer/26/software "HTTP/1.1 200 OK"
2026-09-26 17:58:03,393 [httpx] INFO: HTTP Request: GET https://localhost/ocsapi/v1/computer/10/software "HTTP/1.1 200 OK"
2026-09-26 17:58:03,681 [httpx] INFO: HTTP Request: GET https://localhost/ocsapi/v1/computer/11/software "HTTP/1.1 200 OK"
2026-09-26 17:58:03,748 [httpx] INFO: HTTP Request: GET https://localhost/ocsapi/v1/computer/12/software "HTTP/1.1 200 OK"
2026-09-26 17:58:03,799 [httpx] INFO: HTTP Request: GET https://localhost/ocsapi/v1/computer/13/software "HTTP/1.1 200 OK"
2026-09-26 17:58:03,812 [vuln-engine.ocs_cache] INFO: OCS cache refreshed: 12 machines, 3812 unique packages
2026-09-26 17:58:03,813 [apscheduler.executors.default] INFO: Job "OCS Cache Refresh (trigger: interval[2:00:00], next run at: 2026-09-26 19:57:54 CEST)" executed successfully
2026-09-26 18:27:54,978 [apscheduler.executors.default] INFO: Running job "NVD Delta Collector (trigger: interval[0:30:00], next run at: 2026-09-26 18:57:54 CEST)" (scheduled at 2026-09-26 18:27:54.974422+02:00)
2026-09-26 18:27:54,979 [vuln-engine.scheduler] INFO: ⏰ Running NVD delta collector...
2026-09-26 18:27:56,078 [httpx] INFO: HTTP Request: GET https://services.nvd.nist.gov/rest/json/cves/2.0?lastModStartDate=2026-09-26T15%3A57%3A54.000&lastModEndDate=2026-09-26T16%3A27%3A54.000&cvssV3Severity=CRITICAL "HTTP/1.1 200 OK"
2026-09-26 18:27:56,080 [vuln-engine.nvd_delta] INFO: NVD delta: 0 critical CVE(s) since 2026-09-26T15:57:54.979037+00:00
2026-09-26 18:27:56,080 [apscheduler.executors.default] INFO: Job "NVD Delta Collector (trigger: interval[0:30:00], next run at: 2026-09-26 18:57:54 CEST)" executed successfully
2026-09-26 18:57:54,977 [apscheduler.executors.default] INFO: Running job "NVD Delta Collector (trigger: interval[0:30:00], next run at: 2026-09-26 19:27:54 CEST)" (scheduled at 2026-09-26 18:57:54.974422+02:00)
2026-09-26 18:57:54,977 [vuln-engine.scheduler] INFO: ⏰ Running NVD delta collector...
2026-09-26 18:57:54,994 [apscheduler.executors.default] INFO: Running job "CISA KEV Collector (trigger: interval[1:00:00], next run at: 2026-09-26 19:57:54 CEST)" (scheduled at 2026-09-26 18:57:54.974597+02:00)
2026-09-26 18:57:54,994 [vuln-engine.scheduler] INFO: ⏰ Running CISA KEV collector...
2026-09-26 18:57:55,006 [apscheduler.executors.default] INFO: Running job "InterSystems Collector (trigger: interval[1:00:00], next run at: 2026-09-26 19:57:54 CEST)" (scheduled at 2026-09-26 18:57:54.974735+02:00)
2026-09-26 18:57:55,006 [vuln-engine.scheduler] INFO: ⏰ Running InterSystems collector...
2026-09-26 18:57:55,018 [apscheduler.executors.default] INFO: Running job "Vendor RSS Collector (trigger: interval[1:00:00], next run at: 2026-09-26 19:57:54 CEST)" (scheduled at 2026-09-26 18:57:54.974861+02:00)
2026-09-26 18:57:55,018 [vuln-engine.scheduler] INFO: ⏰ Running Vendor RSS collector...
2026-09-26 18:57:55,123 [httpx] INFO: HTTP Request: GET https://www.cisa.gov/sites/default/files/feeds/known_exploited_vulnerabilities.json "HTTP/1.1 200 OK"
2026-09-26 18:57:55,154 [apscheduler.executors.default] INFO: Job "CISA KEV Collector (trigger: interval[1:00:00], next run at: 2026-09-26 19:57:54 CEST)" executed successfully
2026-09-26 18:57:55,654 [httpx] INFO: HTTP Request: GET https://api.msrc.microsoft.com/update-guide/rss "HTTP/1.1 200 OK"
2026-09-26 18:57:56,043 [httpx] INFO: HTTP Request: GET https://services.nvd.nist.gov/rest/json/cves/2.0?lastModStartDate=2026-09-26T16%3A27%3A54.000&lastModEndDate=2026-09-26T16%3A57%3A54.000&cvssV3Severity=CRITICAL "HTTP/1.1 200 OK"
2026-09-26 18:57:56,044 [vuln-engine.nvd_delta] INFO: NVD delta: 0 critical CVE(s) since 2026-09-26T16:27:54.980110+00:00
2026-09-26 18:57:56,044 [apscheduler.executors.default] INFO: Job "NVD Delta Collector (trigger: interval[0:30:00], next run at: 2026-09-26 19:27:54 CEST)" executed successfully
2026-09-26 18:57:59,429 [vuln-engine.vendor_rss] INFO: Vendor RSS [microsoft_msrc]: parsed 5228 entries
2026-09-26 18:57:59,447 [httpx] INFO: HTTP Request: GET https://www.intersystems.com/support/product-alerts-advisories/ "HTTP/1.1 200 OK"
2026-09-26 18:57:59,458 [vuln-engine.intersystems] INFO: InterSystems: found 10 advisories on page
2026-09-26 18:57:59,458 [apscheduler.executors.default] INFO: Job "InterSystems Collector (trigger: interval[1:00:00], next run at: 2026-09-26 19:57:54 CEST)" executed successfully
2026-09-26 18:57:59,559 [httpx] INFO: HTTP Request: GET https://www.debian.org/security/dsa "HTTP/1.1 200 OK"
2026-09-26 18:57:59,585 [vuln-engine.vendor_rss] INFO: Vendor RSS [debian_dsa]: parsed 29 entries
2026-09-26 18:58:00,977 [httpx] INFO: HTTP Request: GET https://sec.cloudapps.cisco.com/security/center/psirtrss20/CiscoSecurityAdvisory.xml "HTTP/1.1 200 OK"
2026-09-26 18:58:01,272 [vuln-engine.vendor_rss] INFO: Vendor RSS [cisco]: parsed 50 entries
2026-09-26 18:58:01,304 [httpx] INFO: HTTP Request: GET https://www.cert.ssi.gouv.fr/avis/feed/ "HTTP/1.1 200 OK"
2026-09-26 18:58:01,321 [vuln-engine.vendor_rss] INFO: Vendor RSS [certfr_avis]: parsed 40 entries
2026-09-26 18:58:01,351 [httpx] INFO: HTTP Request: GET https://www.cert.ssi.gouv.fr/alerte/feed/ "HTTP/1.1 200 OK"
2026-09-26 18:58:01,369 [vuln-engine.vendor_rss] INFO: Vendor RSS [certfr_alertes]: parsed 40 entries
2026-09-26 18:58:01,583 [httpx] INFO: HTTP Request: GET https://cert.europa.eu/publications/security-advisories-rss "HTTP/1.1 200 OK"
2026-09-26 18:58:01,595 [vuln-engine.vendor_rss] INFO: Vendor RSS [cert_eu]: parsed 10 entries
2026-09-26 18:58:01,646 [httpx] INFO: HTTP Request: GET https://ubuntu.com/security/notices/rss.xml "HTTP/1.1 200 OK"
2026-09-26 18:58:01,653 [vuln-engine.vendor_rss] INFO: Vendor RSS [ubuntu]: parsed 10 entries
2026-09-26 18:58:01,956 [httpx] INFO: HTTP Request: GET https://access.redhat.com/errata-search/feed/?q=*&advisory_type=Security+Advisory&severity=Critical "HTTP/1.1 200 OK"
2026-09-26 18:58:02,011 [vuln-engine.vendor_rss] INFO: Vendor RSS [redhat]: parsed 0 entries
2026-09-26 18:58:02,011 [apscheduler.executors.default] INFO: Job "Vendor RSS Collector (trigger: interval[1:00:00], next run at: 2026-09-26 19:57:54 CEST)" executed successfully
2026-09-26 19:27:54,977 [apscheduler.executors.default] INFO: Running job "NVD Delta Collector (trigger: interval[0:30:00], next run at: 2026-09-26 19:57:54 CEST)" (scheduled at 2026-09-26 19:27:54.974422+02:00)
2026-09-26 19:27:54,978 [vuln-engine.scheduler] INFO: ⏰ Running NVD delta collector...
2026-09-26 19:27:56,980 [httpx] INFO: HTTP Request: GET https://services.nvd.nist.gov/rest/json/cves/2.0?lastModStartDate=2026-09-26T16%3A57%3A54.000&lastModEndDate=2026-09-26T17%3A27%3A54.000&cvssV3Severity=CRITICAL "HTTP/1.1 200 OK"
2026-09-26 19:27:56,982 [vuln-engine.nvd_delta] INFO: NVD delta: 0 critical CVE(s) since 2026-09-26T16:57:54.977864+00:00
2026-09-26 19:27:56,982 [apscheduler.executors.default] INFO: Job "NVD Delta Collector (trigger: interval[0:30:00], next run at: 2026-09-26 19:57:54 CEST)" executed successfully
2026-09-26 19:57:54,977 [apscheduler.executors.default] INFO: Running job "NVD Delta Collector (trigger: interval[0:30:00], next run at: 2026-09-26 20:27:54 CEST)" (scheduled at 2026-09-26 19:57:54.974422+02:00)
2026-09-26 19:57:54,977 [vuln-engine.scheduler] INFO: ⏰ Running NVD delta collector...
2026-09-26 19:57:54,992 [apscheduler.executors.default] INFO: Running job "CISA KEV Collector (trigger: interval[1:00:00], next run at: 2026-09-26 20:57:54 CEST)" (scheduled at 2026-09-26 19:57:54.974597+02:00)
2026-09-26 19:57:54,993 [vuln-engine.scheduler] INFO: ⏰ Running CISA KEV collector...
2026-09-26 19:57:55,005 [apscheduler.executors.default] INFO: Running job "InterSystems Collector (trigger: interval[1:00:00], next run at: 2026-09-26 20:57:54 CEST)" (scheduled at 2026-09-26 19:57:54.974735+02:00)
2026-09-26 19:57:55,005 [vuln-engine.scheduler] INFO: ⏰ Running InterSystems collector...
2026-09-26 19:57:55,018 [apscheduler.executors.default] INFO: Running job "Vendor RSS Collector (trigger: interval[1:00:00], next run at: 2026-09-26 20:57:54 CEST)" (scheduled at 2026-09-26 19:57:54.974861+02:00)
2026-09-26 19:57:55,018 [vuln-engine.scheduler] INFO: ⏰ Running Vendor RSS collector...
2026-09-26 19:57:55,031 [apscheduler.executors.default] INFO: Running job "OCS Cache Refresh (trigger: interval[2:00:00], next run at: 2026-09-26 21:57:54 CEST)" (scheduled at 2026-09-26 19:57:54.974982+02:00)
2026-09-26 19:57:55,031 [vuln-engine.ocs_cache] INFO: Refreshing OCS inventory cache...
2026-09-26 19:57:55,058 [httpx] INFO: HTTP Request: GET https://localhost/ocsapi/v1/computers/listID "HTTP/1.1 200 OK"
2026-09-26 19:57:55,122 [httpx] INFO: HTTP Request: GET https://localhost/ocsapi/v1/computer/21/software "HTTP/1.1 200 OK"
2026-09-26 19:57:55,151 [httpx] INFO: HTTP Request: GET https://www.cisa.gov/sites/default/files/feeds/known_exploited_vulnerabilities.json "HTTP/1.1 200 OK"
2026-09-26 19:57:55,181 [apscheduler.executors.default] INFO: Job "CISA KEV Collector (trigger: interval[1:00:00], next run at: 2026-09-26 20:57:54 CEST)" executed successfully
2026-09-26 19:57:55,208 [httpx] INFO: HTTP Request: GET https://localhost/ocsapi/v1/computer/32/software "HTTP/1.1 200 OK"
2026-09-26 19:57:55,259 [httpx] INFO: HTTP Request: GET https://localhost/ocsapi/v1/computer/33/software "HTTP/1.1 200 OK"
2026-09-26 19:57:55,284 [httpx] INFO: HTTP Request: GET https://localhost/ocsapi/v1/computer/14/software "HTTP/1.1 200 OK"
2026-09-26 19:57:55,303 [httpx] INFO: HTTP Request: GET https://localhost/ocsapi/v1/computer/15/software "HTTP/1.1 200 OK"
2026-09-26 19:57:55,601 [httpx] INFO: HTTP Request: GET https://localhost/ocsapi/v1/computer/4/software "HTTP/1.1 200 OK"
2026-09-26 19:57:55,615 [httpx] INFO: HTTP Request: GET https://api.msrc.microsoft.com/update-guide/rss "HTTP/1.1 200 OK"
2026-09-26 19:57:55,664 [httpx] INFO: HTTP Request: GET https://localhost/ocsapi/v1/computer/16/software "HTTP/1.1 200 OK"
2026-09-26 19:57:55,709 [httpx] INFO: HTTP Request: GET https://localhost/ocsapi/v1/computer/26/software "HTTP/1.1 200 OK"
2026-09-26 19:57:55,727 [httpx] INFO: HTTP Request: GET https://localhost/ocsapi/v1/computer/10/software "HTTP/1.1 200 OK"
2026-09-26 19:57:55,798 [httpx] INFO: HTTP Request: GET https://localhost/ocsapi/v1/computer/11/software "HTTP/1.1 200 OK"
2026-09-26 19:57:55,834 [httpx] INFO: HTTP Request: GET https://localhost/ocsapi/v1/computer/12/software "HTTP/1.1 200 OK"
2026-09-26 19:57:55,849 [httpx] INFO: HTTP Request: GET https://localhost/ocsapi/v1/computer/13/software "HTTP/1.1 200 OK"
2026-09-26 19:57:55,854 [vuln-engine.ocs_cache] INFO: OCS cache refreshed: 12 machines, 3812 unique packages
2026-09-26 19:57:55,855 [apscheduler.executors.default] INFO: Job "OCS Cache Refresh (trigger: interval[2:00:00], next run at: 2026-09-26 21:57:54 CEST)" executed successfully
2026-09-26 19:57:56,117 [httpx] INFO: HTTP Request: GET https://services.nvd.nist.gov/rest/json/cves/2.0?lastModStartDate=2026-09-26T17%3A27%3A54.000&lastModEndDate=2026-09-26T17%3A57%3A54.000&cvssV3Severity=CRITICAL "HTTP/1.1 200 OK"
2026-09-26 19:57:56,119 [vuln-engine.nvd_delta] INFO: NVD delta: 0 critical CVE(s) since 2026-09-26T17:27:54.978278+00:00
2026-09-26 19:57:56,119 [apscheduler.executors.default] INFO: Job "NVD Delta Collector (trigger: interval[0:30:00], next run at: 2026-09-26 20:27:54 CEST)" executed successfully
2026-09-26 19:57:59,215 [vuln-engine.vendor_rss] INFO: Vendor RSS [microsoft_msrc]: parsed 5228 entries
2026-09-26 19:57:59,417 [httpx] INFO: HTTP Request: GET https://www.debian.org/security/dsa "HTTP/1.1 200 OK"
2026-09-26 19:57:59,444 [vuln-engine.vendor_rss] INFO: Vendor RSS [debian_dsa]: parsed 29 entries
2026-09-26 19:57:59,772 [httpx] INFO: HTTP Request: GET https://www.intersystems.com/support/product-alerts-advisories/ "HTTP/1.1 200 OK"
2026-09-26 19:57:59,858 [vuln-engine.intersystems] INFO: InterSystems: found 10 advisories on page
2026-09-26 19:57:59,858 [apscheduler.executors.default] INFO: Job "InterSystems Collector (trigger: interval[1:00:00], next run at: 2026-09-26 20:57:54 CEST)" executed successfully
2026-09-26 19:58:00,743 [httpx] INFO: HTTP Request: GET https://sec.cloudapps.cisco.com/security/center/psirtrss20/CiscoSecurityAdvisory.xml "HTTP/1.1 200 OK"
2026-09-26 19:58:01,125 [vuln-engine.vendor_rss] INFO: Vendor RSS [cisco]: parsed 50 entries
2026-09-26 19:58:01,160 [httpx] INFO: HTTP Request: GET https://www.cert.ssi.gouv.fr/avis/feed/ "HTTP/1.1 200 OK"
2026-09-26 19:58:01,180 [vuln-engine.vendor_rss] INFO: Vendor RSS [certfr_avis]: parsed 40 entries
2026-09-26 19:58:01,216 [httpx] INFO: HTTP Request: GET https://www.cert.ssi.gouv.fr/alerte/feed/ "HTTP/1.1 200 OK"
2026-09-26 19:58:01,237 [vuln-engine.vendor_rss] INFO: Vendor RSS [certfr_alertes]: parsed 40 entries
2026-09-26 19:58:01,446 [httpx] INFO: HTTP Request: GET https://cert.europa.eu/publications/security-advisories-rss "HTTP/1.1 200 OK"
2026-09-26 19:58:01,454 [vuln-engine.vendor_rss] INFO: Vendor RSS [cert_eu]: parsed 10 entries
2026-09-26 19:58:01,511 [httpx] INFO: HTTP Request: GET https://ubuntu.com/security/notices/rss.xml "HTTP/1.1 200 OK"
2026-09-26 19:58:01,518 [vuln-engine.vendor_rss] INFO: Vendor RSS [ubuntu]: parsed 10 entries
2026-09-26 19:58:01,802 [httpx] INFO: HTTP Request: GET https://access.redhat.com/errata-search/feed/?q=*&advisory_type=Security+Advisory&severity=Critical "HTTP/1.1 200 OK"
2026-09-26 19:58:01,869 [vuln-engine.vendor_rss] INFO: Vendor RSS [redhat]: parsed 0 entries
2026-09-26 19:58:01,870 [apscheduler.executors.default] INFO: Job "Vendor RSS Collector (trigger: interval[1:00:00], next run at: 2026-09-26 20:57:54 CEST)" executed successfully
2026-09-26 20:27:54,976 [apscheduler.executors.default] INFO: Running job "NVD Delta Collector (trigger: interval[0:30:00], next run at: 2026-09-26 20:57:54 CEST)" (scheduled at 2026-09-26 20:27:54.974422+02:00)
2026-09-26 20:27:54,977 [vuln-engine.scheduler] INFO: ⏰ Running NVD delta collector...
2026-09-26 20:27:56,102 [httpx] INFO: HTTP Request: GET https://services.nvd.nist.gov/rest/json/cves/2.0?lastModStartDate=2026-09-26T17%3A57%3A54.000&lastModEndDate=2026-09-26T18%3A27%3A54.000&cvssV3Severity=CRITICAL "HTTP/1.1 200 OK"
2026-09-26 20:27:56,104 [vuln-engine.nvd_delta] INFO: NVD delta: 1 critical CVE(s) since 2026-09-26T17:57:54.977898+00:00
2026-09-26 20:27:56,105 [vuln-engine.matching] INFO: Matching: 0/1 alerts matched
2026-09-26 20:27:56,105 [apscheduler.executors.default] INFO: Job "NVD Delta Collector (trigger: interval[0:30:00], next run at: 2026-09-26 20:57:54 CEST)" executed successfully
2026-09-26 20:57:54,976 [apscheduler.executors.default] INFO: Running job "NVD Delta Collector (trigger: interval[0:30:00], next run at: 2026-09-26 21:27:54 CEST)" (scheduled at 2026-09-26 20:57:54.974422+02:00)
2026-09-26 20:57:54,977 [vuln-engine.scheduler] INFO: ⏰ Running NVD delta collector...
2026-09-26 20:57:54,994 [apscheduler.executors.default] INFO: Running job "CISA KEV Collector (trigger: interval[1:00:00], next run at: 2026-09-26 21:57:54 CEST)" (scheduled at 2026-09-26 20:57:54.974597+02:00)
2026-09-26 20:57:54,994 [vuln-engine.scheduler] INFO: ⏰ Running CISA KEV collector...
2026-09-26 20:57:55,007 [apscheduler.executors.default] INFO: Running job "InterSystems Collector (trigger: interval[1:00:00], next run at: 2026-09-26 21:57:54 CEST)" (scheduled at 2026-09-26 20:57:54.974735+02:00)
2026-09-26 20:57:55,008 [vuln-engine.scheduler] INFO: ⏰ Running InterSystems collector...
2026-09-26 20:57:55,023 [apscheduler.executors.default] INFO: Running job "Vendor RSS Collector (trigger: interval[1:00:00], next run at: 2026-09-26 21:57:54 CEST)" (scheduled at 2026-09-26 20:57:54.974861+02:00)
2026-09-26 20:57:55,024 [vuln-engine.scheduler] INFO: ⏰ Running Vendor RSS collector...
2026-09-26 20:57:55,138 [httpx] INFO: HTTP Request: GET https://www.cisa.gov/sites/default/files/feeds/known_exploited_vulnerabilities.json "HTTP/1.1 200 OK"
2026-09-26 20:57:55,211 [apscheduler.executors.default] INFO: Job "CISA KEV Collector (trigger: interval[1:00:00], next run at: 2026-09-26 21:57:54 CEST)" executed successfully
2026-09-26 20:57:55,627 [httpx] INFO: HTTP Request: GET https://api.msrc.microsoft.com/update-guide/rss "HTTP/1.1 200 OK"
2026-09-26 20:57:56,201 [httpx] INFO: HTTP Request: GET https://services.nvd.nist.gov/rest/json/cves/2.0?lastModStartDate=2026-09-26T18%3A27%3A54.000&lastModEndDate=2026-09-26T18%3A57%3A54.000&cvssV3Severity=CRITICAL "HTTP/1.1 200 OK"
2026-09-26 20:57:56,202 [vuln-engine.nvd_delta] INFO: NVD delta: 0 critical CVE(s) since 2026-09-26T18:27:54.977576+00:00
2026-09-26 20:57:56,203 [apscheduler.executors.default] INFO: Job "NVD Delta Collector (trigger: interval[0:30:00], next run at: 2026-09-26 21:27:54 CEST)" executed successfully
2026-09-26 20:57:59,401 [vuln-engine.vendor_rss] INFO: Vendor RSS [microsoft_msrc]: parsed 5228 entries
2026-09-26 20:57:59,415 [httpx] INFO: HTTP Request: GET https://www.intersystems.com/support/product-alerts-advisories/ "HTTP/1.1 200 OK"
2026-09-26 20:57:59,423 [vuln-engine.intersystems] INFO: InterSystems: found 10 advisories on page
2026-09-26 20:57:59,423 [apscheduler.executors.default] INFO: Job "InterSystems Collector (trigger: interval[1:00:00], next run at: 2026-09-26 21:57:54 CEST)" executed successfully
2026-09-26 20:57:59,486 [httpx] INFO: HTTP Request: GET https://www.debian.org/security/dsa "HTTP/1.1 200 OK"
2026-09-26 20:57:59,512 [vuln-engine.vendor_rss] INFO: Vendor RSS [debian_dsa]: parsed 29 entries
2026-09-26 20:58:01,027 [httpx] INFO: HTTP Request: GET https://sec.cloudapps.cisco.com/security/center/psirtrss20/CiscoSecurityAdvisory.xml "HTTP/1.1 200 OK"
2026-09-26 20:58:01,400 [vuln-engine.vendor_rss] INFO: Vendor RSS [cisco]: parsed 50 entries
2026-09-26 20:58:01,442 [httpx] INFO: HTTP Request: GET https://www.cert.ssi.gouv.fr/avis/feed/ "HTTP/1.1 200 OK"
2026-09-26 20:58:01,460 [vuln-engine.vendor_rss] INFO: Vendor RSS [certfr_avis]: parsed 40 entries
2026-09-26 20:58:01,505 [httpx] INFO: HTTP Request: GET https://www.cert.ssi.gouv.fr/alerte/feed/ "HTTP/1.1 200 OK"
2026-09-26 20:58:01,522 [vuln-engine.vendor_rss] INFO: Vendor RSS [certfr_alertes]: parsed 40 entries
2026-09-26 20:58:01,765 [httpx] INFO: HTTP Request: GET https://cert.europa.eu/publications/security-advisories-rss "HTTP/1.1 200 OK"
2026-09-26 20:58:01,772 [vuln-engine.vendor_rss] INFO: Vendor RSS [cert_eu]: parsed 10 entries
2026-09-26 20:58:01,818 [httpx] INFO: HTTP Request: GET https://ubuntu.com/security/notices/rss.xml "HTTP/1.1 200 OK"
2026-09-26 20:58:01,825 [vuln-engine.vendor_rss] INFO: Vendor RSS [ubuntu]: parsed 10 entries
2026-09-26 20:58:02,113 [httpx] INFO: HTTP Request: GET https://access.redhat.com/errata-search/feed/?q=*&advisory_type=Security+Advisory&severity=Critical "HTTP/1.1 200 OK"
2026-09-26 20:58:02,193 [vuln-engine.vendor_rss] INFO: Vendor RSS [redhat]: parsed 0 entries
2026-09-26 20:58:02,194 [apscheduler.executors.default] INFO: Job "Vendor RSS Collector (trigger: interval[1:00:00], next run at: 2026-09-26 21:57:54 CEST)" executed successfully
2026-09-26 21:27:54,976 [apscheduler.executors.default] INFO: Running job "NVD Delta Collector (trigger: interval[0:30:00], next run at: 2026-09-26 21:57:54 CEST)" (scheduled at 2026-09-26 21:27:54.974422+02:00)
2026-09-26 21:27:54,977 [vuln-engine.scheduler] INFO: ⏰ Running NVD delta collector...
2026-09-26 21:27:56,062 [httpx] INFO: HTTP Request: GET https://services.nvd.nist.gov/rest/json/cves/2.0?lastModStartDate=2026-09-26T18%3A57%3A54.000&lastModEndDate=2026-09-26T19%3A27%3A54.000&cvssV3Severity=CRITICAL "HTTP/1.1 200 OK"
2026-09-26 21:27:56,063 [vuln-engine.nvd_delta] INFO: NVD delta: 1 critical CVE(s) since 2026-09-26T18:57:54.977506+00:00
2026-09-26 21:27:56,064 [vuln-engine.matching] INFO: Matching: 0/1 alerts matched
2026-09-26 21:27:56,064 [apscheduler.executors.default] INFO: Job "NVD Delta Collector (trigger: interval[0:30:00], next run at: 2026-09-26 21:57:54 CEST)" executed successfully
2026-09-26 21:57:54,976 [apscheduler.executors.default] INFO: Running job "NVD Delta Collector (trigger: interval[0:30:00], next run at: 2026-09-26 22:27:54 CEST)" (scheduled at 2026-09-26 21:57:54.974422+02:00)
2026-09-26 21:57:54,977 [vuln-engine.scheduler] INFO: ⏰ Running NVD delta collector...
2026-09-26 21:57:54,992 [apscheduler.executors.default] INFO: Running job "CISA KEV Collector (trigger: interval[1:00:00], next run at: 2026-09-26 22:57:54 CEST)" (scheduled at 2026-09-26 21:57:54.974597+02:00)
2026-09-26 21:57:54,993 [vuln-engine.scheduler] INFO: ⏰ Running CISA KEV collector...
2026-09-26 21:57:55,005 [apscheduler.executors.default] INFO: Running job "InterSystems Collector (trigger: interval[1:00:00], next run at: 2026-09-26 22:57:54 CEST)" (scheduled at 2026-09-26 21:57:54.974735+02:00)
2026-09-26 21:57:55,005 [vuln-engine.scheduler] INFO: ⏰ Running InterSystems collector...
2026-09-26 21:57:55,017 [apscheduler.executors.default] INFO: Running job "Vendor RSS Collector (trigger: interval[1:00:00], next run at: 2026-09-26 22:57:54 CEST)" (scheduled at 2026-09-26 21:57:54.974861+02:00)
2026-09-26 21:57:55,017 [vuln-engine.scheduler] INFO: ⏰ Running Vendor RSS collector...
2026-09-26 21:57:55,029 [apscheduler.executors.default] INFO: Running job "OCS Cache Refresh (trigger: interval[2:00:00], next run at: 2026-09-26 23:57:54 CEST)" (scheduled at 2026-09-26 21:57:54.974982+02:00)
2026-09-26 21:57:55,029 [vuln-engine.ocs_cache] INFO: Refreshing OCS inventory cache...
2026-09-26 21:57:55,057 [httpx] INFO: HTTP Request: GET https://localhost/ocsapi/v1/computers/listID "HTTP/1.1 200 OK"
2026-09-26 21:57:55,128 [httpx] INFO: HTTP Request: GET https://localhost/ocsapi/v1/computer/21/software "HTTP/1.1 200 OK"
2026-09-26 21:57:55,155 [httpx] INFO: HTTP Request: GET https://www.cisa.gov/sites/default/files/feeds/known_exploited_vulnerabilities.json "HTTP/1.1 200 OK"
2026-09-26 21:57:55,186 [apscheduler.executors.default] INFO: Job "CISA KEV Collector (trigger: interval[1:00:00], next run at: 2026-09-26 22:57:54 CEST)" executed successfully
2026-09-26 21:57:55,207 [httpx] INFO: HTTP Request: GET https://localhost/ocsapi/v1/computer/32/software "HTTP/1.1 200 OK"
2026-09-26 21:57:55,261 [httpx] INFO: HTTP Request: GET https://localhost/ocsapi/v1/computer/33/software "HTTP/1.1 200 OK"
2026-09-26 21:57:55,286 [httpx] INFO: HTTP Request: GET https://localhost/ocsapi/v1/computer/14/software "HTTP/1.1 200 OK"
2026-09-26 21:57:55,307 [httpx] INFO: HTTP Request: GET https://localhost/ocsapi/v1/computer/15/software "HTTP/1.1 200 OK"
2026-09-26 21:57:55,387 [httpx] INFO: HTTP Request: GET https://localhost/ocsapi/v1/computer/4/software "HTTP/1.1 200 OK"
2026-09-26 21:57:55,443 [httpx] INFO: HTTP Request: GET https://localhost/ocsapi/v1/computer/16/software "HTTP/1.1 200 OK"
2026-09-26 21:57:55,484 [httpx] INFO: HTTP Request: GET https://localhost/ocsapi/v1/computer/26/software "HTTP/1.1 200 OK"
2026-09-26 21:57:55,503 [httpx] INFO: HTTP Request: GET https://localhost/ocsapi/v1/computer/10/software "HTTP/1.1 200 OK"
2026-09-26 21:57:55,631 [httpx] INFO: HTTP Request: GET https://api.msrc.microsoft.com/update-guide/rss "HTTP/1.1 200 OK"
2026-09-26 21:57:55,643 [httpx] INFO: HTTP Request: GET https://localhost/ocsapi/v1/computer/11/software "HTTP/1.1 200 OK"
2026-09-26 21:57:55,673 [httpx] INFO: HTTP Request: GET https://localhost/ocsapi/v1/computer/12/software "HTTP/1.1 200 OK"
2026-09-26 21:57:55,696 [httpx] INFO: HTTP Request: GET https://localhost/ocsapi/v1/computer/13/software "HTTP/1.1 200 OK"
2026-09-26 21:57:55,703 [vuln-engine.ocs_cache] INFO: OCS cache refreshed: 12 machines, 3812 unique packages
2026-09-26 21:57:55,704 [apscheduler.executors.default] INFO: Job "OCS Cache Refresh (trigger: interval[2:00:00], next run at: 2026-09-26 23:57:54 CEST)" executed successfully
2026-09-26 21:57:56,089 [httpx] INFO: HTTP Request: GET https://services.nvd.nist.gov/rest/json/cves/2.0?lastModStartDate=2026-09-26T19%3A27%3A54.000&lastModEndDate=2026-09-26T19%3A57%3A54.000&cvssV3Severity=CRITICAL "HTTP/1.1 200 OK"
2026-09-26 21:57:56,091 [vuln-engine.nvd_delta] INFO: NVD delta: 0 critical CVE(s) since 2026-09-26T19:27:54.977867+00:00
2026-09-26 21:57:56,091 [apscheduler.executors.default] INFO: Job "NVD Delta Collector (trigger: interval[0:30:00], next run at: 2026-09-26 22:27:54 CEST)" executed successfully
2026-09-26 21:57:59,136 [vuln-engine.vendor_rss] INFO: Vendor RSS [microsoft_msrc]: parsed 5228 entries
2026-09-26 21:57:59,162 [httpx] INFO: HTTP Request: GET https://www.intersystems.com/support/product-alerts-advisories/ "HTTP/1.1 200 OK"
2026-09-26 21:57:59,170 [vuln-engine.intersystems] INFO: InterSystems: found 10 advisories on page
2026-09-26 21:57:59,170 [apscheduler.executors.default] INFO: Job "InterSystems Collector (trigger: interval[1:00:00], next run at: 2026-09-26 22:57:54 CEST)" executed successfully
2026-09-26 21:57:59,478 [httpx] INFO: HTTP Request: GET https://www.debian.org/security/dsa "HTTP/1.1 200 OK"
2026-09-26 21:57:59,506 [vuln-engine.vendor_rss] INFO: Vendor RSS [debian_dsa]: parsed 30 entries
2026-09-26 21:58:00,831 [httpx] INFO: HTTP Request: GET https://sec.cloudapps.cisco.com/security/center/psirtrss20/CiscoSecurityAdvisory.xml "HTTP/1.1 200 OK"
2026-09-26 21:58:01,226 [vuln-engine.vendor_rss] INFO: Vendor RSS [cisco]: parsed 50 entries
2026-09-26 21:58:01,261 [httpx] INFO: HTTP Request: GET https://www.cert.ssi.gouv.fr/avis/feed/ "HTTP/1.1 200 OK"
2026-09-26 21:58:01,280 [vuln-engine.vendor_rss] INFO: Vendor RSS [certfr_avis]: parsed 40 entries
2026-09-26 21:58:01,326 [httpx] INFO: HTTP Request: GET https://www.cert.ssi.gouv.fr/alerte/feed/ "HTTP/1.1 200 OK"
2026-09-26 21:58:01,345 [vuln-engine.vendor_rss] INFO: Vendor RSS [certfr_alertes]: parsed 40 entries
2026-09-26 21:58:01,553 [httpx] INFO: HTTP Request: GET https://cert.europa.eu/publications/security-advisories-rss "HTTP/1.1 200 OK"
2026-09-26 21:58:01,562 [vuln-engine.vendor_rss] INFO: Vendor RSS [cert_eu]: parsed 10 entries
2026-09-26 21:58:01,616 [httpx] INFO: HTTP Request: GET https://ubuntu.com/security/notices/rss.xml "HTTP/1.1 200 OK"
2026-09-26 21:58:01,623 [vuln-engine.vendor_rss] INFO: Vendor RSS [ubuntu]: parsed 10 entries
2026-09-26 21:58:01,889 [httpx] INFO: HTTP Request: GET https://access.redhat.com/errata-search/feed/?q=*&advisory_type=Security+Advisory&severity=Critical "HTTP/1.1 200 OK"
2026-09-26 21:58:01,943 [vuln-engine.vendor_rss] INFO: Vendor RSS [redhat]: parsed 0 entries
2026-09-26 21:58:01,943 [apscheduler.executors.default] INFO: Job "Vendor RSS Collector (trigger: interval[1:00:00], next run at: 2026-09-26 22:57:54 CEST)" executed successfully
2026-09-26 22:27:54,976 [apscheduler.executors.default] INFO: Running job "NVD Delta Collector (trigger: interval[0:30:00], next run at: 2026-09-26 22:57:54 CEST)" (scheduled at 2026-09-26 22:27:54.974422+02:00)
2026-09-26 22:27:54,977 [vuln-engine.scheduler] INFO: ⏰ Running NVD delta collector...
2026-09-26 22:27:56,093 [httpx] INFO: HTTP Request: GET https://services.nvd.nist.gov/rest/json/cves/2.0?lastModStartDate=2026-09-26T19%3A57%3A54.000&lastModEndDate=2026-09-26T20%3A27%3A54.000&cvssV3Severity=CRITICAL "HTTP/1.1 200 OK"
2026-09-26 22:27:56,094 [vuln-engine.nvd_delta] INFO: NVD delta: 0 critical CVE(s) since 2026-09-26T19:57:54.977596+00:00
2026-09-26 22:27:56,094 [apscheduler.executors.default] INFO: Job "NVD Delta Collector (trigger: interval[0:30:00], next run at: 2026-09-26 22:57:54 CEST)" executed successfully
2026-09-26 22:57:54,978 [apscheduler.executors.default] INFO: Running job "NVD Delta Collector (trigger: interval[0:30:00], next run at: 2026-09-26 23:27:54 CEST)" (scheduled at 2026-09-26 22:57:54.974422+02:00)
2026-09-26 22:57:54,980 [vuln-engine.scheduler] INFO: ⏰ Running NVD delta collector...
2026-09-26 22:57:54,997 [apscheduler.executors.default] INFO: Running job "CISA KEV Collector (trigger: interval[1:00:00], next run at: 2026-09-26 23:57:54 CEST)" (scheduled at 2026-09-26 22:57:54.974597+02:00)
2026-09-26 22:57:54,997 [vuln-engine.scheduler] INFO: ⏰ Running CISA KEV collector...
2026-09-26 22:57:55,010 [apscheduler.executors.default] INFO: Running job "InterSystems Collector (trigger: interval[1:00:00], next run at: 2026-09-26 23:57:54 CEST)" (scheduled at 2026-09-26 22:57:54.974735+02:00)
2026-09-26 22:57:55,010 [vuln-engine.scheduler] INFO: ⏰ Running InterSystems collector...
2026-09-26 22:57:55,023 [apscheduler.executors.default] INFO: Running job "Vendor RSS Collector (trigger: interval[1:00:00], next run at: 2026-09-26 23:57:54 CEST)" (scheduled at 2026-09-26 22:57:54.974861+02:00)
2026-09-26 22:57:55,024 [vuln-engine.scheduler] INFO: ⏰ Running Vendor RSS collector...
2026-09-26 22:57:55,133 [httpx] INFO: HTTP Request: GET https://www.cisa.gov/sites/default/files/feeds/known_exploited_vulnerabilities.json "HTTP/1.1 200 OK"
2026-09-26 22:57:55,183 [apscheduler.executors.default] INFO: Job "CISA KEV Collector (trigger: interval[1:00:00], next run at: 2026-09-26 23:57:54 CEST)" executed successfully
2026-09-26 22:57:55,640 [httpx] INFO: HTTP Request: GET https://api.msrc.microsoft.com/update-guide/rss "HTTP/1.1 200 OK"
2026-09-26 22:57:56,055 [httpx] INFO: HTTP Request: GET https://services.nvd.nist.gov/rest/json/cves/2.0?lastModStartDate=2026-09-26T20%3A27%3A54.000&lastModEndDate=2026-09-26T20%3A57%3A54.000&cvssV3Severity=CRITICAL "HTTP/1.1 200 OK"
2026-09-26 22:57:56,057 [vuln-engine.nvd_delta] INFO: NVD delta: 0 critical CVE(s) since 2026-09-26T20:27:54.977621+00:00
2026-09-26 22:57:56,057 [apscheduler.executors.default] INFO: Job "NVD Delta Collector (trigger: interval[0:30:00], next run at: 2026-09-26 23:27:54 CEST)" executed successfully
2026-09-26 22:57:59,274 [vuln-engine.vendor_rss] INFO: Vendor RSS [microsoft_msrc]: parsed 5228 entries
2026-09-26 22:57:59,290 [httpx] INFO: HTTP Request: GET https://www.intersystems.com/support/product-alerts-advisories/ "HTTP/1.1 200 OK"
2026-09-26 22:57:59,301 [vuln-engine.intersystems] INFO: InterSystems: found 10 advisories on page
2026-09-26 22:57:59,301 [apscheduler.executors.default] INFO: Job "InterSystems Collector (trigger: interval[1:00:00], next run at: 2026-09-26 23:57:54 CEST)" executed successfully
2026-09-26 22:57:59,525 [httpx] INFO: HTTP Request: GET https://www.debian.org/security/dsa "HTTP/1.1 200 OK"
2026-09-26 22:57:59,555 [vuln-engine.vendor_rss] INFO: Vendor RSS [debian_dsa]: parsed 30 entries
2026-09-26 22:58:00,925 [httpx] INFO: HTTP Request: GET https://sec.cloudapps.cisco.com/security/center/psirtrss20/CiscoSecurityAdvisory.xml "HTTP/1.1 200 OK"
2026-09-26 22:58:01,229 [vuln-engine.vendor_rss] INFO: Vendor RSS [cisco]: parsed 50 entries
2026-09-26 22:58:01,276 [httpx] INFO: HTTP Request: GET https://www.cert.ssi.gouv.fr/avis/feed/ "HTTP/1.1 200 OK"
2026-09-26 22:58:01,298 [vuln-engine.vendor_rss] INFO: Vendor RSS [certfr_avis]: parsed 40 entries
2026-09-26 22:58:01,333 [httpx] INFO: HTTP Request: GET https://www.cert.ssi.gouv.fr/alerte/feed/ "HTTP/1.1 200 OK"
2026-09-26 22:58:01,355 [vuln-engine.vendor_rss] INFO: Vendor RSS [certfr_alertes]: parsed 40 entries
2026-09-26 22:58:01,699 [httpx] INFO: HTTP Request: GET https://cert.europa.eu/publications/security-advisories-rss "HTTP/1.1 200 OK"
2026-09-26 22:58:01,708 [vuln-engine.vendor_rss] INFO: Vendor RSS [cert_eu]: parsed 10 entries
2026-09-26 22:58:01,767 [httpx] INFO: HTTP Request: GET https://ubuntu.com/security/notices/rss.xml "HTTP/1.1 200 OK"
2026-09-26 22:58:01,776 [vuln-engine.vendor_rss] INFO: Vendor RSS [ubuntu]: parsed 10 entries
2026-09-26 22:58:02,114 [httpx] INFO: HTTP Request: GET https://access.redhat.com/errata-search/feed/?q=*&advisory_type=Security+Advisory&severity=Critical "HTTP/1.1 200 OK"
2026-09-26 22:58:02,166 [vuln-engine.vendor_rss] INFO: Vendor RSS [redhat]: parsed 0 entries
2026-09-26 22:58:02,166 [apscheduler.executors.default] INFO: Job "Vendor RSS Collector (trigger: interval[1:00:00], next run at: 2026-09-26 23:57:54 CEST)" executed successfully
2026-09-26 23:27:54,976 [apscheduler.executors.default] INFO: Running job "NVD Delta Collector (trigger: interval[0:30:00], next run at: 2026-09-26 23:57:54 CEST)" (scheduled at 2026-09-26 23:27:54.974422+02:00)
2026-09-26 23:27:54,977 [vuln-engine.scheduler] INFO: ⏰ Running NVD delta collector...
2026-09-26 23:27:56,055 [httpx] INFO: HTTP Request: GET https://services.nvd.nist.gov/rest/json/cves/2.0?lastModStartDate=2026-09-26T20%3A57%3A54.000&lastModEndDate=2026-09-26T21%3A27%3A54.000&cvssV3Severity=CRITICAL "HTTP/1.1 200 OK"
2026-09-26 23:27:56,057 [vuln-engine.nvd_delta] INFO: NVD delta: 1 critical CVE(s) since 2026-09-26T20:57:54.980652+00:00
2026-09-26 23:27:56,058 [vuln-engine.matching] INFO: Matching: 0/1 alerts matched
2026-09-26 23:27:56,058 [apscheduler.executors.default] INFO: Job "NVD Delta Collector (trigger: interval[0:30:00], next run at: 2026-09-26 23:57:54 CEST)" executed successfully
2026-09-26 23:57:54,978 [apscheduler.executors.default] INFO: Running job "NVD Delta Collector (trigger: interval[0:30:00], next run at: 2026-09-27 00:27:54 CEST)" (scheduled at 2026-09-26 23:57:54.974422+02:00)
2026-09-26 23:57:54,979 [vuln-engine.scheduler] INFO: ⏰ Running NVD delta collector...
2026-09-26 23:57:54,998 [apscheduler.executors.default] INFO: Running job "CISA KEV Collector (trigger: interval[1:00:00], next run at: 2026-09-27 00:57:54 CEST)" (scheduled at 2026-09-26 23:57:54.974597+02:00)
2026-09-26 23:57:54,998 [vuln-engine.scheduler] INFO: ⏰ Running CISA KEV collector...
2026-09-26 23:57:55,012 [apscheduler.executors.default] INFO: Running job "InterSystems Collector (trigger: interval[1:00:00], next run at: 2026-09-27 00:57:54 CEST)" (scheduled at 2026-09-26 23:57:54.974735+02:00)
2026-09-26 23:57:55,012 [vuln-engine.scheduler] INFO: ⏰ Running InterSystems collector...
2026-09-26 23:57:55,025 [apscheduler.executors.default] INFO: Running job "Vendor RSS Collector (trigger: interval[1:00:00], next run at: 2026-09-27 00:57:54 CEST)" (scheduled at 2026-09-26 23:57:54.974861+02:00)
2026-09-26 23:57:55,026 [vuln-engine.scheduler] INFO: ⏰ Running Vendor RSS collector...
2026-09-26 23:57:55,039 [apscheduler.executors.default] INFO: Running job "OCS Cache Refresh (trigger: interval[2:00:00], next run at: 2026-09-27 01:57:54 CEST)" (scheduled at 2026-09-26 23:57:54.974982+02:00)
2026-09-26 23:57:55,039 [vuln-engine.ocs_cache] INFO: Refreshing OCS inventory cache...
2026-09-26 23:57:55,069 [httpx] INFO: HTTP Request: GET https://localhost/ocsapi/v1/computers/listID "HTTP/1.1 200 OK"
2026-09-26 23:57:55,123 [httpx] INFO: HTTP Request: GET https://localhost/ocsapi/v1/computer/21/software "HTTP/1.1 200 OK"
2026-09-26 23:57:55,151 [httpx] INFO: HTTP Request: GET https://www.cisa.gov/sites/default/files/feeds/known_exploited_vulnerabilities.json "HTTP/1.1 200 OK"
2026-09-26 23:57:55,182 [apscheduler.executors.default] INFO: Job "CISA KEV Collector (trigger: interval[1:00:00], next run at: 2026-09-27 00:57:54 CEST)" executed successfully
2026-09-26 23:57:55,195 [httpx] INFO: HTTP Request: GET https://localhost/ocsapi/v1/computer/32/software "HTTP/1.1 200 OK"
2026-09-26 23:57:55,239 [httpx] INFO: HTTP Request: GET https://localhost/ocsapi/v1/computer/33/software "HTTP/1.1 200 OK"
2026-09-26 23:57:55,261 [httpx] INFO: HTTP Request: GET https://localhost/ocsapi/v1/computer/14/software "HTTP/1.1 200 OK"
2026-09-26 23:57:55,279 [httpx] INFO: HTTP Request: GET https://localhost/ocsapi/v1/computer/15/software "HTTP/1.1 200 OK"
2026-09-26 23:57:55,340 [httpx] INFO: HTTP Request: GET https://localhost/ocsapi/v1/computer/4/software "HTTP/1.1 200 OK"
2026-09-26 23:57:55,385 [httpx] INFO: HTTP Request: GET https://localhost/ocsapi/v1/computer/16/software "HTTP/1.1 200 OK"
2026-09-26 23:57:55,425 [httpx] INFO: HTTP Request: GET https://localhost/ocsapi/v1/computer/26/software "HTTP/1.1 200 OK"
2026-09-26 23:57:55,442 [httpx] INFO: HTTP Request: GET https://localhost/ocsapi/v1/computer/10/software "HTTP/1.1 200 OK"
2026-09-26 23:57:55,493 [httpx] INFO: HTTP Request: GET https://localhost/ocsapi/v1/computer/11/software "HTTP/1.1 200 OK"
2026-09-26 23:57:55,520 [httpx] INFO: HTTP Request: GET https://localhost/ocsapi/v1/computer/12/software "HTTP/1.1 200 OK"
2026-09-26 23:57:55,532 [httpx] INFO: HTTP Request: GET https://localhost/ocsapi/v1/computer/13/software "HTTP/1.1 200 OK"
2026-09-26 23:57:55,536 [vuln-engine.ocs_cache] INFO: OCS cache refreshed: 12 machines, 3812 unique packages
2026-09-26 23:57:55,536 [apscheduler.executors.default] INFO: Job "OCS Cache Refresh (trigger: interval[2:00:00], next run at: 2026-09-27 01:57:54 CEST)" executed successfully
2026-09-26 23:57:55,633 [httpx] INFO: HTTP Request: GET https://api.msrc.microsoft.com/update-guide/rss "HTTP/1.1 200 OK"
2026-09-26 23:57:56,088 [httpx] INFO: HTTP Request: GET https://services.nvd.nist.gov/rest/json/cves/2.0?lastModStartDate=2026-09-26T21%3A27%3A54.000&lastModEndDate=2026-09-26T21%3A57%3A54.000&cvssV3Severity=CRITICAL "HTTP/1.1 200 OK"
2026-09-26 23:57:56,089 [vuln-engine.nvd_delta] INFO: NVD delta: 0 critical CVE(s) since 2026-09-26T21:27:54.977601+00:00
2026-09-26 23:57:56,089 [apscheduler.executors.default] INFO: Job "NVD Delta Collector (trigger: interval[0:30:00], next run at: 2026-09-27 00:27:54 CEST)" executed successfully
2026-09-26 23:57:59,074 [vuln-engine.vendor_rss] INFO: Vendor RSS [microsoft_msrc]: parsed 5228 entries
2026-09-26 23:57:59,090 [httpx] INFO: HTTP Request: GET https://www.intersystems.com/support/product-alerts-advisories/ "HTTP/1.1 200 OK"
2026-09-26 23:57:59,100 [vuln-engine.intersystems] INFO: InterSystems: found 10 advisories on page
2026-09-26 23:57:59,100 [apscheduler.executors.default] INFO: Job "InterSystems Collector (trigger: interval[1:00:00], next run at: 2026-09-27 00:57:54 CEST)" executed successfully
2026-09-26 23:57:59,414 [httpx] INFO: HTTP Request: GET https://www.debian.org/security/dsa "HTTP/1.1 200 OK"
2026-09-26 23:57:59,444 [vuln-engine.vendor_rss] INFO: Vendor RSS [debian_dsa]: parsed 30 entries
2026-09-26 23:58:00,740 [httpx] INFO: HTTP Request: GET https://sec.cloudapps.cisco.com/security/center/psirtrss20/CiscoSecurityAdvisory.xml "HTTP/1.1 200 OK"
2026-09-26 23:58:01,114 [vuln-engine.vendor_rss] INFO: Vendor RSS [cisco]: parsed 50 entries
2026-09-26 23:58:01,149 [httpx] INFO: HTTP Request: GET https://www.cert.ssi.gouv.fr/avis/feed/ "HTTP/1.1 200 OK"
2026-09-26 23:58:01,167 [vuln-engine.vendor_rss] INFO: Vendor RSS [certfr_avis]: parsed 40 entries
2026-09-26 23:58:01,200 [httpx] INFO: HTTP Request: GET https://www.cert.ssi.gouv.fr/alerte/feed/ "HTTP/1.1 200 OK"
2026-09-26 23:58:01,217 [vuln-engine.vendor_rss] INFO: Vendor RSS [certfr_alertes]: parsed 40 entries
2026-09-26 23:58:01,488 [httpx] INFO: HTTP Request: GET https://cert.europa.eu/publications/security-advisories-rss "HTTP/1.1 200 OK"
2026-09-26 23:58:01,495 [vuln-engine.vendor_rss] INFO: Vendor RSS [cert_eu]: parsed 10 entries
2026-09-26 23:58:01,555 [httpx] INFO: HTTP Request: GET https://ubuntu.com/security/notices/rss.xml "HTTP/1.1 200 OK"
2026-09-26 23:58:01,561 [vuln-engine.vendor_rss] INFO: Vendor RSS [ubuntu]: parsed 10 entries
2026-09-26 23:58:01,857 [httpx] INFO: HTTP Request: GET https://access.redhat.com/errata-search/feed/?q=*&advisory_type=Security+Advisory&severity=Critical "HTTP/1.1 200 OK"
2026-09-26 23:58:01,905 [vuln-engine.vendor_rss] INFO: Vendor RSS [redhat]: parsed 0 entries
2026-09-26 23:58:01,905 [apscheduler.executors.default] INFO: Job "Vendor RSS Collector (trigger: interval[1:00:00], next run at: 2026-09-27 00:57:54 CEST)" executed successfully
2026-09-27 00:27:55,010 [apscheduler.executors.default] INFO: Running job "NVD Delta Collector (trigger: interval[0:30:00], next run at: 2026-09-27 00:57:54 CEST)" (scheduled at 2026-09-27 00:27:54.974422+02:00)
2026-09-27 00:27:55,026 [vuln-engine.scheduler] INFO: ⏰ Running NVD delta collector...
2026-09-27 00:27:59,586 [httpx] INFO: HTTP Request: GET https://services.nvd.nist.gov/rest/json/cves/2.0?lastModStartDate=2026-09-26T21%3A57%3A54.000&lastModEndDate=2026-09-26T22%3A27%3A55.000&cvssV3Severity=CRITICAL "HTTP/1.1 200 OK"
2026-09-27 00:27:59,597 [vuln-engine.nvd_delta] INFO: NVD delta: 0 critical CVE(s) since 2026-09-26T21:57:54.979320+00:00
2026-09-27 00:27:59,599 [apscheduler.executors.default] INFO: Job "NVD Delta Collector (trigger: interval[0:30:00], next run at: 2026-09-27 00:57:54 CEST)" executed successfully
2026-09-27 00:57:54,979 [apscheduler.executors.default] INFO: Running job "NVD Delta Collector (trigger: interval[0:30:00], next run at: 2026-09-27 01:27:54 CEST)" (scheduled at 2026-09-27 00:57:54.974422+02:00)
2026-09-27 00:57:54,981 [vuln-engine.scheduler] INFO: ⏰ Running NVD delta collector...
2026-09-27 00:57:55,017 [apscheduler.executors.default] INFO: Running job "CISA KEV Collector (trigger: interval[1:00:00], next run at: 2026-09-27 01:57:54 CEST)" (scheduled at 2026-09-27 00:57:54.974597+02:00)
2026-09-27 00:57:55,018 [vuln-engine.scheduler] INFO: ⏰ Running CISA KEV collector...
2026-09-27 00:57:55,045 [apscheduler.executors.default] INFO: Running job "InterSystems Collector (trigger: interval[1:00:00], next run at: 2026-09-27 01:57:54 CEST)" (scheduled at 2026-09-27 00:57:54.974735+02:00)
2026-09-27 00:57:55,046 [vuln-engine.scheduler] INFO: ⏰ Running InterSystems collector...
2026-09-27 00:57:55,069 [apscheduler.executors.default] INFO: Running job "Vendor RSS Collector (trigger: interval[1:00:00], next run at: 2026-09-27 01:57:54 CEST)" (scheduled at 2026-09-27 00:57:54.974861+02:00)
2026-09-27 00:57:55,070 [vuln-engine.scheduler] INFO: ⏰ Running Vendor RSS collector...
2026-09-27 00:57:55,218 [httpx] INFO: HTTP Request: GET https://www.cisa.gov/sites/default/files/feeds/known_exploited_vulnerabilities.json "HTTP/1.1 200 OK"
2026-09-27 00:57:55,562 [apscheduler.executors.default] INFO: Job "CISA KEV Collector (trigger: interval[1:00:00], next run at: 2026-09-27 01:57:54 CEST)" executed successfully
2026-09-27 00:57:55,728 [httpx] INFO: HTTP Request: GET https://api.msrc.microsoft.com/update-guide/rss "HTTP/1.1 200 OK"
2026-09-27 00:57:56,427 [httpx] INFO: HTTP Request: GET https://services.nvd.nist.gov/rest/json/cves/2.0?lastModStartDate=2026-09-26T22%3A27%3A55.000&lastModEndDate=2026-09-26T22%3A57%3A54.000&cvssV3Severity=CRITICAL "HTTP/1.1 200 OK"
2026-09-27 00:57:56,428 [vuln-engine.nvd_delta] INFO: NVD delta: 0 critical CVE(s) since 2026-09-26T22:27:55.027237+00:00
2026-09-27 00:57:56,428 [apscheduler.executors.default] INFO: Job "NVD Delta Collector (trigger: interval[0:30:00], next run at: 2026-09-27 01:27:54 CEST)" executed successfully
2026-09-27 00:58:00,382 [vuln-engine.vendor_rss] INFO: Vendor RSS [microsoft_msrc]: parsed 5228 entries
2026-09-27 00:58:00,402 [httpx] INFO: HTTP Request: GET https://www.intersystems.com/support/product-alerts-advisories/ "HTTP/1.1 200 OK"
2026-09-27 00:58:00,447 [vuln-engine.intersystems] INFO: InterSystems: found 10 advisories on page
2026-09-27 00:58:00,449 [apscheduler.executors.default] INFO: Job "InterSystems Collector (trigger: interval[1:00:00], next run at: 2026-09-27 01:57:54 CEST)" executed successfully
2026-09-27 00:58:00,721 [httpx] INFO: HTTP Request: GET https://www.debian.org/security/dsa "HTTP/1.1 200 OK"
2026-09-27 00:58:00,766 [vuln-engine.vendor_rss] INFO: Vendor RSS [debian_dsa]: parsed 30 entries
2026-09-27 00:58:02,386 [httpx] INFO: HTTP Request: GET https://sec.cloudapps.cisco.com/security/center/psirtrss20/CiscoSecurityAdvisory.xml "HTTP/1.1 200 OK"
2026-09-27 00:58:02,702 [vuln-engine.vendor_rss] INFO: Vendor RSS [cisco]: parsed 50 entries
2026-09-27 00:58:02,739 [httpx] INFO: HTTP Request: GET https://www.cert.ssi.gouv.fr/avis/feed/ "HTTP/1.1 200 OK"
2026-09-27 00:58:02,761 [vuln-engine.vendor_rss] INFO: Vendor RSS [certfr_avis]: parsed 40 entries
2026-09-27 00:58:02,806 [httpx] INFO: HTTP Request: GET https://www.cert.ssi.gouv.fr/alerte/feed/ "HTTP/1.1 200 OK"
2026-09-27 00:58:02,832 [vuln-engine.vendor_rss] INFO: Vendor RSS [certfr_alertes]: parsed 40 entries
2026-09-27 00:58:03,031 [httpx] INFO: HTTP Request: GET https://cert.europa.eu/publications/security-advisories-rss "HTTP/1.1 200 OK"
2026-09-27 00:58:03,041 [vuln-engine.vendor_rss] INFO: Vendor RSS [cert_eu]: parsed 10 entries
2026-09-27 00:58:03,092 [httpx] INFO: HTTP Request: GET https://ubuntu.com/security/notices/rss.xml "HTTP/1.1 200 OK"
2026-09-27 00:58:03,102 [vuln-engine.vendor_rss] INFO: Vendor RSS [ubuntu]: parsed 10 entries
2026-09-27 00:58:03,394 [httpx] INFO: HTTP Request: GET https://access.redhat.com/errata-search/feed/?q=*&advisory_type=Security+Advisory&severity=Critical "HTTP/1.1 200 OK"
2026-09-27 00:58:03,466 [vuln-engine.vendor_rss] INFO: Vendor RSS [redhat]: parsed 0 entries
2026-09-27 00:58:03,466 [apscheduler.executors.default] INFO: Job "Vendor RSS Collector (trigger: interval[1:00:00], next run at: 2026-09-27 01:57:54 CEST)" executed successfully
2026-09-27 01:27:54,976 [apscheduler.executors.default] INFO: Running job "NVD Delta Collector (trigger: interval[0:30:00], next run at: 2026-09-27 01:57:54 CEST)" (scheduled at 2026-09-27 01:27:54.974422+02:00)
2026-09-27 01:27:54,978 [vuln-engine.scheduler] INFO: ⏰ Running NVD delta collector...
2026-09-27 01:27:56,086 [httpx] INFO: HTTP Request: GET https://services.nvd.nist.gov/rest/json/cves/2.0?lastModStartDate=2026-09-26T22%3A57%3A54.000&lastModEndDate=2026-09-26T23%3A27%3A54.000&cvssV3Severity=CRITICAL "HTTP/1.1 200 OK"
2026-09-27 01:27:56,088 [vuln-engine.nvd_delta] INFO: NVD delta: 1 critical CVE(s) since 2026-09-26T22:57:54.981855+00:00
2026-09-27 01:27:56,095 [vuln-engine.matching] INFO: Matching: 0/1 alerts matched
2026-09-27 01:27:56,095 [apscheduler.executors.default] INFO: Job "NVD Delta Collector (trigger: interval[0:30:00], next run at: 2026-09-27 01:57:54 CEST)" executed successfully
2026-09-27 01:57:54,978 [apscheduler.executors.default] INFO: Running job "NVD Delta Collector (trigger: interval[0:30:00], next run at: 2026-09-27 02:27:54 CEST)" (scheduled at 2026-09-27 01:57:54.974422+02:00)
2026-09-27 01:57:54,981 [vuln-engine.scheduler] INFO: ⏰ Running NVD delta collector...
2026-09-27 01:57:55,018 [apscheduler.executors.default] INFO: Running job "CISA KEV Collector (trigger: interval[1:00:00], next run at: 2026-09-27 02:57:54 CEST)" (scheduled at 2026-09-27 01:57:54.974597+02:00)
2026-09-27 01:57:55,019 [vuln-engine.scheduler] INFO: ⏰ Running CISA KEV collector...
2026-09-27 01:57:55,042 [apscheduler.executors.default] INFO: Running job "InterSystems Collector (trigger: interval[1:00:00], next run at: 2026-09-27 02:57:54 CEST)" (scheduled at 2026-09-27 01:57:54.974735+02:00)
2026-09-27 01:57:55,043 [vuln-engine.scheduler] INFO: ⏰ Running InterSystems collector...
2026-09-27 01:57:55,065 [apscheduler.executors.default] INFO: Running job "Vendor RSS Collector (trigger: interval[1:00:00], next run at: 2026-09-27 02:57:54 CEST)" (scheduled at 2026-09-27 01:57:54.974861+02:00)
2026-09-27 01:57:55,066 [vuln-engine.scheduler] INFO: ⏰ Running Vendor RSS collector...
2026-09-27 01:57:55,097 [apscheduler.executors.default] INFO: Running job "OCS Cache Refresh (trigger: interval[2:00:00], next run at: 2026-09-27 03:57:54 CEST)" (scheduled at 2026-09-27 01:57:54.974982+02:00)
2026-09-27 01:57:55,098 [vuln-engine.ocs_cache] INFO: Refreshing OCS inventory cache...
2026-09-27 01:57:55,208 [httpx] INFO: HTTP Request: GET https://www.cisa.gov/sites/default/files/feeds/known_exploited_vulnerabilities.json "HTTP/1.1 200 OK"
2026-09-27 01:57:55,473 [apscheduler.executors.default] INFO: Job "CISA KEV Collector (trigger: interval[1:00:00], next run at: 2026-09-27 02:57:54 CEST)" executed successfully
2026-09-27 01:57:55,709 [httpx] INFO: HTTP Request: GET https://api.msrc.microsoft.com/update-guide/rss "HTTP/1.1 200 OK"
2026-09-27 01:57:55,816 [httpx] INFO: HTTP Request: GET https://localhost/ocsapi/v1/computers/listID "HTTP/1.1 200 OK"
2026-09-27 01:57:56,328 [httpx] INFO: HTTP Request: GET https://services.nvd.nist.gov/rest/json/cves/2.0?lastModStartDate=2026-09-26T23%3A27%3A54.000&lastModEndDate=2026-09-26T23%3A57%3A54.000&cvssV3Severity=CRITICAL "HTTP/1.1 200 OK"
2026-09-27 01:57:56,330 [vuln-engine.nvd_delta] INFO: NVD delta: 0 critical CVE(s) since 2026-09-26T23:27:54.978291+00:00
2026-09-27 01:57:56,330 [apscheduler.executors.default] INFO: Job "NVD Delta Collector (trigger: interval[0:30:00], next run at: 2026-09-27 02:27:54 CEST)" executed successfully
2026-09-27 01:57:57,069 [httpx] INFO: HTTP Request: GET https://localhost/ocsapi/v1/computer/21/software "HTTP/1.1 200 OK"
2026-09-27 01:58:00,537 [vuln-engine.vendor_rss] INFO: Vendor RSS [microsoft_msrc]: parsed 5228 entries
2026-09-27 01:58:00,554 [httpx] INFO: HTTP Request: GET https://www.intersystems.com/support/product-alerts-advisories/ "HTTP/1.1 200 OK"
2026-09-27 01:58:00,556 [httpx] INFO: HTTP Request: GET https://localhost/ocsapi/v1/computer/32/software "HTTP/1.1 200 OK"
2026-09-27 01:58:00,659 [vuln-engine.intersystems] INFO: InterSystems: found 10 advisories on page
2026-09-27 01:58:00,659 [apscheduler.executors.default] INFO: Job "InterSystems Collector (trigger: interval[1:00:00], next run at: 2026-09-27 02:57:54 CEST)" executed successfully
2026-09-27 01:58:00,833 [httpx] INFO: HTTP Request: GET https://www.debian.org/security/dsa "HTTP/1.1 200 OK"
2026-09-27 01:58:00,873 [vuln-engine.vendor_rss] INFO: Vendor RSS [debian_dsa]: parsed 30 entries
2026-09-27 01:58:01,694 [httpx] INFO: HTTP Request: GET https://localhost/ocsapi/v1/computer/33/software "HTTP/1.1 200 OK"
2026-09-27 01:58:02,311 [httpx] INFO: HTTP Request: GET https://sec.cloudapps.cisco.com/security/center/psirtrss20/CiscoSecurityAdvisory.xml "HTTP/1.1 200 OK"
2026-09-27 01:58:02,465 [httpx] INFO: HTTP Request: GET https://localhost/ocsapi/v1/computer/14/software "HTTP/1.1 200 OK"
2026-09-27 01:58:02,701 [vuln-engine.vendor_rss] INFO: Vendor RSS [cisco]: parsed 50 entries
2026-09-27 01:58:02,747 [httpx] INFO: HTTP Request: GET https://www.cert.ssi.gouv.fr/avis/feed/ "HTTP/1.1 200 OK"
2026-09-27 01:58:02,772 [vuln-engine.vendor_rss] INFO: Vendor RSS [certfr_avis]: parsed 40 entries
2026-09-27 01:58:02,811 [httpx] INFO: HTTP Request: GET https://www.cert.ssi.gouv.fr/alerte/feed/ "HTTP/1.1 200 OK"
2026-09-27 01:58:02,837 [vuln-engine.vendor_rss] INFO: Vendor RSS [certfr_alertes]: parsed 40 entries
2026-09-27 01:58:02,924 [httpx] INFO: HTTP Request: GET https://localhost/ocsapi/v1/computer/15/software "HTTP/1.1 200 OK"
2026-09-27 01:58:03,030 [httpx] INFO: HTTP Request: GET https://cert.europa.eu/publications/security-advisories-rss "HTTP/1.1 200 OK"
2026-09-27 01:58:03,039 [vuln-engine.vendor_rss] INFO: Vendor RSS [cert_eu]: parsed 10 entries
2026-09-27 01:58:03,092 [httpx] INFO: HTTP Request: GET https://ubuntu.com/security/notices/rss.xml "HTTP/1.1 200 OK"
2026-09-27 01:58:03,102 [vuln-engine.vendor_rss] INFO: Vendor RSS [ubuntu]: parsed 10 entries
2026-09-27 01:58:03,207 [httpx] INFO: HTTP Request: GET https://localhost/ocsapi/v1/computer/4/software "HTTP/1.1 200 OK"
2026-09-27 01:58:03,388 [httpx] INFO: HTTP Request: GET https://access.redhat.com/errata-search/feed/?q=*&advisory_type=Security+Advisory&severity=Critical "HTTP/1.1 200 OK"
2026-09-27 01:58:03,464 [vuln-engine.vendor_rss] INFO: Vendor RSS [redhat]: parsed 0 entries
2026-09-27 01:58:03,464 [apscheduler.executors.default] INFO: Job "Vendor RSS Collector (trigger: interval[1:00:00], next run at: 2026-09-27 02:57:54 CEST)" executed successfully
2026-09-27 01:58:03,735 [httpx] INFO: HTTP Request: GET https://localhost/ocsapi/v1/computer/16/software "HTTP/1.1 200 OK"
2026-09-27 01:58:03,828 [httpx] INFO: HTTP Request: GET https://localhost/ocsapi/v1/computer/26/software "HTTP/1.1 200 OK"
2026-09-27 01:58:03,859 [httpx] INFO: HTTP Request: GET https://localhost/ocsapi/v1/computer/10/software "HTTP/1.1 200 OK"
2026-09-27 01:58:04,144 [httpx] INFO: HTTP Request: GET https://localhost/ocsapi/v1/computer/11/software "HTTP/1.1 200 OK"
2026-09-27 01:58:04,242 [httpx] INFO: HTTP Request: GET https://localhost/ocsapi/v1/computer/12/software "HTTP/1.1 200 OK"
2026-09-27 01:58:04,299 [httpx] INFO: HTTP Request: GET https://localhost/ocsapi/v1/computer/13/software "HTTP/1.1 200 OK"
2026-09-27 01:58:04,319 [vuln-engine.ocs_cache] INFO: OCS cache refreshed: 12 machines, 3812 unique packages
2026-09-27 01:58:04,320 [apscheduler.executors.default] INFO: Job "OCS Cache Refresh (trigger: interval[2:00:00], next run at: 2026-09-27 03:57:54 CEST)" executed successfully
2026-09-27 02:27:54,984 [apscheduler.executors.default] INFO: Running job "NVD Delta Collector (trigger: interval[0:30:00], next run at: 2026-09-27 02:57:54 CEST)" (scheduled at 2026-09-27 02:27:54.974422+02:00)
2026-09-27 02:27:54,990 [vuln-engine.scheduler] INFO: ⏰ Running NVD delta collector...
2026-09-27 02:27:56,224 [httpx] INFO: HTTP Request: GET https://services.nvd.nist.gov/rest/json/cves/2.0?lastModStartDate=2026-09-26T23%3A57%3A54.000&lastModEndDate=2026-09-27T00%3A27%3A54.000&cvssV3Severity=CRITICAL "HTTP/1.1 200 OK"
2026-09-27 02:27:56,227 [vuln-engine.nvd_delta] INFO: NVD delta: 0 critical CVE(s) since 2026-09-26T23:57:54.982333+00:00
2026-09-27 02:27:56,229 [apscheduler.executors.default] INFO: Job "NVD Delta Collector (trigger: interval[0:30:00], next run at: 2026-09-27 02:57:54 CEST)" executed successfully
2026-09-27 02:57:54,982 [apscheduler.executors.default] INFO: Running job "NVD Delta Collector (trigger: interval[0:30:00], next run at: 2026-09-27 03:27:54 CEST)" (scheduled at 2026-09-27 02:57:54.974422+02:00)
2026-09-27 02:57:54,983 [vuln-engine.scheduler] INFO: ⏰ Running NVD delta collector...
2026-09-27 02:57:55,026 [apscheduler.executors.default] INFO: Running job "CISA KEV Collector (trigger: interval[1:00:00], next run at: 2026-09-27 03:57:54 CEST)" (scheduled at 2026-09-27 02:57:54.974597+02:00)
2026-09-27 02:57:55,027 [vuln-engine.scheduler] INFO: ⏰ Running CISA KEV collector...
2026-09-27 02:57:55,064 [apscheduler.executors.default] INFO: Running job "InterSystems Collector (trigger: interval[1:00:00], next run at: 2026-09-27 03:57:54 CEST)" (scheduled at 2026-09-27 02:57:54.974735+02:00)
2026-09-27 02:57:55,067 [vuln-engine.scheduler] INFO: ⏰ Running InterSystems collector...
2026-09-27 02:57:55,104 [apscheduler.executors.default] INFO: Running job "Vendor RSS Collector (trigger: interval[1:00:00], next run at: 2026-09-27 03:57:54 CEST)" (scheduled at 2026-09-27 02:57:54.974861+02:00)
2026-09-27 02:57:55,109 [vuln-engine.scheduler] INFO: ⏰ Running Vendor RSS collector...
2026-09-27 02:57:55,261 [httpx] INFO: HTTP Request: GET https://www.cisa.gov/sites/default/files/feeds/known_exploited_vulnerabilities.json "HTTP/1.1 200 OK"
2026-09-27 02:57:55,529 [apscheduler.executors.default] INFO: Job "CISA KEV Collector (trigger: interval[1:00:00], next run at: 2026-09-27 03:57:54 CEST)" executed successfully
2026-09-27 02:57:55,730 [httpx] INFO: HTTP Request: GET https://api.msrc.microsoft.com/update-guide/rss "HTTP/1.1 200 OK"
2026-09-27 02:57:56,461 [httpx] INFO: HTTP Request: GET https://services.nvd.nist.gov/rest/json/cves/2.0?lastModStartDate=2026-09-27T00%3A27%3A54.000&lastModEndDate=2026-09-27T00%3A57%3A54.000&cvssV3Severity=CRITICAL "HTTP/1.1 200 OK"
2026-09-27 02:57:56,466 [vuln-engine.nvd_delta] INFO: NVD delta: 0 critical CVE(s) since 2026-09-27T00:27:54.991544+00:00
2026-09-27 02:57:56,466 [apscheduler.executors.default] INFO: Job "NVD Delta Collector (trigger: interval[0:30:00], next run at: 2026-09-27 03:27:54 CEST)" executed successfully
2026-09-27 02:58:00,703 [vuln-engine.vendor_rss] INFO: Vendor RSS [microsoft_msrc]: parsed 5228 entries
2026-09-27 02:58:00,721 [httpx] INFO: HTTP Request: GET https://www.intersystems.com/support/product-alerts-advisories/ "HTTP/1.1 200 OK"
2026-09-27 02:58:00,773 [vuln-engine.intersystems] INFO: InterSystems: found 10 advisories on page
2026-09-27 02:58:00,773 [apscheduler.executors.default] INFO: Job "InterSystems Collector (trigger: interval[1:00:00], next run at: 2026-09-27 03:57:54 CEST)" executed successfully
2026-09-27 02:58:00,958 [httpx] INFO: HTTP Request: GET https://www.debian.org/security/dsa "HTTP/1.1 200 OK"
2026-09-27 02:58:00,999 [vuln-engine.vendor_rss] INFO: Vendor RSS [debian_dsa]: parsed 30 entries
2026-09-27 02:58:02,409 [httpx] INFO: HTTP Request: GET https://sec.cloudapps.cisco.com/security/center/psirtrss20/CiscoSecurityAdvisory.xml "HTTP/1.1 200 OK"
2026-09-27 02:58:02,802 [vuln-engine.vendor_rss] INFO: Vendor RSS [cisco]: parsed 50 entries
2026-09-27 02:58:02,892 [httpx] INFO: HTTP Request: GET https://www.cert.ssi.gouv.fr/avis/feed/ "HTTP/1.1 200 OK"
2026-09-27 02:58:02,916 [vuln-engine.vendor_rss] INFO: Vendor RSS [certfr_avis]: parsed 40 entries
2026-09-27 02:58:02,953 [httpx] INFO: HTTP Request: GET https://www.cert.ssi.gouv.fr/alerte/feed/ "HTTP/1.1 200 OK"
2026-09-27 02:58:02,979 [vuln-engine.vendor_rss] INFO: Vendor RSS [certfr_alertes]: parsed 40 entries
2026-09-27 02:58:03,198 [httpx] INFO: HTTP Request: GET https://cert.europa.eu/publications/security-advisories-rss "HTTP/1.1 200 OK"
2026-09-27 02:58:03,204 [vuln-engine.vendor_rss] INFO: Vendor RSS [cert_eu]: parsed 10 entries
2026-09-27 02:58:03,512 [httpx] INFO: HTTP Request: GET https://ubuntu.com/security/notices/rss.xml "HTTP/1.1 200 OK"
2026-09-27 02:58:03,518 [vuln-engine.vendor_rss] INFO: Vendor RSS [ubuntu]: parsed 10 entries
2026-09-27 02:58:03,802 [httpx] INFO: HTTP Request: GET https://access.redhat.com/errata-search/feed/?q=*&advisory_type=Security+Advisory&severity=Critical "HTTP/1.1 200 OK"
2026-09-27 02:58:03,882 [vuln-engine.vendor_rss] INFO: Vendor RSS [redhat]: parsed 0 entries
2026-09-27 02:58:03,883 [apscheduler.executors.default] INFO: Job "Vendor RSS Collector (trigger: interval[1:00:00], next run at: 2026-09-27 03:57:54 CEST)" executed successfully
2026-09-27 03:27:54,976 [apscheduler.executors.default] INFO: Running job "NVD Delta Collector (trigger: interval[0:30:00], next run at: 2026-09-27 03:57:54 CEST)" (scheduled at 2026-09-27 03:27:54.974422+02:00)
2026-09-27 03:27:54,979 [vuln-engine.scheduler] INFO: ⏰ Running NVD delta collector...
2026-09-27 03:27:56,210 [httpx] INFO: HTTP Request: GET https://services.nvd.nist.gov/rest/json/cves/2.0?lastModStartDate=2026-09-27T00%3A57%3A54.000&lastModEndDate=2026-09-27T01%3A27%3A54.000&cvssV3Severity=CRITICAL "HTTP/1.1 200 OK"
2026-09-27 03:27:56,212 [vuln-engine.nvd_delta] INFO: NVD delta: 1 critical CVE(s) since 2026-09-27T00:57:54.983479+00:00
2026-09-27 03:27:56,224 [vuln-engine.matching] INFO: Matching: 0/1 alerts matched
2026-09-27 03:27:56,224 [apscheduler.executors.default] INFO: Job "NVD Delta Collector (trigger: interval[0:30:00], next run at: 2026-09-27 03:57:54 CEST)" executed successfully
2026-09-27 03:57:54,981 [apscheduler.executors.default] INFO: Running job "NVD Delta Collector (trigger: interval[0:30:00], next run at: 2026-09-27 04:27:54 CEST)" (scheduled at 2026-09-27 03:57:54.974422+02:00)
2026-09-27 03:57:54,983 [vuln-engine.scheduler] INFO: ⏰ Running NVD delta collector...
2026-09-27 03:57:55,009 [apscheduler.executors.default] INFO: Running job "CISA KEV Collector (trigger: interval[1:00:00], next run at: 2026-09-27 04:57:54 CEST)" (scheduled at 2026-09-27 03:57:54.974597+02:00)
2026-09-27 03:57:55,010 [vuln-engine.scheduler] INFO: ⏰ Running CISA KEV collector...
2026-09-27 03:57:55,031 [apscheduler.executors.default] INFO: Running job "InterSystems Collector (trigger: interval[1:00:00], next run at: 2026-09-27 04:57:54 CEST)" (scheduled at 2026-09-27 03:57:54.974735+02:00)
2026-09-27 03:57:55,032 [vuln-engine.scheduler] INFO: ⏰ Running InterSystems collector...
2026-09-27 03:57:55,066 [apscheduler.executors.default] INFO: Running job "Vendor RSS Collector (trigger: interval[1:00:00], next run at: 2026-09-27 04:57:54 CEST)" (scheduled at 2026-09-27 03:57:54.974861+02:00)
2026-09-27 03:57:55,067 [vuln-engine.scheduler] INFO: ⏰ Running Vendor RSS collector...
2026-09-27 03:57:55,092 [apscheduler.executors.default] INFO: Running job "OCS Cache Refresh (trigger: interval[2:00:00], next run at: 2026-09-27 05:57:54 CEST)" (scheduled at 2026-09-27 03:57:54.974982+02:00)
2026-09-27 03:57:55,093 [vuln-engine.ocs_cache] INFO: Refreshing OCS inventory cache...
2026-09-27 03:57:55,181 [httpx] INFO: HTTP Request: GET https://www.cisa.gov/sites/default/files/feeds/known_exploited_vulnerabilities.json "HTTP/1.1 200 OK"
2026-09-27 03:57:55,449 [apscheduler.executors.default] INFO: Job "CISA KEV Collector (trigger: interval[1:00:00], next run at: 2026-09-27 04:57:54 CEST)" executed successfully
2026-09-27 03:57:55,663 [httpx] INFO: HTTP Request: GET https://api.msrc.microsoft.com/update-guide/rss "HTTP/1.1 200 OK"
2026-09-27 03:57:55,843 [httpx] INFO: HTTP Request: GET https://localhost/ocsapi/v1/computers/listID "HTTP/1.1 200 OK"
2026-09-27 03:57:56,322 [httpx] INFO: HTTP Request: GET https://services.nvd.nist.gov/rest/json/cves/2.0?lastModStartDate=2026-09-27T01%3A27%3A54.000&lastModEndDate=2026-09-27T01%3A57%3A54.000&cvssV3Severity=CRITICAL "HTTP/1.1 200 OK"
2026-09-27 03:57:56,325 [vuln-engine.nvd_delta] INFO: NVD delta: 0 critical CVE(s) since 2026-09-27T01:27:54.979195+00:00
2026-09-27 03:57:56,325 [apscheduler.executors.default] INFO: Job "NVD Delta Collector (trigger: interval[0:30:00], next run at: 2026-09-27 04:27:54 CEST)" executed successfully
2026-09-27 03:57:59,930 [vuln-engine.vendor_rss] INFO: Vendor RSS [microsoft_msrc]: parsed 5228 entries
2026-09-27 03:57:59,949 [httpx] INFO: HTTP Request: GET https://localhost/ocsapi/v1/computer/21/software "HTTP/1.1 200 OK"
2026-09-27 03:57:59,951 [httpx] INFO: HTTP Request: GET https://www.intersystems.com/support/product-alerts-advisories/ "HTTP/1.1 200 OK"
2026-09-27 03:58:00,028 [vuln-engine.intersystems] INFO: InterSystems: found 10 advisories on page
2026-09-27 03:58:00,029 [apscheduler.executors.default] INFO: Job "InterSystems Collector (trigger: interval[1:00:00], next run at: 2026-09-27 04:57:54 CEST)" executed successfully
2026-09-27 03:58:00,265 [httpx] INFO: HTTP Request: GET https://www.debian.org/security/dsa "HTTP/1.1 200 OK"
2026-09-27 03:58:00,311 [vuln-engine.vendor_rss] INFO: Vendor RSS [debian_dsa]: parsed 30 entries
2026-09-27 03:58:01,033 [httpx] INFO: HTTP Request: GET https://localhost/ocsapi/v1/computer/32/software "HTTP/1.1 200 OK"
2026-09-27 03:58:01,957 [httpx] INFO: HTTP Request: GET https://sec.cloudapps.cisco.com/security/center/psirtrss20/CiscoSecurityAdvisory.xml "HTTP/1.1 200 OK"
2026-09-27 03:58:01,977 [httpx] INFO: HTTP Request: GET https://localhost/ocsapi/v1/computer/33/software "HTTP/1.1 200 OK"
2026-09-27 03:58:02,372 [vuln-engine.vendor_rss] INFO: Vendor RSS [cisco]: parsed 50 entries
2026-09-27 03:58:02,426 [httpx] INFO: HTTP Request: GET https://www.cert.ssi.gouv.fr/avis/feed/ "HTTP/1.1 200 OK"
2026-09-27 03:58:02,458 [vuln-engine.vendor_rss] INFO: Vendor RSS [certfr_avis]: parsed 40 entries
2026-09-27 03:58:02,506 [httpx] INFO: HTTP Request: GET https://www.cert.ssi.gouv.fr/alerte/feed/ "HTTP/1.1 200 OK"
2026-09-27 03:58:02,538 [vuln-engine.vendor_rss] INFO: Vendor RSS [certfr_alertes]: parsed 40 entries
2026-09-27 03:58:02,729 [httpx] INFO: HTTP Request: GET https://localhost/ocsapi/v1/computer/14/software "HTTP/1.1 200 OK"
2026-09-27 03:58:02,859 [httpx] INFO: HTTP Request: GET https://cert.europa.eu/publications/security-advisories-rss "HTTP/1.1 200 OK"
2026-09-27 03:58:02,869 [vuln-engine.vendor_rss] INFO: Vendor RSS [cert_eu]: parsed 10 entries
2026-09-27 03:58:02,932 [httpx] INFO: HTTP Request: GET https://ubuntu.com/security/notices/rss.xml "HTTP/1.1 200 OK"
2026-09-27 03:58:02,940 [vuln-engine.vendor_rss] INFO: Vendor RSS [ubuntu]: parsed 10 entries
2026-09-27 03:58:03,319 [httpx] INFO: HTTP Request: GET https://localhost/ocsapi/v1/computer/15/software "HTTP/1.1 200 OK"
2026-09-27 03:58:03,527 [httpx] INFO: HTTP Request: GET https://access.redhat.com/errata-search/feed/?q=*&advisory_type=Security+Advisory&severity=Critical "HTTP/1.1 200 OK"
2026-09-27 03:58:03,612 [vuln-engine.vendor_rss] INFO: Vendor RSS [redhat]: parsed 0 entries
2026-09-27 03:58:03,613 [apscheduler.executors.default] INFO: Job "Vendor RSS Collector (trigger: interval[1:00:00], next run at: 2026-09-27 04:57:54 CEST)" executed successfully
2026-09-27 03:58:04,313 [httpx] INFO: HTTP Request: GET https://localhost/ocsapi/v1/computer/4/software "HTTP/1.1 200 OK"
2026-09-27 03:58:04,824 [httpx] INFO: HTTP Request: GET https://localhost/ocsapi/v1/computer/16/software "HTTP/1.1 200 OK"
2026-09-27 03:58:04,901 [httpx] INFO: HTTP Request: GET https://localhost/ocsapi/v1/computer/26/software "HTTP/1.1 200 OK"
2026-09-27 03:58:04,927 [httpx] INFO: HTTP Request: GET https://localhost/ocsapi/v1/computer/10/software "HTTP/1.1 200 OK"
2026-09-27 03:58:05,160 [httpx] INFO: HTTP Request: GET https://localhost/ocsapi/v1/computer/11/software "HTTP/1.1 200 OK"
2026-09-27 03:58:05,274 [httpx] INFO: HTTP Request: GET https://localhost/ocsapi/v1/computer/12/software "HTTP/1.1 200 OK"
2026-09-27 03:58:05,347 [httpx] INFO: HTTP Request: GET https://localhost/ocsapi/v1/computer/13/software "HTTP/1.1 200 OK"
2026-09-27 03:58:05,368 [vuln-engine.ocs_cache] INFO: OCS cache refreshed: 12 machines, 3812 unique packages
2026-09-27 03:58:05,368 [apscheduler.executors.default] INFO: Job "OCS Cache Refresh (trigger: interval[2:00:00], next run at: 2026-09-27 05:57:54 CEST)" executed successfully
2026-09-27 04:27:54,984 [apscheduler.executors.default] INFO: Running job "NVD Delta Collector (trigger: interval[0:30:00], next run at: 2026-09-27 04:57:54 CEST)" (scheduled at 2026-09-27 04:27:54.974422+02:00)
2026-09-27 04:27:54,987 [vuln-engine.scheduler] INFO: ⏰ Running NVD delta collector...
2026-09-27 04:27:56,436 [httpx] INFO: HTTP Request: GET https://services.nvd.nist.gov/rest/json/cves/2.0?lastModStartDate=2026-09-27T01%3A57%3A54.000&lastModEndDate=2026-09-27T02%3A27%3A54.000&cvssV3Severity=CRITICAL "HTTP/1.1 200 OK"
2026-09-27 04:27:56,438 [vuln-engine.nvd_delta] INFO: NVD delta: 1 critical CVE(s) since 2026-09-27T01:57:54.983229+00:00
2026-09-27 04:27:56,442 [vuln-engine.matching] INFO: Matching: 0/1 alerts matched
2026-09-27 04:27:56,442 [apscheduler.executors.default] INFO: Job "NVD Delta Collector (trigger: interval[0:30:00], next run at: 2026-09-27 04:57:54 CEST)" executed successfully
2026-09-27 04:57:54,979 [apscheduler.executors.default] INFO: Running job "NVD Delta Collector (trigger: interval[0:30:00], next run at: 2026-09-27 05:27:54 CEST)" (scheduled at 2026-09-27 04:57:54.974422+02:00)
2026-09-27 04:57:54,981 [vuln-engine.scheduler] INFO: ⏰ Running NVD delta collector...
2026-09-27 04:57:55,018 [apscheduler.executors.default] INFO: Running job "CISA KEV Collector (trigger: interval[1:00:00], next run at: 2026-09-27 05:57:54 CEST)" (scheduled at 2026-09-27 04:57:54.974597+02:00)
2026-09-27 04:57:55,018 [vuln-engine.scheduler] INFO: ⏰ Running CISA KEV collector...
2026-09-27 04:57:55,053 [apscheduler.executors.default] INFO: Running job "InterSystems Collector (trigger: interval[1:00:00], next run at: 2026-09-27 05:57:54 CEST)" (scheduled at 2026-09-27 04:57:54.974735+02:00)
2026-09-27 04:57:55,054 [vuln-engine.scheduler] INFO: ⏰ Running InterSystems collector...
2026-09-27 04:57:55,087 [apscheduler.executors.default] INFO: Running job "Vendor RSS Collector (trigger: interval[1:00:00], next run at: 2026-09-27 05:57:54 CEST)" (scheduled at 2026-09-27 04:57:54.974861+02:00)
2026-09-27 04:57:55,088 [vuln-engine.scheduler] INFO: ⏰ Running Vendor RSS collector...
2026-09-27 04:57:55,235 [httpx] INFO: HTTP Request: GET https://www.cisa.gov/sites/default/files/feeds/known_exploited_vulnerabilities.json "HTTP/1.1 200 OK"
2026-09-27 04:57:55,459 [apscheduler.executors.default] INFO: Job "CISA KEV Collector (trigger: interval[1:00:00], next run at: 2026-09-27 05:57:54 CEST)" executed successfully
2026-09-27 04:57:55,727 [httpx] INFO: HTTP Request: GET https://api.msrc.microsoft.com/update-guide/rss "HTTP/1.1 200 OK"
2026-09-27 04:57:56,300 [httpx] INFO: HTTP Request: GET https://services.nvd.nist.gov/rest/json/cves/2.0?lastModStartDate=2026-09-27T02%3A27%3A54.000&lastModEndDate=2026-09-27T02%3A57%3A54.000&cvssV3Severity=CRITICAL "HTTP/1.1 200 OK"
2026-09-27 04:57:56,301 [vuln-engine.nvd_delta] INFO: NVD delta: 0 critical CVE(s) since 2026-09-27T02:27:54.988189+00:00
2026-09-27 04:57:56,302 [apscheduler.executors.default] INFO: Job "NVD Delta Collector (trigger: interval[0:30:00], next run at: 2026-09-27 05:27:54 CEST)" executed successfully
2026-09-27 04:58:00,394 [vuln-engine.vendor_rss] INFO: Vendor RSS [microsoft_msrc]: parsed 5228 entries
2026-09-27 04:58:00,412 [httpx] INFO: HTTP Request: GET https://www.intersystems.com/support/product-alerts-advisories/ "HTTP/1.1 200 OK"
2026-09-27 04:58:00,531 [vuln-engine.intersystems] INFO: InterSystems: found 10 advisories on page
2026-09-27 04:58:00,531 [apscheduler.executors.default] INFO: Job "InterSystems Collector (trigger: interval[1:00:00], next run at: 2026-09-27 05:57:54 CEST)" executed successfully
2026-09-27 04:58:00,706 [httpx] INFO: HTTP Request: GET https://www.debian.org/security/dsa "HTTP/1.1 200 OK"
2026-09-27 04:58:00,743 [vuln-engine.vendor_rss] INFO: Vendor RSS [debian_dsa]: parsed 30 entries
2026-09-27 04:58:02,221 [httpx] INFO: HTTP Request: GET https://sec.cloudapps.cisco.com/security/center/psirtrss20/CiscoSecurityAdvisory.xml "HTTP/1.1 200 OK"
2026-09-27 04:58:02,612 [vuln-engine.vendor_rss] INFO: Vendor RSS [cisco]: parsed 50 entries
2026-09-27 04:58:02,654 [httpx] INFO: HTTP Request: GET https://www.cert.ssi.gouv.fr/avis/feed/ "HTTP/1.1 200 OK"
2026-09-27 04:58:02,676 [vuln-engine.vendor_rss] INFO: Vendor RSS [certfr_avis]: parsed 40 entries
2026-09-27 04:58:02,708 [httpx] INFO: HTTP Request: GET https://www.cert.ssi.gouv.fr/alerte/feed/ "HTTP/1.1 200 OK"
2026-09-27 04:58:02,731 [vuln-engine.vendor_rss] INFO: Vendor RSS [certfr_alertes]: parsed 40 entries
2026-09-27 04:58:03,003 [httpx] INFO: HTTP Request: GET https://cert.europa.eu/publications/security-advisories-rss "HTTP/1.1 200 OK"
2026-09-27 04:58:03,012 [vuln-engine.vendor_rss] INFO: Vendor RSS [cert_eu]: parsed 10 entries
2026-09-27 04:58:03,320 [httpx] INFO: HTTP Request: GET https://ubuntu.com/security/notices/rss.xml "HTTP/1.1 200 OK"
2026-09-27 04:58:03,331 [vuln-engine.vendor_rss] INFO: Vendor RSS [ubuntu]: parsed 10 entries
2026-09-27 04:58:03,594 [httpx] INFO: HTTP Request: GET https://access.redhat.com/errata-search/feed/?q=*&advisory_type=Security+Advisory&severity=Critical "HTTP/1.1 200 OK"
2026-09-27 04:58:03,667 [vuln-engine.vendor_rss] INFO: Vendor RSS [redhat]: parsed 0 entries
2026-09-27 04:58:03,669 [apscheduler.executors.default] INFO: Job "Vendor RSS Collector (trigger: interval[1:00:00], next run at: 2026-09-27 05:57:54 CEST)" executed successfully
2026-09-27 05:27:54,976 [apscheduler.executors.default] INFO: Running job "NVD Delta Collector (trigger: interval[0:30:00], next run at: 2026-09-27 05:57:54 CEST)" (scheduled at 2026-09-27 05:27:54.974422+02:00)
2026-09-27 05:27:54,977 [vuln-engine.scheduler] INFO: ⏰ Running NVD delta collector...
2026-09-27 05:27:56,084 [httpx] INFO: HTTP Request: GET https://services.nvd.nist.gov/rest/json/cves/2.0?lastModStartDate=2026-09-27T02%3A57%3A54.000&lastModEndDate=2026-09-27T03%3A27%3A54.000&cvssV3Severity=CRITICAL "HTTP/1.1 200 OK"
2026-09-27 05:27:56,086 [vuln-engine.nvd_delta] INFO: NVD delta: 0 critical CVE(s) since 2026-09-27T02:57:54.981512+00:00
2026-09-27 05:27:56,086 [apscheduler.executors.default] INFO: Job "NVD Delta Collector (trigger: interval[0:30:00], next run at: 2026-09-27 05:57:54 CEST)" executed successfully
2026-09-27 05:57:54,977 [apscheduler.executors.default] INFO: Running job "NVD Delta Collector (trigger: interval[0:30:00], next run at: 2026-09-27 06:27:54 CEST)" (scheduled at 2026-09-27 05:57:54.974422+02:00)
2026-09-27 05:57:54,978 [vuln-engine.scheduler] INFO: ⏰ Running NVD delta collector...
2026-09-27 05:57:55,007 [apscheduler.executors.default] INFO: Running job "CISA KEV Collector (trigger: interval[1:00:00], next run at: 2026-09-27 06:57:54 CEST)" (scheduled at 2026-09-27 05:57:54.974597+02:00)
2026-09-27 05:57:55,008 [vuln-engine.scheduler] INFO: ⏰ Running CISA KEV collector...
2026-09-27 05:57:55,042 [apscheduler.executors.default] INFO: Running job "InterSystems Collector (trigger: interval[1:00:00], next run at: 2026-09-27 06:57:54 CEST)" (scheduled at 2026-09-27 05:57:54.974735+02:00)
2026-09-27 05:57:55,043 [vuln-engine.scheduler] INFO: ⏰ Running InterSystems collector...
2026-09-27 05:57:55,084 [apscheduler.executors.default] INFO: Running job "Vendor RSS Collector (trigger: interval[1:00:00], next run at: 2026-09-27 06:57:54 CEST)" (scheduled at 2026-09-27 05:57:54.974861+02:00)
2026-09-27 05:57:55,085 [vuln-engine.scheduler] INFO: ⏰ Running Vendor RSS collector...
2026-09-27 05:57:55,125 [apscheduler.executors.default] INFO: Running job "OCS Cache Refresh (trigger: interval[2:00:00], next run at: 2026-09-27 07:57:54 CEST)" (scheduled at 2026-09-27 05:57:54.974982+02:00)
2026-09-27 05:57:55,125 [vuln-engine.ocs_cache] INFO: Refreshing OCS inventory cache...
2026-09-27 05:57:55,227 [httpx] INFO: HTTP Request: GET https://www.cisa.gov/sites/default/files/feeds/known_exploited_vulnerabilities.json "HTTP/1.1 200 OK"
2026-09-27 05:57:55,298 [apscheduler.executors.default] INFO: Job "CISA KEV Collector (trigger: interval[1:00:00], next run at: 2026-09-27 06:57:54 CEST)" executed successfully
2026-09-27 05:57:55,714 [httpx] INFO: HTTP Request: GET https://api.msrc.microsoft.com/update-guide/rss "HTTP/1.1 200 OK"
2026-09-27 05:57:55,871 [httpx] INFO: HTTP Request: GET https://localhost/ocsapi/v1/computers/listID "HTTP/1.1 200 OK"
2026-09-27 05:57:56,179 [httpx] INFO: HTTP Request: GET https://services.nvd.nist.gov/rest/json/cves/2.0?lastModStartDate=2026-09-27T03%3A27%3A54.000&lastModEndDate=2026-09-27T03%3A57%3A54.000&cvssV3Severity=CRITICAL "HTTP/1.1 200 OK"
2026-09-27 05:57:56,180 [vuln-engine.nvd_delta] INFO: NVD delta: 0 critical CVE(s) since 2026-09-27T03:27:54.978014+00:00
2026-09-27 05:57:56,180 [apscheduler.executors.default] INFO: Job "NVD Delta Collector (trigger: interval[0:30:00], next run at: 2026-09-27 06:27:54 CEST)" executed successfully
2026-09-27 05:57:56,948 [httpx] INFO: HTTP Request: GET https://localhost/ocsapi/v1/computer/21/software "HTTP/1.1 200 OK"
2026-09-27 05:57:59,344 [vuln-engine.vendor_rss] INFO: Vendor RSS [microsoft_msrc]: parsed 5228 entries
2026-09-27 05:57:59,362 [httpx] INFO: HTTP Request: GET https://www.intersystems.com/support/product-alerts-advisories/ "HTTP/1.1 200 OK"
2026-09-27 05:57:59,364 [httpx] INFO: HTTP Request: GET https://localhost/ocsapi/v1/computer/32/software "HTTP/1.1 200 OK"
2026-09-27 05:57:59,397 [vuln-engine.intersystems] INFO: InterSystems: found 10 advisories on page
2026-09-27 05:57:59,398 [apscheduler.executors.default] INFO: Job "InterSystems Collector (trigger: interval[1:00:00], next run at: 2026-09-27 06:57:54 CEST)" executed successfully
2026-09-27 05:57:59,466 [httpx] INFO: HTTP Request: GET https://www.debian.org/security/dsa "HTTP/1.1 200 OK"
2026-09-27 05:57:59,505 [vuln-engine.vendor_rss] INFO: Vendor RSS [debian_dsa]: parsed 30 entries
2026-09-27 05:58:00,288 [httpx] INFO: HTTP Request: GET https://localhost/ocsapi/v1/computer/33/software "HTTP/1.1 200 OK"
2026-09-27 05:58:00,894 [httpx] INFO: HTTP Request: GET https://sec.cloudapps.cisco.com/security/center/psirtrss20/CiscoSecurityAdvisory.xml "HTTP/1.1 200 OK"
2026-09-27 05:58:00,915 [httpx] INFO: HTTP Request: GET https://localhost/ocsapi/v1/computer/14/software "HTTP/1.1 200 OK"
2026-09-27 05:58:01,274 [vuln-engine.vendor_rss] INFO: Vendor RSS [cisco]: parsed 50 entries
2026-09-27 05:58:01,314 [httpx] INFO: HTTP Request: GET https://www.cert.ssi.gouv.fr/avis/feed/ "HTTP/1.1 200 OK"
2026-09-27 05:58:01,331 [vuln-engine.vendor_rss] INFO: Vendor RSS [certfr_avis]: parsed 40 entries
2026-09-27 05:58:01,363 [httpx] INFO: HTTP Request: GET https://www.cert.ssi.gouv.fr/alerte/feed/ "HTTP/1.1 200 OK"
2026-09-27 05:58:01,386 [vuln-engine.vendor_rss] INFO: Vendor RSS [certfr_alertes]: parsed 40 entries
2026-09-27 05:58:01,579 [httpx] INFO: HTTP Request: GET https://localhost/ocsapi/v1/computer/15/software "HTTP/1.1 200 OK"
2026-09-27 05:58:01,611 [httpx] INFO: HTTP Request: GET https://cert.europa.eu/publications/security-advisories-rss "HTTP/1.1 200 OK"
2026-09-27 05:58:01,622 [vuln-engine.vendor_rss] INFO: Vendor RSS [cert_eu]: parsed 10 entries
2026-09-27 05:58:01,678 [httpx] INFO: HTTP Request: GET https://ubuntu.com/security/notices/rss.xml "HTTP/1.1 200 OK"
2026-09-27 05:58:01,684 [vuln-engine.vendor_rss] INFO: Vendor RSS [ubuntu]: parsed 10 entries
2026-09-27 05:58:01,971 [httpx] INFO: HTTP Request: GET https://access.redhat.com/errata-search/feed/?q=*&advisory_type=Security+Advisory&severity=Critical "HTTP/1.1 200 OK"
2026-09-27 05:58:02,028 [vuln-engine.vendor_rss] INFO: Vendor RSS [redhat]: parsed 0 entries
2026-09-27 05:58:02,028 [apscheduler.executors.default] INFO: Job "Vendor RSS Collector (trigger: interval[1:00:00], next run at: 2026-09-27 06:57:54 CEST)" executed successfully
2026-09-27 05:58:02,552 [httpx] INFO: HTTP Request: GET https://localhost/ocsapi/v1/computer/4/software "HTTP/1.1 200 OK"
2026-09-27 05:58:03,068 [httpx] INFO: HTTP Request: GET https://localhost/ocsapi/v1/computer/16/software "HTTP/1.1 200 OK"
2026-09-27 05:58:03,133 [httpx] INFO: HTTP Request: GET https://localhost/ocsapi/v1/computer/26/software "HTTP/1.1 200 OK"
2026-09-27 05:58:03,159 [httpx] INFO: HTTP Request: GET https://localhost/ocsapi/v1/computer/10/software "HTTP/1.1 200 OK"
2026-09-27 05:58:03,374 [httpx] INFO: HTTP Request: GET https://localhost/ocsapi/v1/computer/11/software "HTTP/1.1 200 OK"
2026-09-27 05:58:03,911 [httpx] INFO: HTTP Request: GET https://localhost/ocsapi/v1/computer/12/software "HTTP/1.1 200 OK"
2026-09-27 05:58:04,002 [httpx] INFO: HTTP Request: GET https://localhost/ocsapi/v1/computer/13/software "HTTP/1.1 200 OK"
2026-09-27 05:58:04,015 [vuln-engine.ocs_cache] INFO: OCS cache refreshed: 12 machines, 3812 unique packages
2026-09-27 05:58:04,016 [apscheduler.executors.default] INFO: Job "OCS Cache Refresh (trigger: interval[2:00:00], next run at: 2026-09-27 07:57:54 CEST)" executed successfully
2026-09-27 06:27:54,976 [apscheduler.executors.default] INFO: Running job "NVD Delta Collector (trigger: interval[0:30:00], next run at: 2026-09-27 06:57:54 CEST)" (scheduled at 2026-09-27 06:27:54.974422+02:00)
2026-09-27 06:27:54,977 [vuln-engine.scheduler] INFO: ⏰ Running NVD delta collector...
2026-09-27 06:27:57,257 [httpx] INFO: HTTP Request: GET https://services.nvd.nist.gov/rest/json/cves/2.0?lastModStartDate=2026-09-27T03%3A57%3A54.000&lastModEndDate=2026-09-27T04%3A27%3A54.000&cvssV3Severity=CRITICAL "HTTP/1.1 200 OK"
2026-09-27 06:27:57,258 [vuln-engine.nvd_delta] INFO: NVD delta: 0 critical CVE(s) since 2026-09-27T03:57:54.978811+00:00
2026-09-27 06:27:57,259 [apscheduler.executors.default] INFO: Job "NVD Delta Collector (trigger: interval[0:30:00], next run at: 2026-09-27 06:57:54 CEST)" executed successfully
2026-09-27 06:57:54,977 [apscheduler.executors.default] INFO: Running job "NVD Delta Collector (trigger: interval[0:30:00], next run at: 2026-09-27 07:27:54 CEST)" (scheduled at 2026-09-27 06:57:54.974422+02:00)
2026-09-27 06:57:54,977 [vuln-engine.scheduler] INFO: ⏰ Running NVD delta collector...
2026-09-27 06:57:54,995 [apscheduler.executors.default] INFO: Running job "CISA KEV Collector (trigger: interval[1:00:00], next run at: 2026-09-27 07:57:54 CEST)" (scheduled at 2026-09-27 06:57:54.974597+02:00)
2026-09-27 06:57:54,995 [vuln-engine.scheduler] INFO: ⏰ Running CISA KEV collector...
2026-09-27 06:57:55,007 [apscheduler.executors.default] INFO: Running job "InterSystems Collector (trigger: interval[1:00:00], next run at: 2026-09-27 07:57:54 CEST)" (scheduled at 2026-09-27 06:57:54.974735+02:00)
2026-09-27 06:57:55,008 [vuln-engine.scheduler] INFO: ⏰ Running InterSystems collector...
2026-09-27 06:57:55,021 [apscheduler.executors.default] INFO: Running job "Vendor RSS Collector (trigger: interval[1:00:00], next run at: 2026-09-27 07:57:54 CEST)" (scheduled at 2026-09-27 06:57:54.974861+02:00)
2026-09-27 06:57:55,021 [vuln-engine.scheduler] INFO: ⏰ Running Vendor RSS collector...
2026-09-27 06:57:55,120 [httpx] INFO: HTTP Request: GET https://www.cisa.gov/sites/default/files/feeds/known_exploited_vulnerabilities.json "HTTP/1.1 200 OK"
2026-09-27 06:57:55,165 [apscheduler.executors.default] INFO: Job "CISA KEV Collector (trigger: interval[1:00:00], next run at: 2026-09-27 07:57:54 CEST)" executed successfully
2026-09-27 06:57:55,606 [httpx] INFO: HTTP Request: GET https://api.msrc.microsoft.com/update-guide/rss "HTTP/1.1 200 OK"
2026-09-27 06:57:56,102 [httpx] INFO: HTTP Request: GET https://services.nvd.nist.gov/rest/json/cves/2.0?lastModStartDate=2026-09-27T04%3A27%3A54.000&lastModEndDate=2026-09-27T04%3A57%3A54.000&cvssV3Severity=CRITICAL "HTTP/1.1 200 OK"
2026-09-27 06:57:56,104 [vuln-engine.nvd_delta] INFO: NVD delta: 0 critical CVE(s) since 2026-09-27T04:27:54.977272+00:00
2026-09-27 06:57:56,104 [apscheduler.executors.default] INFO: Job "NVD Delta Collector (trigger: interval[0:30:00], next run at: 2026-09-27 07:27:54 CEST)" executed successfully
2026-09-27 06:57:59,303 [vuln-engine.vendor_rss] INFO: Vendor RSS [microsoft_msrc]: parsed 5228 entries
2026-09-27 06:57:59,319 [httpx] INFO: HTTP Request: GET https://www.intersystems.com/support/product-alerts-advisories/ "HTTP/1.1 200 OK"
2026-09-27 06:57:59,327 [vuln-engine.intersystems] INFO: InterSystems: found 10 advisories on page
2026-09-27 06:57:59,327 [apscheduler.executors.default] INFO: Job "InterSystems Collector (trigger: interval[1:00:00], next run at: 2026-09-27 07:57:54 CEST)" executed successfully
2026-09-27 06:57:59,388 [httpx] INFO: HTTP Request: GET https://www.debian.org/security/dsa "HTTP/1.1 200 OK"
2026-09-27 06:57:59,414 [vuln-engine.vendor_rss] INFO: Vendor RSS [debian_dsa]: parsed 30 entries
2026-09-27 06:58:00,790 [httpx] INFO: HTTP Request: GET https://sec.cloudapps.cisco.com/security/center/psirtrss20/CiscoSecurityAdvisory.xml "HTTP/1.1 200 OK"
2026-09-27 06:58:01,161 [vuln-engine.vendor_rss] INFO: Vendor RSS [cisco]: parsed 50 entries
2026-09-27 06:58:01,200 [httpx] INFO: HTTP Request: GET https://www.cert.ssi.gouv.fr/avis/feed/ "HTTP/1.1 200 OK"
2026-09-27 06:58:01,216 [vuln-engine.vendor_rss] INFO: Vendor RSS [certfr_avis]: parsed 40 entries
2026-09-27 06:58:01,254 [httpx] INFO: HTTP Request: GET https://www.cert.ssi.gouv.fr/alerte/feed/ "HTTP/1.1 200 OK"
2026-09-27 06:58:01,272 [vuln-engine.vendor_rss] INFO: Vendor RSS [certfr_alertes]: parsed 40 entries
2026-09-27 06:58:01,625 [httpx] INFO: HTTP Request: GET https://cert.europa.eu/publications/security-advisories-rss "HTTP/1.1 200 OK"
2026-09-27 06:58:01,632 [vuln-engine.vendor_rss] INFO: Vendor RSS [cert_eu]: parsed 10 entries
2026-09-27 06:58:01,681 [httpx] INFO: HTTP Request: GET https://ubuntu.com/security/notices/rss.xml "HTTP/1.1 200 OK"
2026-09-27 06:58:01,687 [vuln-engine.vendor_rss] INFO: Vendor RSS [ubuntu]: parsed 10 entries
2026-09-27 06:58:02,253 [httpx] INFO: HTTP Request: GET https://access.redhat.com/errata-search/feed/?q=*&advisory_type=Security+Advisory&severity=Critical "HTTP/1.1 200 OK"
2026-09-27 06:58:02,315 [vuln-engine.vendor_rss] INFO: Vendor RSS [redhat]: parsed 0 entries
2026-09-27 06:58:02,315 [apscheduler.executors.default] INFO: Job "Vendor RSS Collector (trigger: interval[1:00:00], next run at: 2026-09-27 07:57:54 CEST)" executed successfully
2026-09-27 07:27:54,976 [apscheduler.executors.default] INFO: Running job "NVD Delta Collector (trigger: interval[0:30:00], next run at: 2026-09-27 07:57:54 CEST)" (scheduled at 2026-09-27 07:27:54.974422+02:00)
2026-09-27 07:27:54,976 [vuln-engine.scheduler] INFO: ⏰ Running NVD delta collector...
2026-09-27 07:27:57,200 [httpx] INFO: HTTP Request: GET https://services.nvd.nist.gov/rest/json/cves/2.0?lastModStartDate=2026-09-27T04%3A57%3A54.000&lastModEndDate=2026-09-27T05%3A27%3A54.000&cvssV3Severity=CRITICAL "HTTP/1.1 200 OK"
2026-09-27 07:27:57,202 [vuln-engine.nvd_delta] INFO: NVD delta: 0 critical CVE(s) since 2026-09-27T04:57:54.978078+00:00
2026-09-27 07:27:57,202 [apscheduler.executors.default] INFO: Job "NVD Delta Collector (trigger: interval[0:30:00], next run at: 2026-09-27 07:57:54 CEST)" executed successfully
2026-09-27 07:57:54,993 [apscheduler.executors.default] INFO: Running job "NVD Delta Collector (trigger: interval[0:30:00], next run at: 2026-09-27 08:27:54 CEST)" (scheduled at 2026-09-27 07:57:54.974422+02:00)
2026-09-27 07:57:54,994 [vuln-engine.scheduler] INFO: ⏰ Running NVD delta collector...
2026-09-27 07:57:55,011 [apscheduler.executors.default] INFO: Running job "CISA KEV Collector (trigger: interval[1:00:00], next run at: 2026-09-27 08:57:54 CEST)" (scheduled at 2026-09-27 07:57:54.974597+02:00)
2026-09-27 07:57:55,012 [vuln-engine.scheduler] INFO: ⏰ Running CISA KEV collector...
2026-09-27 07:57:55,024 [apscheduler.executors.default] INFO: Running job "InterSystems Collector (trigger: interval[1:00:00], next run at: 2026-09-27 08:57:54 CEST)" (scheduled at 2026-09-27 07:57:54.974735+02:00)
2026-09-27 07:57:55,024 [vuln-engine.scheduler] INFO: ⏰ Running InterSystems collector...
2026-09-27 07:57:55,036 [apscheduler.executors.default] INFO: Running job "Vendor RSS Collector (trigger: interval[1:00:00], next run at: 2026-09-27 08:57:54 CEST)" (scheduled at 2026-09-27 07:57:54.974861+02:00)
2026-09-27 07:57:55,037 [vuln-engine.scheduler] INFO: ⏰ Running Vendor RSS collector...
2026-09-27 07:57:55,049 [apscheduler.executors.default] INFO: Running job "OCS Cache Refresh (trigger: interval[2:00:00], next run at: 2026-09-27 09:57:54 CEST)" (scheduled at 2026-09-27 07:57:54.974982+02:00)
2026-09-27 07:57:55,050 [vuln-engine.ocs_cache] INFO: Refreshing OCS inventory cache...
2026-09-27 07:57:55,081 [httpx] INFO: HTTP Request: GET https://localhost/ocsapi/v1/computers/listID "HTTP/1.1 200 OK"
2026-09-27 07:57:55,142 [httpx] INFO: HTTP Request: GET https://www.cisa.gov/sites/default/files/feeds/known_exploited_vulnerabilities.json "HTTP/1.1 200 OK"
2026-09-27 07:57:55,202 [apscheduler.executors.default] INFO: Job "CISA KEV Collector (trigger: interval[1:00:00], next run at: 2026-09-27 08:57:54 CEST)" executed successfully
2026-09-27 07:57:55,203 [httpx] INFO: HTTP Request: GET https://localhost/ocsapi/v1/computer/21/software "HTTP/1.1 200 OK"
2026-09-27 07:57:55,272 [httpx] INFO: HTTP Request: GET https://localhost/ocsapi/v1/computer/32/software "HTTP/1.1 200 OK"
2026-09-27 07:57:55,329 [httpx] INFO: HTTP Request: GET https://localhost/ocsapi/v1/computer/33/software "HTTP/1.1 200 OK"
2026-09-27 07:57:55,352 [httpx] INFO: HTTP Request: GET https://localhost/ocsapi/v1/computer/14/software "HTTP/1.1 200 OK"
2026-09-27 07:57:55,374 [httpx] INFO: HTTP Request: GET https://localhost/ocsapi/v1/computer/15/software "HTTP/1.1 200 OK"
2026-09-27 07:57:55,453 [httpx] INFO: HTTP Request: GET https://localhost/ocsapi/v1/computer/4/software "HTTP/1.1 200 OK"
2026-09-27 07:57:55,524 [httpx] INFO: HTTP Request: GET https://localhost/ocsapi/v1/computer/16/software "HTTP/1.1 200 OK"
2026-09-27 07:57:55,567 [httpx] INFO: HTTP Request: GET https://localhost/ocsapi/v1/computer/26/software "HTTP/1.1 200 OK"
2026-09-27 07:57:55,584 [httpx] INFO: HTTP Request: GET https://localhost/ocsapi/v1/computer/10/software "HTTP/1.1 200 OK"
2026-09-27 07:57:55,644 [httpx] INFO: HTTP Request: GET https://localhost/ocsapi/v1/computer/11/software "HTTP/1.1 200 OK"
2026-09-27 07:57:55,646 [httpx] INFO: HTTP Request: GET https://api.msrc.microsoft.com/update-guide/rss "HTTP/1.1 200 OK"
2026-09-27 07:57:55,678 [httpx] INFO: HTTP Request: GET https://localhost/ocsapi/v1/computer/12/software "HTTP/1.1 200 OK"
2026-09-27 07:57:55,696 [httpx] INFO: HTTP Request: GET https://localhost/ocsapi/v1/computer/13/software "HTTP/1.1 200 OK"
2026-09-27 07:57:55,701 [vuln-engine.ocs_cache] INFO: OCS cache refreshed: 12 machines, 3812 unique packages
2026-09-27 07:57:55,702 [apscheduler.executors.default] INFO: Job "OCS Cache Refresh (trigger: interval[2:00:00], next run at: 2026-09-27 09:57:54 CEST)" executed successfully
2026-09-27 07:57:56,329 [httpx] INFO: HTTP Request: GET https://services.nvd.nist.gov/rest/json/cves/2.0?lastModStartDate=2026-09-27T05%3A27%3A54.000&lastModEndDate=2026-09-27T05%3A57%3A54.000&cvssV3Severity=CRITICAL "HTTP/1.1 200 OK"
2026-09-27 07:57:56,330 [vuln-engine.nvd_delta] INFO: NVD delta: 0 critical CVE(s) since 2026-09-27T05:27:54.976946+00:00
2026-09-27 07:57:56,330 [apscheduler.executors.default] INFO: Job "NVD Delta Collector (trigger: interval[0:30:00], next run at: 2026-09-27 08:27:54 CEST)" executed successfully
2026-09-27 07:57:58,997 [vuln-engine.vendor_rss] INFO: Vendor RSS [microsoft_msrc]: parsed 5228 entries
2026-09-27 07:57:59,013 [httpx] INFO: HTTP Request: GET https://www.intersystems.com/support/product-alerts-advisories/ "HTTP/1.1 200 OK"
2026-09-27 07:57:59,022 [vuln-engine.intersystems] INFO: InterSystems: found 10 advisories on page
2026-09-27 07:57:59,022 [apscheduler.executors.default] INFO: Job "InterSystems Collector (trigger: interval[1:00:00], next run at: 2026-09-27 08:57:54 CEST)" executed successfully
2026-09-27 07:57:59,193 [httpx] INFO: HTTP Request: GET https://www.debian.org/security/dsa "HTTP/1.1 200 OK"
2026-09-27 07:57:59,220 [vuln-engine.vendor_rss] INFO: Vendor RSS [debian_dsa]: parsed 30 entries
2026-09-27 07:58:00,807 [httpx] INFO: HTTP Request: GET https://sec.cloudapps.cisco.com/security/center/psirtrss20/CiscoSecurityAdvisory.xml "HTTP/1.1 200 OK"
2026-09-27 07:58:01,176 [vuln-engine.vendor_rss] INFO: Vendor RSS [cisco]: parsed 50 entries
2026-09-27 07:58:01,216 [httpx] INFO: HTTP Request: GET https://www.cert.ssi.gouv.fr/avis/feed/ "HTTP/1.1 200 OK"
2026-09-27 07:58:01,233 [vuln-engine.vendor_rss] INFO: Vendor RSS [certfr_avis]: parsed 40 entries
2026-09-27 07:58:01,267 [httpx] INFO: HTTP Request: GET https://www.cert.ssi.gouv.fr/alerte/feed/ "HTTP/1.1 200 OK"
2026-09-27 07:58:01,289 [vuln-engine.vendor_rss] INFO: Vendor RSS [certfr_alertes]: parsed 40 entries
2026-09-27 07:58:01,508 [httpx] INFO: HTTP Request: GET https://cert.europa.eu/publications/security-advisories-rss "HTTP/1.1 200 OK"
2026-09-27 07:58:01,515 [vuln-engine.vendor_rss] INFO: Vendor RSS [cert_eu]: parsed 10 entries
2026-09-27 07:58:01,564 [httpx] INFO: HTTP Request: GET https://ubuntu.com/security/notices/rss.xml "HTTP/1.1 200 OK"
2026-09-27 07:58:01,572 [vuln-engine.vendor_rss] INFO: Vendor RSS [ubuntu]: parsed 10 entries
2026-09-27 07:58:01,915 [httpx] INFO: HTTP Request: GET https://access.redhat.com/errata-search/feed/?q=*&advisory_type=Security+Advisory&severity=Critical "HTTP/1.1 200 OK"
2026-09-27 07:58:01,968 [vuln-engine.vendor_rss] INFO: Vendor RSS [redhat]: parsed 0 entries
2026-09-27 07:58:01,968 [apscheduler.executors.default] INFO: Job "Vendor RSS Collector (trigger: interval[1:00:00], next run at: 2026-09-27 08:57:54 CEST)" executed successfully
2026-09-27 08:27:54,977 [apscheduler.executors.default] INFO: Running job "NVD Delta Collector (trigger: interval[0:30:00], next run at: 2026-09-27 08:57:54 CEST)" (scheduled at 2026-09-27 08:27:54.974422+02:00)
2026-09-27 08:27:54,978 [vuln-engine.scheduler] INFO: ⏰ Running NVD delta collector...
2026-09-27 08:27:56,193 [httpx] INFO: HTTP Request: GET https://services.nvd.nist.gov/rest/json/cves/2.0?lastModStartDate=2026-09-27T05%3A57%3A54.000&lastModEndDate=2026-09-27T06%3A27%3A54.000&cvssV3Severity=CRITICAL "HTTP/1.1 200 OK"
2026-09-27 08:27:56,194 [vuln-engine.nvd_delta] INFO: NVD delta: 0 critical CVE(s) since 2026-09-27T05:57:54.994737+00:00
2026-09-27 08:27:56,194 [apscheduler.executors.default] INFO: Job "NVD Delta Collector (trigger: interval[0:30:00], next run at: 2026-09-27 08:57:54 CEST)" executed successfully
2026-09-27 08:57:54,976 [apscheduler.executors.default] INFO: Running job "NVD Delta Collector (trigger: interval[0:30:00], next run at: 2026-09-27 09:27:54 CEST)" (scheduled at 2026-09-27 08:57:54.974422+02:00)
2026-09-27 08:57:54,977 [vuln-engine.scheduler] INFO: ⏰ Running NVD delta collector...
2026-09-27 08:57:54,995 [apscheduler.executors.default] INFO: Running job "CISA KEV Collector (trigger: interval[1:00:00], next run at: 2026-09-27 09:57:54 CEST)" (scheduled at 2026-09-27 08:57:54.974597+02:00)
2026-09-27 08:57:54,995 [vuln-engine.scheduler] INFO: ⏰ Running CISA KEV collector...
2026-09-27 08:57:55,010 [apscheduler.executors.default] INFO: Running job "InterSystems Collector (trigger: interval[1:00:00], next run at: 2026-09-27 09:57:54 CEST)" (scheduled at 2026-09-27 08:57:54.974735+02:00)
2026-09-27 08:57:55,010 [vuln-engine.scheduler] INFO: ⏰ Running InterSystems collector...
2026-09-27 08:57:55,023 [apscheduler.executors.default] INFO: Running job "Vendor RSS Collector (trigger: interval[1:00:00], next run at: 2026-09-27 09:57:54 CEST)" (scheduled at 2026-09-27 08:57:54.974861+02:00)
2026-09-27 08:57:55,024 [vuln-engine.scheduler] INFO: ⏰ Running Vendor RSS collector...
2026-09-27 08:57:55,123 [httpx] INFO: HTTP Request: GET https://www.cisa.gov/sites/default/files/feeds/known_exploited_vulnerabilities.json "HTTP/1.1 200 OK"
2026-09-27 08:57:55,170 [apscheduler.executors.default] INFO: Job "CISA KEV Collector (trigger: interval[1:00:00], next run at: 2026-09-27 09:57:54 CEST)" executed successfully
2026-09-27 08:57:55,653 [httpx] INFO: HTTP Request: GET https://api.msrc.microsoft.com/update-guide/rss "HTTP/1.1 200 OK"
2026-09-27 08:57:56,338 [httpx] INFO: HTTP Request: GET https://services.nvd.nist.gov/rest/json/cves/2.0?lastModStartDate=2026-09-27T06%3A27%3A54.000&lastModEndDate=2026-09-27T06%3A57%3A54.000&cvssV3Severity=CRITICAL "HTTP/1.1 200 OK"
2026-09-27 08:57:56,339 [vuln-engine.nvd_delta] INFO: NVD delta: 0 critical CVE(s) since 2026-09-27T06:27:54.978601+00:00
2026-09-27 08:57:56,339 [apscheduler.executors.default] INFO: Job "NVD Delta Collector (trigger: interval[0:30:00], next run at: 2026-09-27 09:27:54 CEST)" executed successfully
2026-09-27 08:57:59,105 [vuln-engine.vendor_rss] INFO: Vendor RSS [microsoft_msrc]: parsed 5228 entries
2026-09-27 08:57:59,121 [httpx] INFO: HTTP Request: GET https://www.intersystems.com/support/product-alerts-advisories/ "HTTP/1.1 200 OK"
2026-09-27 08:57:59,132 [vuln-engine.intersystems] INFO: InterSystems: found 10 advisories on page
2026-09-27 08:57:59,133 [apscheduler.executors.default] INFO: Job "InterSystems Collector (trigger: interval[1:00:00], next run at: 2026-09-27 09:57:54 CEST)" executed successfully
2026-09-27 08:57:59,309 [httpx] INFO: HTTP Request: GET https://www.debian.org/security/dsa "HTTP/1.1 200 OK"
2026-09-27 08:57:59,338 [vuln-engine.vendor_rss] INFO: Vendor RSS [debian_dsa]: parsed 30 entries
2026-09-27 08:58:00,798 [httpx] INFO: HTTP Request: GET https://sec.cloudapps.cisco.com/security/center/psirtrss20/CiscoSecurityAdvisory.xml "HTTP/1.1 200 OK"
2026-09-27 08:58:01,168 [vuln-engine.vendor_rss] INFO: Vendor RSS [cisco]: parsed 50 entries
2026-09-27 08:58:01,208 [httpx] INFO: HTTP Request: GET https://www.cert.ssi.gouv.fr/avis/feed/ "HTTP/1.1 200 OK"
2026-09-27 08:58:01,227 [vuln-engine.vendor_rss] INFO: Vendor RSS [certfr_avis]: parsed 40 entries
2026-09-27 08:58:01,266 [httpx] INFO: HTTP Request: GET https://www.cert.ssi.gouv.fr/alerte/feed/ "HTTP/1.1 200 OK"
2026-09-27 08:58:01,284 [vuln-engine.vendor_rss] INFO: Vendor RSS [certfr_alertes]: parsed 40 entries
2026-09-27 08:58:01,487 [httpx] INFO: HTTP Request: GET https://cert.europa.eu/publications/security-advisories-rss "HTTP/1.1 200 OK"
2026-09-27 08:58:01,493 [vuln-engine.vendor_rss] INFO: Vendor RSS [cert_eu]: parsed 10 entries
2026-09-27 08:58:01,800 [httpx] INFO: HTTP Request: GET https://ubuntu.com/security/notices/rss.xml "HTTP/1.1 200 OK"
2026-09-27 08:58:01,806 [vuln-engine.vendor_rss] INFO: Vendor RSS [ubuntu]: parsed 10 entries
2026-09-27 08:58:02,486 [httpx] INFO: HTTP Request: GET https://access.redhat.com/errata-search/feed/?q=*&advisory_type=Security+Advisory&severity=Critical "HTTP/1.1 200 OK"
2026-09-27 08:58:02,532 [vuln-engine.vendor_rss] INFO: Vendor RSS [redhat]: parsed 0 entries
2026-09-27 08:58:02,533 [apscheduler.executors.default] INFO: Job "Vendor RSS Collector (trigger: interval[1:00:00], next run at: 2026-09-27 09:57:54 CEST)" executed successfully
2026-09-27 09:27:54,978 [apscheduler.executors.default] INFO: Running job "NVD Delta Collector (trigger: interval[0:30:00], next run at: 2026-09-27 09:57:54 CEST)" (scheduled at 2026-09-27 09:27:54.974422+02:00)
2026-09-27 09:27:54,979 [vuln-engine.scheduler] INFO: ⏰ Running NVD delta collector...
2026-09-27 09:27:56,141 [httpx] INFO: HTTP Request: GET https://services.nvd.nist.gov/rest/json/cves/2.0?lastModStartDate=2026-09-27T06%3A57%3A54.000&lastModEndDate=2026-09-27T07%3A27%3A54.000&cvssV3Severity=CRITICAL "HTTP/1.1 200 OK"
2026-09-27 09:27:56,143 [vuln-engine.nvd_delta] INFO: NVD delta: 0 critical CVE(s) since 2026-09-27T06:57:54.977664+00:00
2026-09-27 09:27:56,143 [apscheduler.executors.default] INFO: Job "NVD Delta Collector (trigger: interval[0:30:00], next run at: 2026-09-27 09:57:54 CEST)" executed successfully
2026-09-27 09:57:54,976 [apscheduler.executors.default] INFO: Running job "NVD Delta Collector (trigger: interval[0:30:00], next run at: 2026-09-27 10:27:54 CEST)" (scheduled at 2026-09-27 09:57:54.974422+02:00)
2026-09-27 09:57:54,977 [vuln-engine.scheduler] INFO: ⏰ Running NVD delta collector...
2026-09-27 09:57:54,993 [apscheduler.executors.default] INFO: Running job "CISA KEV Collector (trigger: interval[1:00:00], next run at: 2026-09-27 10:57:54 CEST)" (scheduled at 2026-09-27 09:57:54.974597+02:00)
2026-09-27 09:57:54,993 [vuln-engine.scheduler] INFO: ⏰ Running CISA KEV collector...
2026-09-27 09:57:55,005 [apscheduler.executors.default] INFO: Running job "InterSystems Collector (trigger: interval[1:00:00], next run at: 2026-09-27 10:57:54 CEST)" (scheduled at 2026-09-27 09:57:54.974735+02:00)
2026-09-27 09:57:55,005 [vuln-engine.scheduler] INFO: ⏰ Running InterSystems collector...
2026-09-27 09:57:55,017 [apscheduler.executors.default] INFO: Running job "Vendor RSS Collector (trigger: interval[1:00:00], next run at: 2026-09-27 10:57:54 CEST)" (scheduled at 2026-09-27 09:57:54.974861+02:00)
2026-09-27 09:57:55,017 [vuln-engine.scheduler] INFO: ⏰ Running Vendor RSS collector...
2026-09-27 09:57:55,030 [apscheduler.executors.default] INFO: Running job "OCS Cache Refresh (trigger: interval[2:00:00], next run at: 2026-09-27 11:57:54 CEST)" (scheduled at 2026-09-27 09:57:54.974982+02:00)
2026-09-27 09:57:55,030 [vuln-engine.ocs_cache] INFO: Refreshing OCS inventory cache...
2026-09-27 09:57:55,062 [httpx] INFO: HTTP Request: GET https://localhost/ocsapi/v1/computers/listID "HTTP/1.1 200 OK"
2026-09-27 09:57:55,120 [httpx] INFO: HTTP Request: GET https://localhost/ocsapi/v1/computer/21/software "HTTP/1.1 200 OK"
2026-09-27 09:57:55,150 [httpx] INFO: HTTP Request: GET https://www.cisa.gov/sites/default/files/feeds/known_exploited_vulnerabilities.json "HTTP/1.1 200 OK"
2026-09-27 09:57:55,181 [apscheduler.executors.default] INFO: Job "CISA KEV Collector (trigger: interval[1:00:00], next run at: 2026-09-27 10:57:54 CEST)" executed successfully
2026-09-27 09:57:55,207 [httpx] INFO: HTTP Request: GET https://localhost/ocsapi/v1/computer/32/software "HTTP/1.1 200 OK"
2026-09-27 09:57:55,265 [httpx] INFO: HTTP Request: GET https://localhost/ocsapi/v1/computer/33/software "HTTP/1.1 200 OK"
2026-09-27 09:57:55,290 [httpx] INFO: HTTP Request: GET https://localhost/ocsapi/v1/computer/14/software "HTTP/1.1 200 OK"
2026-09-27 09:57:55,310 [httpx] INFO: HTTP Request: GET https://localhost/ocsapi/v1/computer/15/software "HTTP/1.1 200 OK"
2026-09-27 09:57:55,395 [httpx] INFO: HTTP Request: GET https://localhost/ocsapi/v1/computer/4/software "HTTP/1.1 200 OK"
2026-09-27 09:57:55,490 [httpx] INFO: HTTP Request: GET https://localhost/ocsapi/v1/computer/16/software "HTTP/1.1 200 OK"
2026-09-27 09:57:55,533 [httpx] INFO: HTTP Request: GET https://localhost/ocsapi/v1/computer/26/software "HTTP/1.1 200 OK"
2026-09-27 09:57:55,549 [httpx] INFO: HTTP Request: GET https://localhost/ocsapi/v1/computer/10/software "HTTP/1.1 200 OK"
2026-09-27 09:57:55,583 [httpx] INFO: HTTP Request: GET https://api.msrc.microsoft.com/update-guide/rss "HTTP/1.1 200 OK"
2026-09-27 09:57:55,662 [httpx] INFO: HTTP Request: GET https://localhost/ocsapi/v1/computer/11/software "HTTP/1.1 200 OK"
2026-09-27 09:57:55,686 [httpx] INFO: HTTP Request: GET https://localhost/ocsapi/v1/computer/12/software "HTTP/1.1 200 OK"
2026-09-27 09:57:55,698 [httpx] INFO: HTTP Request: GET https://localhost/ocsapi/v1/computer/13/software "HTTP/1.1 200 OK"
2026-09-27 09:57:55,702 [vuln-engine.ocs_cache] INFO: OCS cache refreshed: 12 machines, 3812 unique packages
2026-09-27 09:57:55,703 [apscheduler.executors.default] INFO: Job "OCS Cache Refresh (trigger: interval[2:00:00], next run at: 2026-09-27 11:57:54 CEST)" executed successfully
2026-09-27 09:57:56,055 [httpx] INFO: HTTP Request: GET https://services.nvd.nist.gov/rest/json/cves/2.0?lastModStartDate=2026-09-27T07%3A27%3A54.000&lastModEndDate=2026-09-27T07%3A57%3A54.000&cvssV3Severity=CRITICAL "HTTP/1.1 200 OK"
2026-09-27 09:57:56,056 [vuln-engine.nvd_delta] INFO: NVD delta: 0 critical CVE(s) since 2026-09-27T07:27:54.979253+00:00
2026-09-27 09:57:56,056 [apscheduler.executors.default] INFO: Job "NVD Delta Collector (trigger: interval[0:30:00], next run at: 2026-09-27 10:27:54 CEST)" executed successfully
2026-09-27 09:57:59,033 [vuln-engine.vendor_rss] INFO: Vendor RSS [microsoft_msrc]: parsed 5228 entries
2026-09-27 09:57:59,051 [httpx] INFO: HTTP Request: GET https://www.intersystems.com/support/product-alerts-advisories/ "HTTP/1.1 200 OK"
2026-09-27 09:57:59,061 [vuln-engine.intersystems] INFO: InterSystems: found 10 advisories on page
2026-09-27 09:57:59,061 [apscheduler.executors.default] INFO: Job "InterSystems Collector (trigger: interval[1:00:00], next run at: 2026-09-27 10:57:54 CEST)" executed successfully
2026-09-27 09:57:59,122 [httpx] INFO: HTTP Request: GET https://www.debian.org/security/dsa "HTTP/1.1 200 OK"
2026-09-27 09:57:59,149 [vuln-engine.vendor_rss] INFO: Vendor RSS [debian_dsa]: parsed 30 entries
2026-09-27 09:58:00,747 [httpx] INFO: HTTP Request: GET https://sec.cloudapps.cisco.com/security/center/psirtrss20/CiscoSecurityAdvisory.xml "HTTP/1.1 200 OK"
2026-09-27 09:58:01,121 [vuln-engine.vendor_rss] INFO: Vendor RSS [cisco]: parsed 50 entries
2026-09-27 09:58:01,152 [httpx] INFO: HTTP Request: GET https://www.cert.ssi.gouv.fr/avis/feed/ "HTTP/1.1 200 OK"
2026-09-27 09:58:01,170 [vuln-engine.vendor_rss] INFO: Vendor RSS [certfr_avis]: parsed 40 entries
2026-09-27 09:58:01,201 [httpx] INFO: HTTP Request: GET https://www.cert.ssi.gouv.fr/alerte/feed/ "HTTP/1.1 200 OK"
2026-09-27 09:58:01,232 [vuln-engine.vendor_rss] INFO: Vendor RSS [certfr_alertes]: parsed 40 entries
2026-09-27 09:58:01,486 [httpx] INFO: HTTP Request: GET https://cert.europa.eu/publications/security-advisories-rss "HTTP/1.1 200 OK"
2026-09-27 09:58:01,493 [vuln-engine.vendor_rss] INFO: Vendor RSS [cert_eu]: parsed 10 entries
2026-09-27 09:58:01,536 [httpx] INFO: HTTP Request: GET https://ubuntu.com/security/notices/rss.xml "HTTP/1.1 200 OK"
2026-09-27 09:58:01,543 [vuln-engine.vendor_rss] INFO: Vendor RSS [ubuntu]: parsed 10 entries
2026-09-27 09:58:01,839 [httpx] INFO: HTTP Request: GET https://access.redhat.com/errata-search/feed/?q=*&advisory_type=Security+Advisory&severity=Critical "HTTP/1.1 200 OK"
2026-09-27 09:58:01,892 [vuln-engine.vendor_rss] INFO: Vendor RSS [redhat]: parsed 0 entries
2026-09-27 09:58:01,893 [apscheduler.executors.default] INFO: Job "Vendor RSS Collector (trigger: interval[1:00:00], next run at: 2026-09-27 10:57:54 CEST)" executed successfully
2026-09-27 10:27:54,976 [apscheduler.executors.default] INFO: Running job "NVD Delta Collector (trigger: interval[0:30:00], next run at: 2026-09-27 10:57:54 CEST)" (scheduled at 2026-09-27 10:27:54.974422+02:00)
2026-09-27 10:27:54,977 [vuln-engine.scheduler] INFO: ⏰ Running NVD delta collector...
2026-09-27 10:27:56,557 [httpx] INFO: HTTP Request: GET https://services.nvd.nist.gov/rest/json/cves/2.0?lastModStartDate=2026-09-27T07%3A57%3A54.000&lastModEndDate=2026-09-27T08%3A27%3A54.000&cvssV3Severity=CRITICAL "HTTP/1.1 200 OK"
2026-09-27 10:27:56,560 [vuln-engine.nvd_delta] INFO: NVD delta: 0 critical CVE(s) since 2026-09-27T07:57:54.977684+00:00
2026-09-27 10:27:56,560 [apscheduler.executors.default] INFO: Job "NVD Delta Collector (trigger: interval[0:30:00], next run at: 2026-09-27 10:57:54 CEST)" executed successfully
2026-09-27 10:57:54,976 [apscheduler.executors.default] INFO: Running job "NVD Delta Collector (trigger: interval[0:30:00], next run at: 2026-09-27 11:27:54 CEST)" (scheduled at 2026-09-27 10:57:54.974422+02:00)
2026-09-27 10:57:54,978 [vuln-engine.scheduler] INFO: ⏰ Running NVD delta collector...
2026-09-27 10:57:54,995 [apscheduler.executors.default] INFO: Running job "CISA KEV Collector (trigger: interval[1:00:00], next run at: 2026-09-27 11:57:54 CEST)" (scheduled at 2026-09-27 10:57:54.974597+02:00)
2026-09-27 10:57:54,995 [vuln-engine.scheduler] INFO: ⏰ Running CISA KEV collector...
2026-09-27 10:57:55,008 [apscheduler.executors.default] INFO: Running job "InterSystems Collector (trigger: interval[1:00:00], next run at: 2026-09-27 11:57:54 CEST)" (scheduled at 2026-09-27 10:57:54.974735+02:00)
2026-09-27 10:57:55,008 [vuln-engine.scheduler] INFO: ⏰ Running InterSystems collector...
2026-09-27 10:57:55,020 [apscheduler.executors.default] INFO: Running job "Vendor RSS Collector (trigger: interval[1:00:00], next run at: 2026-09-27 11:57:54 CEST)" (scheduled at 2026-09-27 10:57:54.974861+02:00)
2026-09-27 10:57:55,020 [vuln-engine.scheduler] INFO: ⏰ Running Vendor RSS collector...
2026-09-27 10:57:55,124 [httpx] INFO: HTTP Request: GET https://www.cisa.gov/sites/default/files/feeds/known_exploited_vulnerabilities.json "HTTP/1.1 200 OK"
2026-09-27 10:57:55,171 [apscheduler.executors.default] INFO: Job "CISA KEV Collector (trigger: interval[1:00:00], next run at: 2026-09-27 11:57:54 CEST)" executed successfully
2026-09-27 10:57:55,604 [httpx] INFO: HTTP Request: GET https://api.msrc.microsoft.com/update-guide/rss "HTTP/1.1 200 OK"
2026-09-27 10:57:56,124 [httpx] INFO: HTTP Request: GET https://services.nvd.nist.gov/rest/json/cves/2.0?lastModStartDate=2026-09-27T08%3A27%3A54.000&lastModEndDate=2026-09-27T08%3A57%3A54.000&cvssV3Severity=CRITICAL "HTTP/1.1 200 OK"
2026-09-27 10:57:56,125 [vuln-engine.nvd_delta] INFO: NVD delta: 0 critical CVE(s) since 2026-09-27T08:27:54.977890+00:00
2026-09-27 10:57:56,126 [apscheduler.executors.default] INFO: Job "NVD Delta Collector (trigger: interval[0:30:00], next run at: 2026-09-27 11:27:54 CEST)" executed successfully
2026-09-27 10:57:59,358 [vuln-engine.vendor_rss] INFO: Vendor RSS [microsoft_msrc]: parsed 5228 entries
2026-09-27 10:57:59,374 [httpx] INFO: HTTP Request: GET https://www.intersystems.com/support/product-alerts-advisories/ "HTTP/1.1 200 OK"
2026-09-27 10:57:59,384 [vuln-engine.intersystems] INFO: InterSystems: found 10 advisories on page
2026-09-27 10:57:59,384 [apscheduler.executors.default] INFO: Job "InterSystems Collector (trigger: interval[1:00:00], next run at: 2026-09-27 11:57:54 CEST)" executed successfully
2026-09-27 10:57:59,577 [httpx] INFO: HTTP Request: GET https://www.debian.org/security/dsa "HTTP/1.1 200 OK"
2026-09-27 10:57:59,607 [vuln-engine.vendor_rss] INFO: Vendor RSS [debian_dsa]: parsed 30 entries
2026-09-27 10:58:00,931 [httpx] INFO: HTTP Request: GET https://sec.cloudapps.cisco.com/security/center/psirtrss20/CiscoSecurityAdvisory.xml "HTTP/1.1 200 OK"
2026-09-27 10:58:01,304 [vuln-engine.vendor_rss] INFO: Vendor RSS [cisco]: parsed 50 entries
2026-09-27 10:58:01,366 [httpx] INFO: HTTP Request: GET https://www.cert.ssi.gouv.fr/avis/feed/ "HTTP/1.1 200 OK"
2026-09-27 10:58:01,390 [vuln-engine.vendor_rss] INFO: Vendor RSS [certfr_avis]: parsed 40 entries
2026-09-27 10:58:01,424 [httpx] INFO: HTTP Request: GET https://www.cert.ssi.gouv.fr/alerte/feed/ "HTTP/1.1 200 OK"
2026-09-27 10:58:01,445 [vuln-engine.vendor_rss] INFO: Vendor RSS [certfr_alertes]: parsed 40 entries
2026-09-27 10:58:01,668 [httpx] INFO: HTTP Request: GET https://cert.europa.eu/publications/security-advisories-rss "HTTP/1.1 200 OK"
2026-09-27 10:58:01,675 [vuln-engine.vendor_rss] INFO: Vendor RSS [cert_eu]: parsed 10 entries
2026-09-27 10:58:01,730 [httpx] INFO: HTTP Request: GET https://ubuntu.com/security/notices/rss.xml "HTTP/1.1 200 OK"
2026-09-27 10:58:01,737 [vuln-engine.vendor_rss] INFO: Vendor RSS [ubuntu]: parsed 10 entries
2026-09-27 10:58:02,040 [httpx] INFO: HTTP Request: GET https://access.redhat.com/errata-search/feed/?q=*&advisory_type=Security+Advisory&severity=Critical "HTTP/1.1 200 OK"
2026-09-27 10:58:02,112 [vuln-engine.vendor_rss] INFO: Vendor RSS [redhat]: parsed 0 entries
2026-09-27 10:58:02,113 [apscheduler.executors.default] INFO: Job "Vendor RSS Collector (trigger: interval[1:00:00], next run at: 2026-09-27 11:57:54 CEST)" executed successfully
2026-09-27 11:27:54,976 [apscheduler.executors.default] INFO: Running job "NVD Delta Collector (trigger: interval[0:30:00], next run at: 2026-09-27 11:57:54 CEST)" (scheduled at 2026-09-27 11:27:54.974422+02:00)
2026-09-27 11:27:54,977 [vuln-engine.scheduler] INFO: ⏰ Running NVD delta collector...
2026-09-27 11:27:56,120 [httpx] INFO: HTTP Request: GET https://services.nvd.nist.gov/rest/json/cves/2.0?lastModStartDate=2026-09-27T08%3A57%3A54.000&lastModEndDate=2026-09-27T09%3A27%3A54.000&cvssV3Severity=CRITICAL "HTTP/1.1 200 OK"
2026-09-27 11:27:56,122 [vuln-engine.nvd_delta] INFO: NVD delta: 0 critical CVE(s) since 2026-09-27T08:57:54.978192+00:00
2026-09-27 11:27:56,122 [apscheduler.executors.default] INFO: Job "NVD Delta Collector (trigger: interval[0:30:00], next run at: 2026-09-27 11:57:54 CEST)" executed successfully
2026-09-27 11:57:54,979 [apscheduler.executors.default] INFO: Running job "NVD Delta Collector (trigger: interval[0:30:00], next run at: 2026-09-27 12:27:54 CEST)" (scheduled at 2026-09-27 11:57:54.974422+02:00)
2026-09-27 11:57:54,980 [vuln-engine.scheduler] INFO: ⏰ Running NVD delta collector...
2026-09-27 11:57:55,005 [apscheduler.executors.default] INFO: Running job "CISA KEV Collector (trigger: interval[1:00:00], next run at: 2026-09-27 12:57:54 CEST)" (scheduled at 2026-09-27 11:57:54.974597+02:00)
2026-09-27 11:57:55,005 [vuln-engine.scheduler] INFO: ⏰ Running CISA KEV collector...
2026-09-27 11:57:55,018 [apscheduler.executors.default] INFO: Running job "InterSystems Collector (trigger: interval[1:00:00], next run at: 2026-09-27 12:57:54 CEST)" (scheduled at 2026-09-27 11:57:54.974735+02:00)
2026-09-27 11:57:55,018 [vuln-engine.scheduler] INFO: ⏰ Running InterSystems collector...
2026-09-27 11:57:55,031 [apscheduler.executors.default] INFO: Running job "Vendor RSS Collector (trigger: interval[1:00:00], next run at: 2026-09-27 12:57:54 CEST)" (scheduled at 2026-09-27 11:57:54.974861+02:00)
2026-09-27 11:57:55,031 [vuln-engine.scheduler] INFO: ⏰ Running Vendor RSS collector...
2026-09-27 11:57:55,043 [apscheduler.executors.default] INFO: Running job "OCS Cache Refresh (trigger: interval[2:00:00], next run at: 2026-09-27 13:57:54 CEST)" (scheduled at 2026-09-27 11:57:54.974982+02:00)
2026-09-27 11:57:55,044 [vuln-engine.ocs_cache] INFO: Refreshing OCS inventory cache...
2026-09-27 11:57:55,081 [httpx] INFO: HTTP Request: GET https://localhost/ocsapi/v1/computers/listID "HTTP/1.1 200 OK"
2026-09-27 11:57:55,149 [httpx] INFO: HTTP Request: GET https://www.cisa.gov/sites/default/files/feeds/known_exploited_vulnerabilities.json "HTTP/1.1 200 OK"
2026-09-27 11:57:55,215 [apscheduler.executors.default] INFO: Job "CISA KEV Collector (trigger: interval[1:00:00], next run at: 2026-09-27 12:57:54 CEST)" executed successfully
2026-09-27 11:57:55,217 [httpx] INFO: HTTP Request: GET https://localhost/ocsapi/v1/computer/21/software "HTTP/1.1 200 OK"
2026-09-27 11:57:55,279 [httpx] INFO: HTTP Request: GET https://localhost/ocsapi/v1/computer/32/software "HTTP/1.1 200 OK"
2026-09-27 11:57:55,327 [httpx] INFO: HTTP Request: GET https://localhost/ocsapi/v1/computer/33/software "HTTP/1.1 200 OK"
2026-09-27 11:57:55,350 [httpx] INFO: HTTP Request: GET https://localhost/ocsapi/v1/computer/14/software "HTTP/1.1 200 OK"
2026-09-27 11:57:55,372 [httpx] INFO: HTTP Request: GET https://localhost/ocsapi/v1/computer/15/software "HTTP/1.1 200 OK"
2026-09-27 11:57:55,432 [httpx] INFO: HTTP Request: GET https://localhost/ocsapi/v1/computer/4/software "HTTP/1.1 200 OK"
2026-09-27 11:57:55,481 [httpx] INFO: HTTP Request: GET https://localhost/ocsapi/v1/computer/16/software "HTTP/1.1 200 OK"
2026-09-27 11:57:55,529 [httpx] INFO: HTTP Request: GET https://localhost/ocsapi/v1/computer/26/software "HTTP/1.1 200 OK"
2026-09-27 11:57:55,548 [httpx] INFO: HTTP Request: GET https://localhost/ocsapi/v1/computer/10/software "HTTP/1.1 200 OK"
2026-09-27 11:57:55,603 [httpx] INFO: HTTP Request: GET https://localhost/ocsapi/v1/computer/11/software "HTTP/1.1 200 OK"
2026-09-27 11:57:55,631 [httpx] INFO: HTTP Request: GET https://localhost/ocsapi/v1/computer/12/software "HTTP/1.1 200 OK"
2026-09-27 11:57:55,648 [httpx] INFO: HTTP Request: GET https://localhost/ocsapi/v1/computer/13/software "HTTP/1.1 200 OK"
2026-09-27 11:57:55,654 [vuln-engine.ocs_cache] INFO: OCS cache refreshed: 12 machines, 3812 unique packages
2026-09-27 11:57:55,654 [apscheduler.executors.default] INFO: Job "OCS Cache Refresh (trigger: interval[2:00:00], next run at: 2026-09-27 13:57:54 CEST)" executed successfully
2026-09-27 11:57:55,665 [httpx] INFO: HTTP Request: GET https://api.msrc.microsoft.com/update-guide/rss "HTTP/1.1 200 OK"
2026-09-27 11:57:56,100 [httpx] INFO: HTTP Request: GET https://services.nvd.nist.gov/rest/json/cves/2.0?lastModStartDate=2026-09-27T09%3A27%3A54.000&lastModEndDate=2026-09-27T09%3A57%3A54.000&cvssV3Severity=CRITICAL "HTTP/1.1 200 OK"
2026-09-27 11:57:56,102 [vuln-engine.nvd_delta] INFO: NVD delta: 0 critical CVE(s) since 2026-09-27T09:27:54.977607+00:00
2026-09-27 11:57:56,102 [apscheduler.executors.default] INFO: Job "NVD Delta Collector (trigger: interval[0:30:00], next run at: 2026-09-27 12:27:54 CEST)" executed successfully
2026-09-27 11:57:59,256 [vuln-engine.vendor_rss] INFO: Vendor RSS [microsoft_msrc]: parsed 5228 entries
2026-09-27 11:57:59,270 [httpx] INFO: HTTP Request: GET https://www.intersystems.com/support/product-alerts-advisories/ "HTTP/1.1 200 OK"
2026-09-27 11:57:59,280 [vuln-engine.intersystems] INFO: InterSystems: found 10 advisories on page
2026-09-27 11:57:59,280 [apscheduler.executors.default] INFO: Job "InterSystems Collector (trigger: interval[1:00:00], next run at: 2026-09-27 12:57:54 CEST)" executed successfully
2026-09-27 11:57:59,455 [httpx] INFO: HTTP Request: GET https://www.debian.org/security/dsa "HTTP/1.1 200 OK"
2026-09-27 11:57:59,484 [vuln-engine.vendor_rss] INFO: Vendor RSS [debian_dsa]: parsed 30 entries
2026-09-27 11:58:00,881 [httpx] INFO: HTTP Request: GET https://sec.cloudapps.cisco.com/security/center/psirtrss20/CiscoSecurityAdvisory.xml "HTTP/1.1 200 OK"
2026-09-27 11:58:01,174 [vuln-engine.vendor_rss] INFO: Vendor RSS [cisco]: parsed 50 entries
2026-09-27 11:58:01,214 [httpx] INFO: HTTP Request: GET https://www.cert.ssi.gouv.fr/avis/feed/ "HTTP/1.1 200 OK"
2026-09-27 11:58:01,231 [vuln-engine.vendor_rss] INFO: Vendor RSS [certfr_avis]: parsed 40 entries
2026-09-27 11:58:01,262 [httpx] INFO: HTTP Request: GET https://www.cert.ssi.gouv.fr/alerte/feed/ "HTTP/1.1 200 OK"
2026-09-27 11:58:01,280 [vuln-engine.vendor_rss] INFO: Vendor RSS [certfr_alertes]: parsed 40 entries
2026-09-27 11:58:01,492 [httpx] INFO: HTTP Request: GET https://cert.europa.eu/publications/security-advisories-rss "HTTP/1.1 200 OK"
2026-09-27 11:58:01,499 [vuln-engine.vendor_rss] INFO: Vendor RSS [cert_eu]: parsed 10 entries
2026-09-27 11:58:01,548 [httpx] INFO: HTTP Request: GET https://ubuntu.com/security/notices/rss.xml "HTTP/1.1 200 OK"
2026-09-27 11:58:01,554 [vuln-engine.vendor_rss] INFO: Vendor RSS [ubuntu]: parsed 10 entries
2026-09-27 11:58:02,115 [httpx] INFO: HTTP Request: GET https://access.redhat.com/errata-search/feed/?q=*&advisory_type=Security+Advisory&severity=Critical "HTTP/1.1 200 OK"
2026-09-27 11:58:02,163 [vuln-engine.vendor_rss] INFO: Vendor RSS [redhat]: parsed 0 entries
2026-09-27 11:58:02,163 [apscheduler.executors.default] INFO: Job "Vendor RSS Collector (trigger: interval[1:00:00], next run at: 2026-09-27 12:57:54 CEST)" executed successfully
2026-09-27 12:27:55,001 [apscheduler.executors.default] INFO: Running job "NVD Delta Collector (trigger: interval[0:30:00], next run at: 2026-09-27 12:57:54 CEST)" (scheduled at 2026-09-27 12:27:54.974422+02:00)
2026-09-27 12:27:55,018 [vuln-engine.scheduler] INFO: ⏰ Running NVD delta collector...
2026-09-27 12:28:04,163 [httpx] INFO: HTTP Request: GET https://services.nvd.nist.gov/rest/json/cves/2.0?lastModStartDate=2026-09-27T09%3A57%3A54.000&lastModEndDate=2026-09-27T10%3A27%3A55.000&cvssV3Severity=CRITICAL "HTTP/1.1 200 OK"
2026-09-27 12:28:04,171 [vuln-engine.nvd_delta] INFO: NVD delta: 0 critical CVE(s) since 2026-09-27T09:57:54.980657+00:00
2026-09-27 12:28:04,173 [apscheduler.executors.default] INFO: Job "NVD Delta Collector (trigger: interval[0:30:00], next run at: 2026-09-27 12:57:54 CEST)" executed successfully
2026-09-27 12:57:54,979 [apscheduler.executors.default] INFO: Running job "NVD Delta Collector (trigger: interval[0:30:00], next run at: 2026-09-27 13:27:54 CEST)" (scheduled at 2026-09-27 12:57:54.974422+02:00)
2026-09-27 12:57:54,982 [vuln-engine.scheduler] INFO: ⏰ Running NVD delta collector...
2026-09-27 12:57:55,017 [apscheduler.executors.default] INFO: Running job "CISA KEV Collector (trigger: interval[1:00:00], next run at: 2026-09-27 13:57:54 CEST)" (scheduled at 2026-09-27 12:57:54.974597+02:00)
2026-09-27 12:57:55,020 [vuln-engine.scheduler] INFO: ⏰ Running CISA KEV collector...
2026-09-27 12:57:55,045 [apscheduler.executors.default] INFO: Running job "InterSystems Collector (trigger: interval[1:00:00], next run at: 2026-09-27 13:57:54 CEST)" (scheduled at 2026-09-27 12:57:54.974735+02:00)
2026-09-27 12:57:55,046 [vuln-engine.scheduler] INFO: ⏰ Running InterSystems collector...
2026-09-27 12:57:55,073 [apscheduler.executors.default] INFO: Running job "Vendor RSS Collector (trigger: interval[1:00:00], next run at: 2026-09-27 13:57:54 CEST)" (scheduled at 2026-09-27 12:57:54.974861+02:00)
2026-09-27 12:57:55,074 [vuln-engine.scheduler] INFO: ⏰ Running Vendor RSS collector...
2026-09-27 12:57:55,210 [httpx] INFO: HTTP Request: GET https://www.cisa.gov/sites/default/files/feeds/known_exploited_vulnerabilities.json "HTTP/1.1 200 OK"
2026-09-27 12:57:55,597 [apscheduler.executors.default] INFO: Job "CISA KEV Collector (trigger: interval[1:00:00], next run at: 2026-09-27 13:57:54 CEST)" executed successfully
2026-09-27 12:57:55,726 [httpx] INFO: HTTP Request: GET https://api.msrc.microsoft.com/update-guide/rss "HTTP/1.1 200 OK"
2026-09-27 12:57:56,132 [httpx] INFO: HTTP Request: GET https://services.nvd.nist.gov/rest/json/cves/2.0?lastModStartDate=2026-09-27T10%3A27%3A55.000&lastModEndDate=2026-09-27T10%3A57%3A54.000&cvssV3Severity=CRITICAL "HTTP/1.1 200 OK"
2026-09-27 12:57:56,137 [vuln-engine.nvd_delta] INFO: NVD delta: 0 critical CVE(s) since 2026-09-27T10:27:55.019701+00:00
2026-09-27 12:57:56,137 [apscheduler.executors.default] INFO: Job "NVD Delta Collector (trigger: interval[0:30:00], next run at: 2026-09-27 13:27:54 CEST)" executed successfully
2026-09-27 12:58:00,250 [vuln-engine.vendor_rss] INFO: Vendor RSS [microsoft_msrc]: parsed 5228 entries
2026-09-27 12:58:00,268 [httpx] INFO: HTTP Request: GET https://www.intersystems.com/support/product-alerts-advisories/ "HTTP/1.1 200 OK"
2026-09-27 12:58:00,291 [vuln-engine.intersystems] INFO: InterSystems: found 10 advisories on page
2026-09-27 12:58:00,291 [apscheduler.executors.default] INFO: Job "InterSystems Collector (trigger: interval[1:00:00], next run at: 2026-09-27 13:57:54 CEST)" executed successfully
2026-09-27 12:58:00,336 [httpx] INFO: HTTP Request: GET https://www.debian.org/security/dsa "HTTP/1.1 200 OK"
2026-09-27 12:58:00,365 [vuln-engine.vendor_rss] INFO: Vendor RSS [debian_dsa]: parsed 30 entries
2026-09-27 12:58:01,740 [httpx] INFO: HTTP Request: GET https://sec.cloudapps.cisco.com/security/center/psirtrss20/CiscoSecurityAdvisory.xml "HTTP/1.1 200 OK"
2026-09-27 12:58:02,133 [vuln-engine.vendor_rss] INFO: Vendor RSS [cisco]: parsed 50 entries
2026-09-27 12:58:02,188 [httpx] INFO: HTTP Request: GET https://www.cert.ssi.gouv.fr/avis/feed/ "HTTP/1.1 200 OK"
2026-09-27 12:58:02,210 [vuln-engine.vendor_rss] INFO: Vendor RSS [certfr_avis]: parsed 40 entries
2026-09-27 12:58:02,240 [httpx] INFO: HTTP Request: GET https://www.cert.ssi.gouv.fr/alerte/feed/ "HTTP/1.1 200 OK"
2026-09-27 12:58:02,262 [vuln-engine.vendor_rss] INFO: Vendor RSS [certfr_alertes]: parsed 40 entries
2026-09-27 12:58:02,485 [httpx] INFO: HTTP Request: GET https://cert.europa.eu/publications/security-advisories-rss "HTTP/1.1 200 OK"
2026-09-27 12:58:02,492 [vuln-engine.vendor_rss] INFO: Vendor RSS [cert_eu]: parsed 10 entries
2026-09-27 12:58:02,557 [httpx] INFO: HTTP Request: GET https://ubuntu.com/security/notices/rss.xml "HTTP/1.1 200 OK"
2026-09-27 12:58:02,566 [vuln-engine.vendor_rss] INFO: Vendor RSS [ubuntu]: parsed 10 entries
2026-09-27 12:58:02,840 [httpx] INFO: HTTP Request: GET https://access.redhat.com/errata-search/feed/?q=*&advisory_type=Security+Advisory&severity=Critical "HTTP/1.1 200 OK"
2026-09-27 12:58:02,910 [vuln-engine.vendor_rss] INFO: Vendor RSS [redhat]: parsed 0 entries
2026-09-27 12:58:02,910 [apscheduler.executors.default] INFO: Job "Vendor RSS Collector (trigger: interval[1:00:00], next run at: 2026-09-27 13:57:54 CEST)" executed successfully
2026-09-27 13:27:54,979 [apscheduler.executors.default] INFO: Running job "NVD Delta Collector (trigger: interval[0:30:00], next run at: 2026-09-27 13:57:54 CEST)" (scheduled at 2026-09-27 13:27:54.974422+02:00)
2026-09-27 13:27:54,981 [vuln-engine.scheduler] INFO: ⏰ Running NVD delta collector...
2026-09-27 13:27:55,734 [httpx] INFO: HTTP Request: GET https://services.nvd.nist.gov/rest/json/cves/2.0?lastModStartDate=2026-09-27T10%3A57%3A54.000&lastModEndDate=2026-09-27T11%3A27%3A54.000&cvssV3Severity=CRITICAL "HTTP/1.1 200 OK"
2026-09-27 13:27:55,737 [vuln-engine.nvd_delta] INFO: NVD delta: 0 critical CVE(s) since 2026-09-27T10:57:54.983098+00:00
2026-09-27 13:27:55,738 [apscheduler.executors.default] INFO: Job "NVD Delta Collector (trigger: interval[0:30:00], next run at: 2026-09-27 13:57:54 CEST)" executed successfully
2026-09-27 13:57:54,977 [apscheduler.executors.default] INFO: Running job "NVD Delta Collector (trigger: interval[0:30:00], next run at: 2026-09-27 14:27:54 CEST)" (scheduled at 2026-09-27 13:57:54.974422+02:00)
2026-09-27 13:57:54,981 [vuln-engine.scheduler] INFO: ⏰ Running NVD delta collector...
2026-09-27 13:57:55,009 [apscheduler.executors.default] INFO: Running job "CISA KEV Collector (trigger: interval[1:00:00], next run at: 2026-09-27 14:57:54 CEST)" (scheduled at 2026-09-27 13:57:54.974597+02:00)
2026-09-27 13:57:55,009 [vuln-engine.scheduler] INFO: ⏰ Running CISA KEV collector...
2026-09-27 13:57:55,029 [apscheduler.executors.default] INFO: Running job "InterSystems Collector (trigger: interval[1:00:00], next run at: 2026-09-27 14:57:54 CEST)" (scheduled at 2026-09-27 13:57:54.974735+02:00)
2026-09-27 13:57:55,029 [vuln-engine.scheduler] INFO: ⏰ Running InterSystems collector...
2026-09-27 13:57:55,041 [apscheduler.executors.default] INFO: Running job "Vendor RSS Collector (trigger: interval[1:00:00], next run at: 2026-09-27 14:57:54 CEST)" (scheduled at 2026-09-27 13:57:54.974861+02:00)
2026-09-27 13:57:55,042 [vuln-engine.scheduler] INFO: ⏰ Running Vendor RSS collector...
2026-09-27 13:57:55,057 [apscheduler.executors.default] INFO: Running job "OCS Cache Refresh (trigger: interval[2:00:00], next run at: 2026-09-27 15:57:54 CEST)" (scheduled at 2026-09-27 13:57:54.974982+02:00)
2026-09-27 13:57:55,058 [vuln-engine.ocs_cache] INFO: Refreshing OCS inventory cache...
2026-09-27 13:57:55,161 [httpx] INFO: HTTP Request: GET https://www.cisa.gov/sites/default/files/feeds/known_exploited_vulnerabilities.json "HTTP/1.1 200 OK"
2026-09-27 13:57:55,239 [apscheduler.executors.default] INFO: Job "CISA KEV Collector (trigger: interval[1:00:00], next run at: 2026-09-27 14:57:54 CEST)" executed successfully
2026-09-27 13:57:55,661 [httpx] INFO: HTTP Request: GET https://api.msrc.microsoft.com/update-guide/rss "HTTP/1.1 200 OK"
2026-09-27 13:57:55,792 [httpx] INFO: HTTP Request: GET https://services.nvd.nist.gov/rest/json/cves/2.0?lastModStartDate=2026-09-27T11%3A27%3A54.000&lastModEndDate=2026-09-27T11%3A57%3A54.000&cvssV3Severity=CRITICAL "HTTP/1.1 200 OK"
2026-09-27 13:57:55,796 [vuln-engine.nvd_delta] INFO: NVD delta: 0 critical CVE(s) since 2026-09-27T11:27:54.981354+00:00
2026-09-27 13:57:55,796 [apscheduler.executors.default] INFO: Job "NVD Delta Collector (trigger: interval[0:30:00], next run at: 2026-09-27 14:27:54 CEST)" executed successfully
2026-09-27 13:57:55,924 [httpx] INFO: HTTP Request: GET https://localhost/ocsapi/v1/computers/listID "HTTP/1.1 200 OK"
2026-09-27 13:57:59,486 [vuln-engine.vendor_rss] INFO: Vendor RSS [microsoft_msrc]: parsed 5228 entries
2026-09-27 13:57:59,503 [httpx] INFO: HTTP Request: GET https://localhost/ocsapi/v1/computer/21/software "HTTP/1.1 200 OK"
2026-09-27 13:57:59,506 [httpx] INFO: HTTP Request: GET https://www.intersystems.com/support/product-alerts-advisories/ "HTTP/1.1 200 OK"
2026-09-27 13:57:59,565 [vuln-engine.intersystems] INFO: InterSystems: found 10 advisories on page
2026-09-27 13:57:59,565 [apscheduler.executors.default] INFO: Job "InterSystems Collector (trigger: interval[1:00:00], next run at: 2026-09-27 14:57:54 CEST)" executed successfully
2026-09-27 13:57:59,736 [httpx] INFO: HTTP Request: GET https://www.debian.org/security/dsa "HTTP/1.1 200 OK"
2026-09-27 13:57:59,777 [vuln-engine.vendor_rss] INFO: Vendor RSS [debian_dsa]: parsed 30 entries
2026-09-27 13:58:00,744 [httpx] INFO: HTTP Request: GET https://localhost/ocsapi/v1/computer/32/software "HTTP/1.1 200 OK"
2026-09-27 13:58:01,077 [httpx] INFO: HTTP Request: GET https://sec.cloudapps.cisco.com/security/center/psirtrss20/CiscoSecurityAdvisory.xml "HTTP/1.1 200 OK"
2026-09-27 13:58:01,475 [vuln-engine.vendor_rss] INFO: Vendor RSS [cisco]: parsed 50 entries
2026-09-27 13:58:01,510 [httpx] INFO: HTTP Request: GET https://www.cert.ssi.gouv.fr/avis/feed/ "HTTP/1.1 200 OK"
2026-09-27 13:58:01,535 [vuln-engine.vendor_rss] INFO: Vendor RSS [certfr_avis]: parsed 40 entries
2026-09-27 13:58:01,566 [httpx] INFO: HTTP Request: GET https://www.cert.ssi.gouv.fr/alerte/feed/ "HTTP/1.1 200 OK"
2026-09-27 13:58:01,587 [vuln-engine.vendor_rss] INFO: Vendor RSS [certfr_alertes]: parsed 40 entries
2026-09-27 13:58:01,770 [httpx] INFO: HTTP Request: GET https://cert.europa.eu/publications/security-advisories-rss "HTTP/1.1 200 OK"
2026-09-27 13:58:01,781 [vuln-engine.vendor_rss] INFO: Vendor RSS [cert_eu]: parsed 10 entries
2026-09-27 13:58:01,807 [httpx] INFO: HTTP Request: GET https://localhost/ocsapi/v1/computer/33/software "HTTP/1.1 200 OK"
2026-09-27 13:58:01,841 [httpx] INFO: HTTP Request: GET https://ubuntu.com/security/notices/rss.xml "HTTP/1.1 200 OK"
2026-09-27 13:58:01,853 [vuln-engine.vendor_rss] INFO: Vendor RSS [ubuntu]: parsed 10 entries
2026-09-27 13:58:02,165 [httpx] INFO: HTTP Request: GET https://access.redhat.com/errata-search/feed/?q=*&advisory_type=Security+Advisory&severity=Critical "HTTP/1.1 200 OK"
2026-09-27 13:58:02,250 [vuln-engine.vendor_rss] INFO: Vendor RSS [redhat]: parsed 0 entries
2026-09-27 13:58:02,250 [apscheduler.executors.default] INFO: Job "Vendor RSS Collector (trigger: interval[1:00:00], next run at: 2026-09-27 14:57:54 CEST)" executed successfully
2026-09-27 13:58:02,537 [httpx] INFO: HTTP Request: GET https://localhost/ocsapi/v1/computer/14/software "HTTP/1.1 200 OK"
2026-09-27 13:58:03,171 [httpx] INFO: HTTP Request: GET https://localhost/ocsapi/v1/computer/15/software "HTTP/1.1 200 OK"
2026-09-27 13:58:04,373 [httpx] INFO: HTTP Request: GET https://localhost/ocsapi/v1/computer/4/software "HTTP/1.1 200 OK"
2026-09-27 13:58:04,867 [httpx] INFO: HTTP Request: GET https://localhost/ocsapi/v1/computer/16/software "HTTP/1.1 200 OK"
2026-09-27 13:58:04,971 [httpx] INFO: HTTP Request: GET https://localhost/ocsapi/v1/computer/26/software "HTTP/1.1 200 OK"
2026-09-27 13:58:05,014 [httpx] INFO: HTTP Request: GET https://localhost/ocsapi/v1/computer/10/software "HTTP/1.1 200 OK"
2026-09-27 13:58:05,322 [httpx] INFO: HTTP Request: GET https://localhost/ocsapi/v1/computer/11/software "HTTP/1.1 200 OK"
2026-09-27 13:58:05,455 [httpx] INFO: HTTP Request: GET https://localhost/ocsapi/v1/computer/12/software "HTTP/1.1 200 OK"
2026-09-27 13:58:05,513 [httpx] INFO: HTTP Request: GET https://localhost/ocsapi/v1/computer/13/software "HTTP/1.1 200 OK"
2026-09-27 13:58:05,527 [vuln-engine.ocs_cache] INFO: OCS cache refreshed: 12 machines, 3812 unique packages
2026-09-27 13:58:05,528 [apscheduler.executors.default] INFO: Job "OCS Cache Refresh (trigger: interval[2:00:00], next run at: 2026-09-27 15:57:54 CEST)" executed successfully
2026-09-27 14:27:54,983 [apscheduler.executors.default] INFO: Running job "NVD Delta Collector (trigger: interval[0:30:00], next run at: 2026-09-27 14:57:54 CEST)" (scheduled at 2026-09-27 14:27:54.974422+02:00)
2026-09-27 14:27:54,987 [vuln-engine.scheduler] INFO: ⏰ Running NVD delta collector...
2026-09-27 14:27:55,841 [httpx] INFO: HTTP Request: GET https://services.nvd.nist.gov/rest/json/cves/2.0?lastModStartDate=2026-09-27T11%3A57%3A54.000&lastModEndDate=2026-09-27T12%3A27%3A54.000&cvssV3Severity=CRITICAL "HTTP/1.1 200 OK"
2026-09-27 14:27:55,844 [vuln-engine.nvd_delta] INFO: NVD delta: 0 critical CVE(s) since 2026-09-27T11:57:54.982012+00:00
2026-09-27 14:27:55,844 [apscheduler.executors.default] INFO: Job "NVD Delta Collector (trigger: interval[0:30:00], next run at: 2026-09-27 14:57:54 CEST)" executed successfully
2026-09-27 14:57:54,979 [apscheduler.executors.default] INFO: Running job "NVD Delta Collector (trigger: interval[0:30:00], next run at: 2026-09-27 15:27:54 CEST)" (scheduled at 2026-09-27 14:57:54.974422+02:00)
2026-09-27 14:57:54,981 [vuln-engine.scheduler] INFO: ⏰ Running NVD delta collector...
2026-09-27 14:57:55,014 [apscheduler.executors.default] INFO: Running job "CISA KEV Collector (trigger: interval[1:00:00], next run at: 2026-09-27 15:57:54 CEST)" (scheduled at 2026-09-27 14:57:54.974597+02:00)
2026-09-27 14:57:55,015 [vuln-engine.scheduler] INFO: ⏰ Running CISA KEV collector...
2026-09-27 14:57:55,043 [apscheduler.executors.default] INFO: Running job "InterSystems Collector (trigger: interval[1:00:00], next run at: 2026-09-27 15:57:54 CEST)" (scheduled at 2026-09-27 14:57:54.974735+02:00)
2026-09-27 14:57:55,044 [vuln-engine.scheduler] INFO: ⏰ Running InterSystems collector...
2026-09-27 14:57:55,067 [apscheduler.executors.default] INFO: Running job "Vendor RSS Collector (trigger: interval[1:00:00], next run at: 2026-09-27 15:57:54 CEST)" (scheduled at 2026-09-27 14:57:54.974861+02:00)
2026-09-27 14:57:55,069 [vuln-engine.scheduler] INFO: ⏰ Running Vendor RSS collector...
2026-09-27 14:57:55,197 [httpx] INFO: HTTP Request: GET https://www.cisa.gov/sites/default/files/feeds/known_exploited_vulnerabilities.json "HTTP/1.1 200 OK"
2026-09-27 14:57:55,408 [apscheduler.executors.default] INFO: Job "CISA KEV Collector (trigger: interval[1:00:00], next run at: 2026-09-27 15:57:54 CEST)" executed successfully
2026-09-27 14:57:55,702 [httpx] INFO: HTTP Request: GET https://api.msrc.microsoft.com/update-guide/rss "HTTP/1.1 200 OK"
2026-09-27 14:57:55,954 [httpx] INFO: HTTP Request: GET https://services.nvd.nist.gov/rest/json/cves/2.0?lastModStartDate=2026-09-27T12%3A27%3A54.000&lastModEndDate=2026-09-27T12%3A57%3A54.000&cvssV3Severity=CRITICAL "HTTP/1.1 200 OK"
2026-09-27 14:57:55,956 [vuln-engine.nvd_delta] INFO: NVD delta: 0 critical CVE(s) since 2026-09-27T12:27:54.988068+00:00
2026-09-27 14:57:55,956 [apscheduler.executors.default] INFO: Job "NVD Delta Collector (trigger: interval[0:30:00], next run at: 2026-09-27 15:27:54 CEST)" executed successfully
2026-09-27 14:58:00,332 [vuln-engine.vendor_rss] INFO: Vendor RSS [microsoft_msrc]: parsed 5228 entries
2026-09-27 14:58:00,349 [httpx] INFO: HTTP Request: GET https://www.intersystems.com/support/product-alerts-advisories/ "HTTP/1.1 200 OK"
2026-09-27 14:58:00,376 [vuln-engine.intersystems] INFO: InterSystems: found 10 advisories on page
2026-09-27 14:58:00,376 [apscheduler.executors.default] INFO: Job "InterSystems Collector (trigger: interval[1:00:00], next run at: 2026-09-27 15:57:54 CEST)" executed successfully
2026-09-27 14:58:00,541 [httpx] INFO: HTTP Request: GET https://www.debian.org/security/dsa "HTTP/1.1 200 OK"
2026-09-27 14:58:00,580 [vuln-engine.vendor_rss] INFO: Vendor RSS [debian_dsa]: parsed 30 entries
2026-09-27 14:58:02,009 [httpx] INFO: HTTP Request: GET https://sec.cloudapps.cisco.com/security/center/psirtrss20/CiscoSecurityAdvisory.xml "HTTP/1.1 200 OK"
2026-09-27 14:58:02,400 [vuln-engine.vendor_rss] INFO: Vendor RSS [cisco]: parsed 50 entries
2026-09-27 14:58:02,434 [httpx] INFO: HTTP Request: GET https://www.cert.ssi.gouv.fr/avis/feed/ "HTTP/1.1 200 OK"
2026-09-27 14:58:02,456 [vuln-engine.vendor_rss] INFO: Vendor RSS [certfr_avis]: parsed 40 entries
2026-09-27 14:58:02,487 [httpx] INFO: HTTP Request: GET https://www.cert.ssi.gouv.fr/alerte/feed/ "HTTP/1.1 200 OK"
2026-09-27 14:58:02,510 [vuln-engine.vendor_rss] INFO: Vendor RSS [certfr_alertes]: parsed 40 entries
2026-09-27 14:58:02,757 [httpx] INFO: HTTP Request: GET https://cert.europa.eu/publications/security-advisories-rss "HTTP/1.1 200 OK"
2026-09-27 14:58:02,766 [vuln-engine.vendor_rss] INFO: Vendor RSS [cert_eu]: parsed 10 entries
2026-09-27 14:58:02,818 [httpx] INFO: HTTP Request: GET https://ubuntu.com/security/notices/rss.xml "HTTP/1.1 200 OK"
2026-09-27 14:58:02,827 [vuln-engine.vendor_rss] INFO: Vendor RSS [ubuntu]: parsed 10 entries
2026-09-27 14:58:03,565 [httpx] INFO: HTTP Request: GET https://access.redhat.com/errata-search/feed/?q=*&advisory_type=Security+Advisory&severity=Critical "HTTP/1.1 200 OK"
2026-09-27 14:58:03,638 [vuln-engine.vendor_rss] INFO: Vendor RSS [redhat]: parsed 0 entries
2026-09-27 14:58:03,639 [apscheduler.executors.default] INFO: Job "Vendor RSS Collector (trigger: interval[1:00:00], next run at: 2026-09-27 15:57:54 CEST)" executed successfully
2026-09-27 15:27:54,977 [apscheduler.executors.default] INFO: Running job "NVD Delta Collector (trigger: interval[0:30:00], next run at: 2026-09-27 15:57:54 CEST)" (scheduled at 2026-09-27 15:27:54.974422+02:00)
2026-09-27 15:27:54,981 [vuln-engine.scheduler] INFO: ⏰ Running NVD delta collector...
2026-09-27 15:27:55,747 [httpx] INFO: HTTP Request: GET https://services.nvd.nist.gov/rest/json/cves/2.0?lastModStartDate=2026-09-27T12%3A57%3A54.000&lastModEndDate=2026-09-27T13%3A27%3A54.000&cvssV3Severity=CRITICAL "HTTP/1.1 200 OK"
2026-09-27 15:27:55,749 [vuln-engine.nvd_delta] INFO: NVD delta: 0 critical CVE(s) since 2026-09-27T12:57:54.981666+00:00
2026-09-27 15:27:55,749 [apscheduler.executors.default] INFO: Job "NVD Delta Collector (trigger: interval[0:30:00], next run at: 2026-09-27 15:57:54 CEST)" executed successfully
2026-09-27 15:57:54,979 [apscheduler.executors.default] INFO: Running job "NVD Delta Collector (trigger: interval[0:30:00], next run at: 2026-09-27 16:27:54 CEST)" (scheduled at 2026-09-27 15:57:54.974422+02:00)
2026-09-27 15:57:54,985 [vuln-engine.scheduler] INFO: ⏰ Running NVD delta collector...
2026-09-27 15:57:55,014 [apscheduler.executors.default] INFO: Running job "CISA KEV Collector (trigger: interval[1:00:00], next run at: 2026-09-27 16:57:54 CEST)" (scheduled at 2026-09-27 15:57:54.974597+02:00)
2026-09-27 15:57:55,015 [vuln-engine.scheduler] INFO: ⏰ Running CISA KEV collector...
2026-09-27 15:57:55,044 [apscheduler.executors.default] INFO: Running job "InterSystems Collector (trigger: interval[1:00:00], next run at: 2026-09-27 16:57:54 CEST)" (scheduled at 2026-09-27 15:57:54.974735+02:00)
2026-09-27 15:57:55,044 [vuln-engine.scheduler] INFO: ⏰ Running InterSystems collector...
2026-09-27 15:57:55,068 [apscheduler.executors.default] INFO: Running job "Vendor RSS Collector (trigger: interval[1:00:00], next run at: 2026-09-27 16:57:54 CEST)" (scheduled at 2026-09-27 15:57:54.974861+02:00)
2026-09-27 15:57:55,069 [vuln-engine.scheduler] INFO: ⏰ Running Vendor RSS collector...
2026-09-27 15:57:55,081 [apscheduler.executors.default] INFO: Running job "OCS Cache Refresh (trigger: interval[2:00:00], next run at: 2026-09-27 17:57:54 CEST)" (scheduled at 2026-09-27 15:57:54.974982+02:00)
2026-09-27 15:57:55,081 [vuln-engine.ocs_cache] INFO: Refreshing OCS inventory cache...
2026-09-27 15:57:55,200 [httpx] INFO: HTTP Request: GET https://www.cisa.gov/sites/default/files/feeds/known_exploited_vulnerabilities.json "HTTP/1.1 200 OK"
2026-09-27 15:57:55,434 [apscheduler.executors.default] INFO: Job "CISA KEV Collector (trigger: interval[1:00:00], next run at: 2026-09-27 16:57:54 CEST)" executed successfully
2026-09-27 15:57:55,627 [httpx] INFO: HTTP Request: GET https://api.msrc.microsoft.com/update-guide/rss "HTTP/1.1 200 OK"
2026-09-27 15:57:55,881 [httpx] INFO: HTTP Request: GET https://localhost/ocsapi/v1/computers/listID "HTTP/1.1 200 OK"
2026-09-27 15:57:55,986 [httpx] INFO: HTTP Request: GET https://services.nvd.nist.gov/rest/json/cves/2.0?lastModStartDate=2026-09-27T13%3A27%3A54.000&lastModEndDate=2026-09-27T13%3A57%3A54.000&cvssV3Severity=CRITICAL "HTTP/1.1 200 OK"
2026-09-27 15:57:55,987 [vuln-engine.nvd_delta] INFO: NVD delta: 0 critical CVE(s) since 2026-09-27T13:27:54.981664+00:00
2026-09-27 15:57:55,987 [apscheduler.executors.default] INFO: Job "NVD Delta Collector (trigger: interval[0:30:00], next run at: 2026-09-27 16:27:54 CEST)" executed successfully
2026-09-27 15:57:59,706 [vuln-engine.vendor_rss] INFO: Vendor RSS [microsoft_msrc]: parsed 5228 entries
2026-09-27 15:57:59,723 [httpx] INFO: HTTP Request: GET https://localhost/ocsapi/v1/computer/21/software "HTTP/1.1 200 OK"
2026-09-27 15:57:59,726 [httpx] INFO: HTTP Request: GET https://www.intersystems.com/support/product-alerts-advisories/ "HTTP/1.1 200 OK"
2026-09-27 15:57:59,881 [vuln-engine.intersystems] INFO: InterSystems: found 10 advisories on page
2026-09-27 15:57:59,881 [apscheduler.executors.default] INFO: Job "InterSystems Collector (trigger: interval[1:00:00], next run at: 2026-09-27 16:57:54 CEST)" executed successfully
2026-09-27 15:58:00,001 [httpx] INFO: HTTP Request: GET https://www.debian.org/security/dsa "HTTP/1.1 200 OK"
2026-09-27 15:58:00,038 [vuln-engine.vendor_rss] INFO: Vendor RSS [debian_dsa]: parsed 30 entries
2026-09-27 15:58:00,798 [httpx] INFO: HTTP Request: GET https://localhost/ocsapi/v1/computer/32/software "HTTP/1.1 200 OK"
2026-09-27 15:58:01,510 [httpx] INFO: HTTP Request: GET https://sec.cloudapps.cisco.com/security/center/psirtrss20/CiscoSecurityAdvisory.xml "HTTP/1.1 200 OK"
2026-09-27 15:58:01,838 [vuln-engine.vendor_rss] INFO: Vendor RSS [cisco]: parsed 50 entries
2026-09-27 15:58:01,857 [httpx] INFO: HTTP Request: GET https://localhost/ocsapi/v1/computer/33/software "HTTP/1.1 200 OK"
2026-09-27 15:58:01,917 [httpx] INFO: HTTP Request: GET https://www.cert.ssi.gouv.fr/avis/feed/ "HTTP/1.1 200 OK"
2026-09-27 15:58:01,941 [vuln-engine.vendor_rss] INFO: Vendor RSS [certfr_avis]: parsed 40 entries
2026-09-27 15:58:01,975 [httpx] INFO: HTTP Request: GET https://www.cert.ssi.gouv.fr/alerte/feed/ "HTTP/1.1 200 OK"
2026-09-27 15:58:02,000 [vuln-engine.vendor_rss] INFO: Vendor RSS [certfr_alertes]: parsed 40 entries
2026-09-27 15:58:02,208 [httpx] INFO: HTTP Request: GET https://cert.europa.eu/publications/security-advisories-rss "HTTP/1.1 200 OK"
2026-09-27 15:58:02,219 [vuln-engine.vendor_rss] INFO: Vendor RSS [cert_eu]: parsed 10 entries
2026-09-27 15:58:02,279 [httpx] INFO: HTTP Request: GET https://ubuntu.com/security/notices/rss.xml "HTTP/1.1 200 OK"
2026-09-27 15:58:02,290 [vuln-engine.vendor_rss] INFO: Vendor RSS [ubuntu]: parsed 10 entries
2026-09-27 15:58:02,550 [httpx] INFO: HTTP Request: GET https://localhost/ocsapi/v1/computer/14/software "HTTP/1.1 200 OK"
2026-09-27 15:58:02,567 [httpx] INFO: HTTP Request: GET https://access.redhat.com/errata-search/feed/?q=*&advisory_type=Security+Advisory&severity=Critical "HTTP/1.1 200 OK"
2026-09-27 15:58:02,640 [vuln-engine.vendor_rss] INFO: Vendor RSS [redhat]: parsed 0 entries
2026-09-27 15:58:02,640 [apscheduler.executors.default] INFO: Job "Vendor RSS Collector (trigger: interval[1:00:00], next run at: 2026-09-27 16:57:54 CEST)" executed successfully
2026-09-27 15:58:03,311 [httpx] INFO: HTTP Request: GET https://localhost/ocsapi/v1/computer/15/software "HTTP/1.1 200 OK"
2026-09-27 15:58:04,524 [httpx] INFO: HTTP Request: GET https://localhost/ocsapi/v1/computer/4/software "HTTP/1.1 200 OK"
2026-09-27 15:58:04,987 [httpx] INFO: HTTP Request: GET https://localhost/ocsapi/v1/computer/16/software "HTTP/1.1 200 OK"
2026-09-27 15:58:05,085 [httpx] INFO: HTTP Request: GET https://localhost/ocsapi/v1/computer/26/software "HTTP/1.1 200 OK"
2026-09-27 15:58:05,117 [httpx] INFO: HTTP Request: GET https://localhost/ocsapi/v1/computer/10/software "HTTP/1.1 200 OK"
2026-09-27 15:58:05,379 [httpx] INFO: HTTP Request: GET https://localhost/ocsapi/v1/computer/11/software "HTTP/1.1 200 OK"
2026-09-27 15:58:05,462 [httpx] INFO: HTTP Request: GET https://localhost/ocsapi/v1/computer/12/software "HTTP/1.1 200 OK"
2026-09-27 15:58:05,528 [httpx] INFO: HTTP Request: GET https://localhost/ocsapi/v1/computer/13/software "HTTP/1.1 200 OK"
2026-09-27 15:58:05,537 [vuln-engine.ocs_cache] INFO: OCS cache refreshed: 12 machines, 3812 unique packages
2026-09-27 15:58:05,538 [apscheduler.executors.default] INFO: Job "OCS Cache Refresh (trigger: interval[2:00:00], next run at: 2026-09-27 17:57:54 CEST)" executed successfully
2026-09-27 16:27:55,005 [apscheduler.executors.default] INFO: Running job "NVD Delta Collector (trigger: interval[0:30:00], next run at: 2026-09-27 16:57:54 CEST)" (scheduled at 2026-09-27 16:27:54.974422+02:00)
2026-09-27 16:27:55,023 [vuln-engine.scheduler] INFO: ⏰ Running NVD delta collector...
2026-09-27 16:27:56,009 [httpx] INFO: HTTP Request: GET https://services.nvd.nist.gov/rest/json/cves/2.0?lastModStartDate=2026-09-27T13%3A57%3A54.000&lastModEndDate=2026-09-27T14%3A27%3A55.000&cvssV3Severity=CRITICAL "HTTP/1.1 200 OK"
2026-09-27 16:27:56,022 [vuln-engine.nvd_delta] INFO: NVD delta: 0 critical CVE(s) since 2026-09-27T13:57:54.985573+00:00
2026-09-27 16:27:56,024 [apscheduler.executors.default] INFO: Job "NVD Delta Collector (trigger: interval[0:30:00], next run at: 2026-09-27 16:57:54 CEST)" executed successfully
2026-09-27 16:57:54,982 [apscheduler.executors.default] INFO: Running job "NVD Delta Collector (trigger: interval[0:30:00], next run at: 2026-09-27 17:27:54 CEST)" (scheduled at 2026-09-27 16:57:54.974422+02:00)
2026-09-27 16:57:54,989 [vuln-engine.scheduler] INFO: ⏰ Running NVD delta collector...
2026-09-27 16:57:55,042 [apscheduler.executors.default] INFO: Running job "CISA KEV Collector (trigger: interval[1:00:00], next run at: 2026-09-27 17:57:54 CEST)" (scheduled at 2026-09-27 16:57:54.974597+02:00)
2026-09-27 16:57:55,043 [vuln-engine.scheduler] INFO: ⏰ Running CISA KEV collector...
2026-09-27 16:57:55,085 [apscheduler.executors.default] INFO: Running job "InterSystems Collector (trigger: interval[1:00:00], next run at: 2026-09-27 17:57:54 CEST)" (scheduled at 2026-09-27 16:57:54.974735+02:00)
2026-09-27 16:57:55,087 [vuln-engine.scheduler] INFO: ⏰ Running InterSystems collector...
2026-09-27 16:57:55,129 [apscheduler.executors.default] INFO: Running job "Vendor RSS Collector (trigger: interval[1:00:00], next run at: 2026-09-27 17:57:54 CEST)" (scheduled at 2026-09-27 16:57:54.974861+02:00)
2026-09-27 16:57:55,130 [vuln-engine.scheduler] INFO: ⏰ Running Vendor RSS collector...
2026-09-27 16:57:55,281 [httpx] INFO: HTTP Request: GET https://www.cisa.gov/sites/default/files/feeds/known_exploited_vulnerabilities.json "HTTP/1.1 200 OK"
2026-09-27 16:57:55,560 [apscheduler.executors.default] INFO: Job "CISA KEV Collector (trigger: interval[1:00:00], next run at: 2026-09-27 17:57:54 CEST)" executed successfully
2026-09-27 16:57:55,741 [httpx] INFO: HTTP Request: GET https://api.msrc.microsoft.com/update-guide/rss "HTTP/1.1 200 OK"
2026-09-27 16:57:56,108 [httpx] INFO: HTTP Request: GET https://services.nvd.nist.gov/rest/json/cves/2.0?lastModStartDate=2026-09-27T14%3A27%3A55.000&lastModEndDate=2026-09-27T14%3A57%3A54.000&cvssV3Severity=CRITICAL "HTTP/1.1 200 OK"
2026-09-27 16:57:56,111 [vuln-engine.nvd_delta] INFO: NVD delta: 0 critical CVE(s) since 2026-09-27T14:27:55.024211+00:00
2026-09-27 16:57:56,111 [apscheduler.executors.default] INFO: Job "NVD Delta Collector (trigger: interval[0:30:00], next run at: 2026-09-27 17:27:54 CEST)" executed successfully
2026-09-27 16:58:00,968 [vuln-engine.vendor_rss] INFO: Vendor RSS [microsoft_msrc]: parsed 5228 entries
2026-09-27 16:58:00,987 [httpx] INFO: HTTP Request: GET https://www.intersystems.com/support/product-alerts-advisories/ "HTTP/1.1 200 OK"
2026-09-27 16:58:01,144 [vuln-engine.intersystems] INFO: InterSystems: found 10 advisories on page
2026-09-27 16:58:01,145 [apscheduler.executors.default] INFO: Job "InterSystems Collector (trigger: interval[1:00:00], next run at: 2026-09-27 17:57:54 CEST)" executed successfully
2026-09-27 16:58:01,320 [httpx] INFO: HTTP Request: GET https://www.debian.org/security/dsa "HTTP/1.1 200 OK"
2026-09-27 16:58:01,364 [vuln-engine.vendor_rss] INFO: Vendor RSS [debian_dsa]: parsed 30 entries
2026-09-27 16:58:02,773 [httpx] INFO: HTTP Request: GET https://sec.cloudapps.cisco.com/security/center/psirtrss20/CiscoSecurityAdvisory.xml "HTTP/1.1 200 OK"
2026-09-27 16:58:03,101 [vuln-engine.vendor_rss] INFO: Vendor RSS [cisco]: parsed 50 entries
2026-09-27 16:58:03,139 [httpx] INFO: HTTP Request: GET https://www.cert.ssi.gouv.fr/avis/feed/ "HTTP/1.1 200 OK"
2026-09-27 16:58:03,160 [vuln-engine.vendor_rss] INFO: Vendor RSS [certfr_avis]: parsed 40 entries
2026-09-27 16:58:03,206 [httpx] INFO: HTTP Request: GET https://www.cert.ssi.gouv.fr/alerte/feed/ "HTTP/1.1 200 OK"
2026-09-27 16:58:03,227 [vuln-engine.vendor_rss] INFO: Vendor RSS [certfr_alertes]: parsed 40 entries
2026-09-27 16:58:03,426 [httpx] INFO: HTTP Request: GET https://cert.europa.eu/publications/security-advisories-rss "HTTP/1.1 200 OK"
2026-09-27 16:58:03,437 [vuln-engine.vendor_rss] INFO: Vendor RSS [cert_eu]: parsed 10 entries
2026-09-27 16:58:03,497 [httpx] INFO: HTTP Request: GET https://ubuntu.com/security/notices/rss.xml "HTTP/1.1 200 OK"
2026-09-27 16:58:03,503 [vuln-engine.vendor_rss] INFO: Vendor RSS [ubuntu]: parsed 10 entries
2026-09-27 16:58:03,821 [httpx] INFO: HTTP Request: GET https://access.redhat.com/errata-search/feed/?q=*&advisory_type=Security+Advisory&severity=Critical "HTTP/1.1 200 OK"
2026-09-27 16:58:03,908 [vuln-engine.vendor_rss] INFO: Vendor RSS [redhat]: parsed 0 entries
2026-09-27 16:58:03,913 [apscheduler.executors.default] INFO: Job "Vendor RSS Collector (trigger: interval[1:00:00], next run at: 2026-09-27 17:57:54 CEST)" executed successfully
2026-09-27 17:27:54,976 [apscheduler.executors.default] INFO: Running job "NVD Delta Collector (trigger: interval[0:30:00], next run at: 2026-09-27 17:57:54 CEST)" (scheduled at 2026-09-27 17:27:54.974422+02:00)
2026-09-27 17:27:54,978 [vuln-engine.scheduler] INFO: ⏰ Running NVD delta collector...
2026-09-27 17:27:55,751 [httpx] INFO: HTTP Request: GET https://services.nvd.nist.gov/rest/json/cves/2.0?lastModStartDate=2026-09-27T14%3A57%3A54.000&lastModEndDate=2026-09-27T15%3A27%3A54.000&cvssV3Severity=CRITICAL "HTTP/1.1 200 OK"
2026-09-27 17:27:55,753 [vuln-engine.nvd_delta] INFO: NVD delta: 0 critical CVE(s) since 2026-09-27T14:57:54.989719+00:00
2026-09-27 17:27:55,753 [apscheduler.executors.default] INFO: Job "NVD Delta Collector (trigger: interval[0:30:00], next run at: 2026-09-27 17:57:54 CEST)" executed successfully
2026-09-27 17:57:54,977 [apscheduler.executors.default] INFO: Running job "NVD Delta Collector (trigger: interval[0:30:00], next run at: 2026-09-27 18:27:54 CEST)" (scheduled at 2026-09-27 17:57:54.974422+02:00)
2026-09-27 17:57:54,978 [vuln-engine.scheduler] INFO: ⏰ Running NVD delta collector...
2026-09-27 17:57:55,012 [apscheduler.executors.default] INFO: Running job "CISA KEV Collector (trigger: interval[1:00:00], next run at: 2026-09-27 18:57:54 CEST)" (scheduled at 2026-09-27 17:57:54.974597+02:00)
2026-09-27 17:57:55,012 [vuln-engine.scheduler] INFO: ⏰ Running CISA KEV collector...
2026-09-27 17:57:55,035 [apscheduler.executors.default] INFO: Running job "InterSystems Collector (trigger: interval[1:00:00], next run at: 2026-09-27 18:57:54 CEST)" (scheduled at 2026-09-27 17:57:54.974735+02:00)
2026-09-27 17:57:55,036 [vuln-engine.scheduler] INFO: ⏰ Running InterSystems collector...
2026-09-27 17:57:55,061 [apscheduler.executors.default] INFO: Running job "Vendor RSS Collector (trigger: interval[1:00:00], next run at: 2026-09-27 18:57:54 CEST)" (scheduled at 2026-09-27 17:57:54.974861+02:00)
2026-09-27 17:57:55,061 [vuln-engine.scheduler] INFO: ⏰ Running Vendor RSS collector...
2026-09-27 17:57:55,092 [apscheduler.executors.default] INFO: Running job "OCS Cache Refresh (trigger: interval[2:00:00], next run at: 2026-09-27 19:57:54 CEST)" (scheduled at 2026-09-27 17:57:54.974982+02:00)
2026-09-27 17:57:55,092 [vuln-engine.ocs_cache] INFO: Refreshing OCS inventory cache...
2026-09-27 17:57:55,205 [httpx] INFO: HTTP Request: GET https://www.cisa.gov/sites/default/files/feeds/known_exploited_vulnerabilities.json "HTTP/1.1 200 OK"
2026-09-27 17:57:55,327 [apscheduler.executors.default] INFO: Job "CISA KEV Collector (trigger: interval[1:00:00], next run at: 2026-09-27 18:57:54 CEST)" executed successfully
2026-09-27 17:57:55,651 [httpx] INFO: HTTP Request: GET https://api.msrc.microsoft.com/update-guide/rss "HTTP/1.1 200 OK"
2026-09-27 17:57:55,864 [httpx] INFO: HTTP Request: GET https://services.nvd.nist.gov/rest/json/cves/2.0?lastModStartDate=2026-09-27T15%3A27%3A54.000&lastModEndDate=2026-09-27T15%3A57%3A54.000&cvssV3Severity=CRITICAL "HTTP/1.1 200 OK"
2026-09-27 17:57:55,866 [vuln-engine.nvd_delta] INFO: NVD delta: 0 critical CVE(s) since 2026-09-27T15:27:54.978348+00:00
2026-09-27 17:57:55,866 [apscheduler.executors.default] INFO: Job "NVD Delta Collector (trigger: interval[0:30:00], next run at: 2026-09-27 18:27:54 CEST)" executed successfully
2026-09-27 17:57:55,926 [httpx] INFO: HTTP Request: GET https://localhost/ocsapi/v1/computers/listID "HTTP/1.1 200 OK"
2026-09-27 17:57:59,286 [vuln-engine.vendor_rss] INFO: Vendor RSS [microsoft_msrc]: parsed 5228 entries
2026-09-27 17:57:59,299 [httpx] INFO: HTTP Request: GET https://localhost/ocsapi/v1/computer/21/software "HTTP/1.1 200 OK"
2026-09-27 17:57:59,302 [httpx] INFO: HTTP Request: GET https://www.intersystems.com/support/product-alerts-advisories/ "HTTP/1.1 200 OK"
2026-09-27 17:57:59,344 [vuln-engine.intersystems] INFO: InterSystems: found 10 advisories on page
2026-09-27 17:57:59,344 [apscheduler.executors.default] INFO: Job "InterSystems Collector (trigger: interval[1:00:00], next run at: 2026-09-27 18:57:54 CEST)" executed successfully
2026-09-27 17:57:59,530 [httpx] INFO: HTTP Request: GET https://www.debian.org/security/dsa "HTTP/1.1 200 OK"
2026-09-27 17:57:59,557 [vuln-engine.vendor_rss] INFO: Vendor RSS [debian_dsa]: parsed 30 entries
2026-09-27 17:58:00,406 [httpx] INFO: HTTP Request: GET https://localhost/ocsapi/v1/computer/32/software "HTTP/1.1 200 OK"
2026-09-27 17:58:00,873 [httpx] INFO: HTTP Request: GET https://sec.cloudapps.cisco.com/security/center/psirtrss20/CiscoSecurityAdvisory.xml "HTTP/1.1 200 OK"
2026-09-27 17:58:01,246 [vuln-engine.vendor_rss] INFO: Vendor RSS [cisco]: parsed 50 entries
2026-09-27 17:58:01,259 [httpx] INFO: HTTP Request: GET https://localhost/ocsapi/v1/computer/33/software "HTTP/1.1 200 OK"
2026-09-27 17:58:01,332 [httpx] INFO: HTTP Request: GET https://www.cert.ssi.gouv.fr/avis/feed/ "HTTP/1.1 200 OK"
2026-09-27 17:58:01,349 [vuln-engine.vendor_rss] INFO: Vendor RSS [certfr_avis]: parsed 40 entries
2026-09-27 17:58:01,388 [httpx] INFO: HTTP Request: GET https://www.cert.ssi.gouv.fr/alerte/feed/ "HTTP/1.1 200 OK"
2026-09-27 17:58:01,406 [vuln-engine.vendor_rss] INFO: Vendor RSS [certfr_alertes]: parsed 40 entries
2026-09-27 17:58:01,602 [httpx] INFO: HTTP Request: GET https://cert.europa.eu/publications/security-advisories-rss "HTTP/1.1 200 OK"
2026-09-27 17:58:01,611 [vuln-engine.vendor_rss] INFO: Vendor RSS [cert_eu]: parsed 10 entries
2026-09-27 17:58:01,665 [httpx] INFO: HTTP Request: GET https://ubuntu.com/security/notices/rss.xml "HTTP/1.1 200 OK"
2026-09-27 17:58:01,675 [vuln-engine.vendor_rss] INFO: Vendor RSS [ubuntu]: parsed 10 entries
2026-09-27 17:58:01,918 [httpx] INFO: HTTP Request: GET https://localhost/ocsapi/v1/computer/14/software "HTTP/1.1 200 OK"
2026-09-27 17:58:01,964 [httpx] INFO: HTTP Request: GET https://access.redhat.com/errata-search/feed/?q=*&advisory_type=Security+Advisory&severity=Critical "HTTP/1.1 200 OK"
2026-09-27 17:58:02,037 [vuln-engine.vendor_rss] INFO: Vendor RSS [redhat]: parsed 0 entries
2026-09-27 17:58:02,038 [apscheduler.executors.default] INFO: Job "Vendor RSS Collector (trigger: interval[1:00:00], next run at: 2026-09-27 18:57:54 CEST)" executed successfully
2026-09-27 17:58:02,596 [httpx] INFO: HTTP Request: GET https://localhost/ocsapi/v1/computer/15/software "HTTP/1.1 200 OK"
2026-09-27 17:58:03,646 [httpx] INFO: HTTP Request: GET https://localhost/ocsapi/v1/computer/4/software "HTTP/1.1 200 OK"
2026-09-27 17:58:04,111 [httpx] INFO: HTTP Request: GET https://localhost/ocsapi/v1/computer/16/software "HTTP/1.1 200 OK"
2026-09-27 17:58:04,187 [httpx] INFO: HTTP Request: GET https://localhost/ocsapi/v1/computer/26/software "HTTP/1.1 200 OK"
2026-09-27 17:58:04,211 [httpx] INFO: HTTP Request: GET https://localhost/ocsapi/v1/computer/10/software "HTTP/1.1 200 OK"
2026-09-27 17:58:04,456 [httpx] INFO: HTTP Request: GET https://localhost/ocsapi/v1/computer/11/software "HTTP/1.1 200 OK"
2026-09-27 17:58:04,557 [httpx] INFO: HTTP Request: GET https://localhost/ocsapi/v1/computer/12/software "HTTP/1.1 200 OK"
2026-09-27 17:58:04,613 [httpx] INFO: HTTP Request: GET https://localhost/ocsapi/v1/computer/13/software "HTTP/1.1 200 OK"
2026-09-27 17:58:04,637 [vuln-engine.ocs_cache] INFO: OCS cache refreshed: 12 machines, 3812 unique packages
2026-09-27 17:58:04,637 [apscheduler.executors.default] INFO: Job "OCS Cache Refresh (trigger: interval[2:00:00], next run at: 2026-09-27 19:57:54 CEST)" executed successfully
2026-09-27 18:27:54,977 [apscheduler.executors.default] INFO: Running job "NVD Delta Collector (trigger: interval[0:30:00], next run at: 2026-09-27 18:57:54 CEST)" (scheduled at 2026-09-27 18:27:54.974422+02:00)
2026-09-27 18:27:54,977 [vuln-engine.scheduler] INFO: ⏰ Running NVD delta collector...
2026-09-27 18:27:55,723 [httpx] INFO: HTTP Request: GET https://services.nvd.nist.gov/rest/json/cves/2.0?lastModStartDate=2026-09-27T15%3A57%3A54.000&lastModEndDate=2026-09-27T16%3A27%3A54.000&cvssV3Severity=CRITICAL "HTTP/1.1 200 OK"
2026-09-27 18:27:55,725 [vuln-engine.nvd_delta] INFO: NVD delta: 0 critical CVE(s) since 2026-09-27T15:57:54.978255+00:00
2026-09-27 18:27:55,725 [apscheduler.executors.default] INFO: Job "NVD Delta Collector (trigger: interval[0:30:00], next run at: 2026-09-27 18:57:54 CEST)" executed successfully
2026-09-27 18:57:54,976 [apscheduler.executors.default] INFO: Running job "NVD Delta Collector (trigger: interval[0:30:00], next run at: 2026-09-27 19:27:54 CEST)" (scheduled at 2026-09-27 18:57:54.974422+02:00)
2026-09-27 18:57:54,977 [vuln-engine.scheduler] INFO: ⏰ Running NVD delta collector...
2026-09-27 18:57:54,994 [apscheduler.executors.default] INFO: Running job "CISA KEV Collector (trigger: interval[1:00:00], next run at: 2026-09-27 19:57:54 CEST)" (scheduled at 2026-09-27 18:57:54.974597+02:00)
2026-09-27 18:57:54,995 [vuln-engine.scheduler] INFO: ⏰ Running CISA KEV collector...
2026-09-27 18:57:55,009 [apscheduler.executors.default] INFO: Running job "InterSystems Collector (trigger: interval[1:00:00], next run at: 2026-09-27 19:57:54 CEST)" (scheduled at 2026-09-27 18:57:54.974735+02:00)
2026-09-27 18:57:55,009 [vuln-engine.scheduler] INFO: ⏰ Running InterSystems collector...
2026-09-27 18:57:55,022 [apscheduler.executors.default] INFO: Running job "Vendor RSS Collector (trigger: interval[1:00:00], next run at: 2026-09-27 19:57:54 CEST)" (scheduled at 2026-09-27 18:57:54.974861+02:00)
2026-09-27 18:57:55,022 [vuln-engine.scheduler] INFO: ⏰ Running Vendor RSS collector...
2026-09-27 18:57:55,138 [httpx] INFO: HTTP Request: GET https://www.cisa.gov/sites/default/files/feeds/known_exploited_vulnerabilities.json "HTTP/1.1 200 OK"
2026-09-27 18:57:55,170 [apscheduler.executors.default] INFO: Job "CISA KEV Collector (trigger: interval[1:00:00], next run at: 2026-09-27 19:57:54 CEST)" executed successfully
2026-09-27 18:57:55,589 [httpx] INFO: HTTP Request: GET https://api.msrc.microsoft.com/update-guide/rss "HTTP/1.1 200 OK"
2026-09-27 18:57:55,777 [httpx] INFO: HTTP Request: GET https://services.nvd.nist.gov/rest/json/cves/2.0?lastModStartDate=2026-09-27T16%3A27%3A54.000&lastModEndDate=2026-09-27T16%3A57%3A54.000&cvssV3Severity=CRITICAL "HTTP/1.1 200 OK"
2026-09-27 18:57:55,778 [vuln-engine.nvd_delta] INFO: NVD delta: 0 critical CVE(s) since 2026-09-27T16:27:54.978078+00:00
2026-09-27 18:57:55,778 [apscheduler.executors.default] INFO: Job "NVD Delta Collector (trigger: interval[0:30:00], next run at: 2026-09-27 19:27:54 CEST)" executed successfully
2026-09-27 18:57:59,143 [vuln-engine.vendor_rss] INFO: Vendor RSS [microsoft_msrc]: parsed 5228 entries
2026-09-27 18:57:59,158 [httpx] INFO: HTTP Request: GET https://www.intersystems.com/support/product-alerts-advisories/ "HTTP/1.1 200 OK"
2026-09-27 18:57:59,168 [vuln-engine.intersystems] INFO: InterSystems: found 10 advisories on page
2026-09-27 18:57:59,168 [apscheduler.executors.default] INFO: Job "InterSystems Collector (trigger: interval[1:00:00], next run at: 2026-09-27 19:57:54 CEST)" executed successfully
2026-09-27 18:57:59,477 [httpx] INFO: HTTP Request: GET https://www.debian.org/security/dsa "HTTP/1.1 200 OK"
2026-09-27 18:57:59,506 [vuln-engine.vendor_rss] INFO: Vendor RSS [debian_dsa]: parsed 30 entries
2026-09-27 18:58:00,711 [httpx] INFO: HTTP Request: GET https://sec.cloudapps.cisco.com/security/center/psirtrss20/CiscoSecurityAdvisory.xml "HTTP/1.1 200 OK"
2026-09-27 18:58:01,081 [vuln-engine.vendor_rss] INFO: Vendor RSS [cisco]: parsed 50 entries
2026-09-27 18:58:01,114 [httpx] INFO: HTTP Request: GET https://www.cert.ssi.gouv.fr/avis/feed/ "HTTP/1.1 200 OK"
2026-09-27 18:58:01,131 [vuln-engine.vendor_rss] INFO: Vendor RSS [certfr_avis]: parsed 40 entries
2026-09-27 18:58:01,163 [httpx] INFO: HTTP Request: GET https://www.cert.ssi.gouv.fr/alerte/feed/ "HTTP/1.1 200 OK"
2026-09-27 18:58:01,180 [vuln-engine.vendor_rss] INFO: Vendor RSS [certfr_alertes]: parsed 40 entries
2026-09-27 18:58:01,409 [httpx] INFO: HTTP Request: GET https://cert.europa.eu/publications/security-advisories-rss "HTTP/1.1 200 OK"
2026-09-27 18:58:01,416 [vuln-engine.vendor_rss] INFO: Vendor RSS [cert_eu]: parsed 10 entries
2026-09-27 18:58:01,472 [httpx] INFO: HTTP Request: GET https://ubuntu.com/security/notices/rss.xml "HTTP/1.1 200 OK"
2026-09-27 18:58:01,479 [vuln-engine.vendor_rss] INFO: Vendor RSS [ubuntu]: parsed 10 entries
2026-09-27 18:58:01,848 [httpx] INFO: HTTP Request: GET https://access.redhat.com/errata-search/feed/?q=*&advisory_type=Security+Advisory&severity=Critical "HTTP/1.1 200 OK"
2026-09-27 18:58:01,902 [vuln-engine.vendor_rss] INFO: Vendor RSS [redhat]: parsed 0 entries
2026-09-27 18:58:01,902 [apscheduler.executors.default] INFO: Job "Vendor RSS Collector (trigger: interval[1:00:00], next run at: 2026-09-27 19:57:54 CEST)" executed successfully
2026-09-27 19:27:54,977 [apscheduler.executors.default] INFO: Running job "NVD Delta Collector (trigger: interval[0:30:00], next run at: 2026-09-27 19:57:54 CEST)" (scheduled at 2026-09-27 19:27:54.974422+02:00)
2026-09-27 19:27:54,978 [vuln-engine.scheduler] INFO: ⏰ Running NVD delta collector...
2026-09-27 19:27:55,752 [httpx] INFO: HTTP Request: GET https://services.nvd.nist.gov/rest/json/cves/2.0?lastModStartDate=2026-09-27T16%3A57%3A54.000&lastModEndDate=2026-09-27T17%3A27%3A54.000&cvssV3Severity=CRITICAL "HTTP/1.1 200 OK"
2026-09-27 19:27:55,755 [vuln-engine.nvd_delta] INFO: NVD delta: 0 critical CVE(s) since 2026-09-27T16:57:54.977670+00:00
2026-09-27 19:27:55,755 [apscheduler.executors.default] INFO: Job "NVD Delta Collector (trigger: interval[0:30:00], next run at: 2026-09-27 19:57:54 CEST)" executed successfully
2026-09-27 19:57:54,977 [apscheduler.executors.default] INFO: Running job "NVD Delta Collector (trigger: interval[0:30:00], next run at: 2026-09-27 20:27:54 CEST)" (scheduled at 2026-09-27 19:57:54.974422+02:00)
2026-09-27 19:57:54,979 [vuln-engine.scheduler] INFO: ⏰ Running NVD delta collector...
2026-09-27 19:57:54,997 [apscheduler.executors.default] INFO: Running job "CISA KEV Collector (trigger: interval[1:00:00], next run at: 2026-09-27 20:57:54 CEST)" (scheduled at 2026-09-27 19:57:54.974597+02:00)
2026-09-27 19:57:54,997 [vuln-engine.scheduler] INFO: ⏰ Running CISA KEV collector...
2026-09-27 19:57:55,010 [apscheduler.executors.default] INFO: Running job "InterSystems Collector (trigger: interval[1:00:00], next run at: 2026-09-27 20:57:54 CEST)" (scheduled at 2026-09-27 19:57:54.974735+02:00)
2026-09-27 19:57:55,010 [vuln-engine.scheduler] INFO: ⏰ Running InterSystems collector...
2026-09-27 19:57:55,022 [apscheduler.executors.default] INFO: Running job "Vendor RSS Collector (trigger: interval[1:00:00], next run at: 2026-09-27 20:57:54 CEST)" (scheduled at 2026-09-27 19:57:54.974861+02:00)
2026-09-27 19:57:55,023 [vuln-engine.scheduler] INFO: ⏰ Running Vendor RSS collector...
2026-09-27 19:57:55,036 [apscheduler.executors.default] INFO: Running job "OCS Cache Refresh (trigger: interval[2:00:00], next run at: 2026-09-27 21:57:54 CEST)" (scheduled at 2026-09-27 19:57:54.974982+02:00)
2026-09-27 19:57:55,036 [vuln-engine.ocs_cache] INFO: Refreshing OCS inventory cache...
2026-09-27 19:57:55,066 [httpx] INFO: HTTP Request: GET https://localhost/ocsapi/v1/computers/listID "HTTP/1.1 200 OK"
2026-09-27 19:57:55,137 [httpx] INFO: HTTP Request: GET https://www.cisa.gov/sites/default/files/feeds/known_exploited_vulnerabilities.json "HTTP/1.1 200 OK"
2026-09-27 19:57:55,149 [httpx] INFO: HTTP Request: GET https://localhost/ocsapi/v1/computer/21/software "HTTP/1.1 200 OK"
2026-09-27 19:57:55,215 [apscheduler.executors.default] INFO: Job "CISA KEV Collector (trigger: interval[1:00:00], next run at: 2026-09-27 20:57:54 CEST)" executed successfully
2026-09-27 19:57:55,265 [httpx] INFO: HTTP Request: GET https://localhost/ocsapi/v1/computer/32/software "HTTP/1.1 200 OK"
2026-09-27 19:57:55,311 [httpx] INFO: HTTP Request: GET https://localhost/ocsapi/v1/computer/33/software "HTTP/1.1 200 OK"
2026-09-27 19:57:55,334 [httpx] INFO: HTTP Request: GET https://localhost/ocsapi/v1/computer/14/software "HTTP/1.1 200 OK"
2026-09-27 19:57:55,353 [httpx] INFO: HTTP Request: GET https://localhost/ocsapi/v1/computer/15/software "HTTP/1.1 200 OK"
2026-09-27 19:57:55,475 [httpx] INFO: HTTP Request: GET https://localhost/ocsapi/v1/computer/4/software "HTTP/1.1 200 OK"
2026-09-27 19:57:55,630 [httpx] INFO: HTTP Request: GET https://api.msrc.microsoft.com/update-guide/rss "HTTP/1.1 200 OK"
2026-09-27 19:57:55,637 [httpx] INFO: HTTP Request: GET https://localhost/ocsapi/v1/computer/16/software "HTTP/1.1 200 OK"
2026-09-27 19:57:55,684 [httpx] INFO: HTTP Request: GET https://localhost/ocsapi/v1/computer/26/software "HTTP/1.1 200 OK"
2026-09-27 19:57:55,702 [httpx] INFO: HTTP Request: GET https://localhost/ocsapi/v1/computer/10/software "HTTP/1.1 200 OK"
2026-09-27 19:57:55,820 [httpx] INFO: HTTP Request: GET https://localhost/ocsapi/v1/computer/11/software "HTTP/1.1 200 OK"
2026-09-27 19:57:55,853 [httpx] INFO: HTTP Request: GET https://localhost/ocsapi/v1/computer/12/software "HTTP/1.1 200 OK"
2026-09-27 19:57:55,867 [httpx] INFO: HTTP Request: GET https://localhost/ocsapi/v1/computer/13/software "HTTP/1.1 200 OK"
2026-09-27 19:57:55,871 [vuln-engine.ocs_cache] INFO: OCS cache refreshed: 12 machines, 3812 unique packages
2026-09-27 19:57:55,872 [apscheduler.executors.default] INFO: Job "OCS Cache Refresh (trigger: interval[2:00:00], next run at: 2026-09-27 21:57:54 CEST)" executed successfully
2026-09-27 19:57:56,207 [httpx] INFO: HTTP Request: GET https://services.nvd.nist.gov/rest/json/cves/2.0?lastModStartDate=2026-09-27T17%3A27%3A54.000&lastModEndDate=2026-09-27T17%3A57%3A54.000&cvssV3Severity=CRITICAL "HTTP/1.1 200 OK"
2026-09-27 19:57:56,209 [vuln-engine.nvd_delta] INFO: NVD delta: 0 critical CVE(s) since 2026-09-27T17:27:54.978233+00:00
2026-09-27 19:57:56,209 [apscheduler.executors.default] INFO: Job "NVD Delta Collector (trigger: interval[0:30:00], next run at: 2026-09-27 20:27:54 CEST)" executed successfully
2026-09-27 19:57:59,391 [vuln-engine.vendor_rss] INFO: Vendor RSS [microsoft_msrc]: parsed 5228 entries
2026-09-27 19:57:59,404 [httpx] INFO: HTTP Request: GET https://www.intersystems.com/support/product-alerts-advisories/ "HTTP/1.1 200 OK"
2026-09-27 19:57:59,436 [vuln-engine.intersystems] INFO: InterSystems: found 10 advisories on page
2026-09-27 19:57:59,436 [apscheduler.executors.default] INFO: Job "InterSystems Collector (trigger: interval[1:00:00], next run at: 2026-09-27 20:57:54 CEST)" executed successfully
2026-09-27 19:57:59,637 [httpx] INFO: HTTP Request: GET https://www.debian.org/security/dsa "HTTP/1.1 200 OK"
2026-09-27 19:57:59,663 [vuln-engine.vendor_rss] INFO: Vendor RSS [debian_dsa]: parsed 30 entries
2026-09-27 19:58:00,983 [httpx] INFO: HTTP Request: GET https://sec.cloudapps.cisco.com/security/center/psirtrss20/CiscoSecurityAdvisory.xml "HTTP/1.1 200 OK"
2026-09-27 19:58:01,350 [vuln-engine.vendor_rss] INFO: Vendor RSS [cisco]: parsed 50 entries
2026-09-27 19:58:01,390 [httpx] INFO: HTTP Request: GET https://www.cert.ssi.gouv.fr/avis/feed/ "HTTP/1.1 200 OK"
2026-09-27 19:58:01,408 [vuln-engine.vendor_rss] INFO: Vendor RSS [certfr_avis]: parsed 40 entries
2026-09-27 19:58:01,439 [httpx] INFO: HTTP Request: GET https://www.cert.ssi.gouv.fr/alerte/feed/ "HTTP/1.1 200 OK"
2026-09-27 19:58:01,456 [vuln-engine.vendor_rss] INFO: Vendor RSS [certfr_alertes]: parsed 40 entries
2026-09-27 19:58:01,689 [httpx] INFO: HTTP Request: GET https://cert.europa.eu/publications/security-advisories-rss "HTTP/1.1 200 OK"
2026-09-27 19:58:01,696 [vuln-engine.vendor_rss] INFO: Vendor RSS [cert_eu]: parsed 10 entries
2026-09-27 19:58:01,750 [httpx] INFO: HTTP Request: GET https://ubuntu.com/security/notices/rss.xml "HTTP/1.1 200 OK"
2026-09-27 19:58:01,756 [vuln-engine.vendor_rss] INFO: Vendor RSS [ubuntu]: parsed 10 entries
2026-09-27 19:58:02,013 [httpx] INFO: HTTP Request: GET https://access.redhat.com/errata-search/feed/?q=*&advisory_type=Security+Advisory&severity=Critical "HTTP/1.1 200 OK"
2026-09-27 19:58:02,097 [vuln-engine.vendor_rss] INFO: Vendor RSS [redhat]: parsed 0 entries
2026-09-27 19:58:02,097 [vuln-engine.vendor_rss] WARNING: Vendor RSS: 1 new HIGH+/zero-day advisory(ies)
2026-09-27 19:58:02,097 [vuln-engine.matching] INFO: Matching: 0/1 alerts matched
2026-09-27 19:58:02,097 [apscheduler.executors.default] INFO: Job "Vendor RSS Collector (trigger: interval[1:00:00], next run at: 2026-09-27 20:57:54 CEST)" executed successfully
2026-09-27 20:27:54,976 [apscheduler.executors.default] INFO: Running job "NVD Delta Collector (trigger: interval[0:30:00], next run at: 2026-09-27 20:57:54 CEST)" (scheduled at 2026-09-27 20:27:54.974422+02:00)
2026-09-27 20:27:54,976 [vuln-engine.scheduler] INFO: ⏰ Running NVD delta collector...
2026-09-27 20:27:55,773 [httpx] INFO: HTTP Request: GET https://services.nvd.nist.gov/rest/json/cves/2.0?lastModStartDate=2026-09-27T17%3A57%3A54.000&lastModEndDate=2026-09-27T18%3A27%3A54.000&cvssV3Severity=CRITICAL "HTTP/1.1 200 OK"
2026-09-27 20:27:55,774 [vuln-engine.nvd_delta] INFO: NVD delta: 0 critical CVE(s) since 2026-09-27T17:57:54.979401+00:00
2026-09-27 20:27:55,774 [apscheduler.executors.default] INFO: Job "NVD Delta Collector (trigger: interval[0:30:00], next run at: 2026-09-27 20:57:54 CEST)" executed successfully
2026-09-27 20:57:54,976 [apscheduler.executors.default] INFO: Running job "NVD Delta Collector (trigger: interval[0:30:00], next run at: 2026-09-27 21:27:54 CEST)" (scheduled at 2026-09-27 20:57:54.974422+02:00)
2026-09-27 20:57:54,977 [vuln-engine.scheduler] INFO: ⏰ Running NVD delta collector...
2026-09-27 20:57:54,993 [apscheduler.executors.default] INFO: Running job "CISA KEV Collector (trigger: interval[1:00:00], next run at: 2026-09-27 21:57:54 CEST)" (scheduled at 2026-09-27 20:57:54.974597+02:00)
2026-09-27 20:57:54,993 [vuln-engine.scheduler] INFO: ⏰ Running CISA KEV collector...
2026-09-27 20:57:55,005 [apscheduler.executors.default] INFO: Running job "InterSystems Collector (trigger: interval[1:00:00], next run at: 2026-09-27 21:57:54 CEST)" (scheduled at 2026-09-27 20:57:54.974735+02:00)
2026-09-27 20:57:55,005 [vuln-engine.scheduler] INFO: ⏰ Running InterSystems collector...
2026-09-27 20:57:55,018 [apscheduler.executors.default] INFO: Running job "Vendor RSS Collector (trigger: interval[1:00:00], next run at: 2026-09-27 21:57:54 CEST)" (scheduled at 2026-09-27 20:57:54.974861+02:00)
2026-09-27 20:57:55,018 [vuln-engine.scheduler] INFO: ⏰ Running Vendor RSS collector...
2026-09-27 20:57:55,238 [httpx] INFO: HTTP Request: GET https://www.cisa.gov/sites/default/files/feeds/known_exploited_vulnerabilities.json "HTTP/1.1 200 OK"
2026-09-27 20:57:55,285 [apscheduler.executors.default] INFO: Job "CISA KEV Collector (trigger: interval[1:00:00], next run at: 2026-09-27 21:57:54 CEST)" executed successfully
2026-09-27 20:57:55,633 [httpx] INFO: HTTP Request: GET https://api.msrc.microsoft.com/update-guide/rss "HTTP/1.1 200 OK"
2026-09-27 20:57:55,811 [httpx] INFO: HTTP Request: GET https://services.nvd.nist.gov/rest/json/cves/2.0?lastModStartDate=2026-09-27T18%3A27%3A54.000&lastModEndDate=2026-09-27T18%3A57%3A54.000&cvssV3Severity=CRITICAL "HTTP/1.1 200 OK"
2026-09-27 20:57:55,812 [vuln-engine.nvd_delta] INFO: NVD delta: 0 critical CVE(s) since 2026-09-27T18:27:54.977095+00:00
2026-09-27 20:57:55,813 [apscheduler.executors.default] INFO: Job "NVD Delta Collector (trigger: interval[0:30:00], next run at: 2026-09-27 21:27:54 CEST)" executed successfully
2026-09-27 20:57:58,983 [vuln-engine.vendor_rss] INFO: Vendor RSS [microsoft_msrc]: parsed 5228 entries
2026-09-27 20:57:58,997 [httpx] INFO: HTTP Request: GET https://www.intersystems.com/support/product-alerts-advisories/ "HTTP/1.1 200 OK"
2026-09-27 20:57:59,005 [vuln-engine.intersystems] INFO: InterSystems: found 10 advisories on page
2026-09-27 20:57:59,005 [apscheduler.executors.default] INFO: Job "InterSystems Collector (trigger: interval[1:00:00], next run at: 2026-09-27 21:57:54 CEST)" executed successfully
2026-09-27 20:57:59,227 [httpx] INFO: HTTP Request: GET https://www.debian.org/security/dsa "HTTP/1.1 200 OK"
2026-09-27 20:57:59,254 [vuln-engine.vendor_rss] INFO: Vendor RSS [debian_dsa]: parsed 30 entries
2026-09-27 20:58:00,717 [httpx] INFO: HTTP Request: GET https://sec.cloudapps.cisco.com/security/center/psirtrss20/CiscoSecurityAdvisory.xml "HTTP/1.1 200 OK"
2026-09-27 20:58:01,104 [vuln-engine.vendor_rss] INFO: Vendor RSS [cisco]: parsed 50 entries
2026-09-27 20:58:01,137 [httpx] INFO: HTTP Request: GET https://www.cert.ssi.gouv.fr/avis/feed/ "HTTP/1.1 200 OK"
2026-09-27 20:58:01,157 [vuln-engine.vendor_rss] INFO: Vendor RSS [certfr_avis]: parsed 40 entries
2026-09-27 20:58:01,202 [httpx] INFO: HTTP Request: GET https://www.cert.ssi.gouv.fr/alerte/feed/ "HTTP/1.1 200 OK"
2026-09-27 20:58:01,221 [vuln-engine.vendor_rss] INFO: Vendor RSS [certfr_alertes]: parsed 40 entries
2026-09-27 20:58:01,419 [httpx] INFO: HTTP Request: GET https://cert.europa.eu/publications/security-advisories-rss "HTTP/1.1 200 OK"
2026-09-27 20:58:01,432 [vuln-engine.vendor_rss] INFO: Vendor RSS [cert_eu]: parsed 10 entries
2026-09-27 20:58:01,501 [httpx] INFO: HTTP Request: GET https://ubuntu.com/security/notices/rss.xml "HTTP/1.1 200 OK"
2026-09-27 20:58:01,507 [vuln-engine.vendor_rss] INFO: Vendor RSS [ubuntu]: parsed 10 entries
2026-09-27 20:58:01,835 [httpx] INFO: HTTP Request: GET https://access.redhat.com/errata-search/feed/?q=*&advisory_type=Security+Advisory&severity=Critical "HTTP/1.1 200 OK"
2026-09-27 20:58:01,894 [vuln-engine.vendor_rss] INFO: Vendor RSS [redhat]: parsed 0 entries
2026-09-27 20:58:01,894 [apscheduler.executors.default] INFO: Job "Vendor RSS Collector (trigger: interval[1:00:00], next run at: 2026-09-27 21:57:54 CEST)" executed successfully
2026-09-27 21:27:54,976 [apscheduler.executors.default] INFO: Running job "NVD Delta Collector (trigger: interval[0:30:00], next run at: 2026-09-27 21:57:54 CEST)" (scheduled at 2026-09-27 21:27:54.974422+02:00)
2026-09-27 21:27:54,977 [vuln-engine.scheduler] INFO: ⏰ Running NVD delta collector...
2026-09-27 21:27:55,781 [httpx] INFO: HTTP Request: GET https://services.nvd.nist.gov/rest/json/cves/2.0?lastModStartDate=2026-09-27T18%3A57%3A54.000&lastModEndDate=2026-09-27T19%3A27%3A54.000&cvssV3Severity=CRITICAL "HTTP/1.1 200 OK"
2026-09-27 21:27:55,782 [vuln-engine.nvd_delta] INFO: NVD delta: 0 critical CVE(s) since 2026-09-27T18:57:54.977829+00:00
2026-09-27 21:27:55,782 [apscheduler.executors.default] INFO: Job "NVD Delta Collector (trigger: interval[0:30:00], next run at: 2026-09-27 21:57:54 CEST)" executed successfully
2026-09-27 21:57:54,976 [apscheduler.executors.default] INFO: Running job "NVD Delta Collector (trigger: interval[0:30:00], next run at: 2026-09-27 22:27:54 CEST)" (scheduled at 2026-09-27 21:57:54.974422+02:00)
2026-09-27 21:57:54,977 [vuln-engine.scheduler] INFO: ⏰ Running NVD delta collector...
2026-09-27 21:57:54,995 [apscheduler.executors.default] INFO: Running job "CISA KEV Collector (trigger: interval[1:00:00], next run at: 2026-09-27 22:57:54 CEST)" (scheduled at 2026-09-27 21:57:54.974597+02:00)
2026-09-27 21:57:54,995 [vuln-engine.scheduler] INFO: ⏰ Running CISA KEV collector...
2026-09-27 21:57:55,009 [apscheduler.executors.default] INFO: Running job "InterSystems Collector (trigger: interval[1:00:00], next run at: 2026-09-27 22:57:54 CEST)" (scheduled at 2026-09-27 21:57:54.974735+02:00)
2026-09-27 21:57:55,009 [vuln-engine.scheduler] INFO: ⏰ Running InterSystems collector...
2026-09-27 21:57:55,023 [apscheduler.executors.default] INFO: Running job "Vendor RSS Collector (trigger: interval[1:00:00], next run at: 2026-09-27 22:57:54 CEST)" (scheduled at 2026-09-27 21:57:54.974861+02:00)
2026-09-27 21:57:55,023 [vuln-engine.scheduler] INFO: ⏰ Running Vendor RSS collector...
2026-09-27 21:57:55,037 [apscheduler.executors.default] INFO: Running job "OCS Cache Refresh (trigger: interval[2:00:00], next run at: 2026-09-27 23:57:54 CEST)" (scheduled at 2026-09-27 21:57:54.974982+02:00)
2026-09-27 21:57:55,038 [vuln-engine.ocs_cache] INFO: Refreshing OCS inventory cache...
2026-09-27 21:57:55,067 [httpx] INFO: HTTP Request: GET https://localhost/ocsapi/v1/computers/listID "HTTP/1.1 200 OK"
2026-09-27 21:57:55,137 [httpx] INFO: HTTP Request: GET https://www.cisa.gov/sites/default/files/feeds/known_exploited_vulnerabilities.json "HTTP/1.1 200 OK"
2026-09-27 21:57:55,189 [apscheduler.executors.default] INFO: Job "CISA KEV Collector (trigger: interval[1:00:00], next run at: 2026-09-27 22:57:54 CEST)" executed successfully
2026-09-27 21:57:55,209 [httpx] INFO: HTTP Request: GET https://localhost/ocsapi/v1/computer/21/software "HTTP/1.1 200 OK"
2026-09-27 21:57:55,287 [httpx] INFO: HTTP Request: GET https://localhost/ocsapi/v1/computer/32/software "HTTP/1.1 200 OK"
2026-09-27 21:57:55,331 [httpx] INFO: HTTP Request: GET https://localhost/ocsapi/v1/computer/33/software "HTTP/1.1 200 OK"
2026-09-27 21:57:55,355 [httpx] INFO: HTTP Request: GET https://localhost/ocsapi/v1/computer/14/software "HTTP/1.1 200 OK"
2026-09-27 21:57:55,374 [httpx] INFO: HTTP Request: GET https://localhost/ocsapi/v1/computer/15/software "HTTP/1.1 200 OK"
2026-09-27 21:57:55,438 [httpx] INFO: HTTP Request: GET https://localhost/ocsapi/v1/computer/4/software "HTTP/1.1 200 OK"
2026-09-27 21:57:55,522 [httpx] INFO: HTTP Request: GET https://localhost/ocsapi/v1/computer/16/software "HTTP/1.1 200 OK"
2026-09-27 21:57:55,577 [httpx] INFO: HTTP Request: GET https://localhost/ocsapi/v1/computer/26/software "HTTP/1.1 200 OK"
2026-09-27 21:57:55,595 [httpx] INFO: HTTP Request: GET https://localhost/ocsapi/v1/computer/10/software "HTTP/1.1 200 OK"
2026-09-27 21:57:55,619 [httpx] INFO: HTTP Request: GET https://api.msrc.microsoft.com/update-guide/rss "HTTP/1.1 200 OK"
2026-09-27 21:57:55,675 [httpx] INFO: HTTP Request: GET https://localhost/ocsapi/v1/computer/11/software "HTTP/1.1 200 OK"
2026-09-27 21:57:55,704 [httpx] INFO: HTTP Request: GET https://localhost/ocsapi/v1/computer/12/software "HTTP/1.1 200 OK"
2026-09-27 21:57:55,719 [httpx] INFO: HTTP Request: GET https://localhost/ocsapi/v1/computer/13/software "HTTP/1.1 200 OK"
2026-09-27 21:57:55,724 [vuln-engine.ocs_cache] INFO: OCS cache refreshed: 12 machines, 3812 unique packages
2026-09-27 21:57:55,725 [apscheduler.executors.default] INFO: Job "OCS Cache Refresh (trigger: interval[2:00:00], next run at: 2026-09-27 23:57:54 CEST)" executed successfully
2026-09-27 21:57:55,761 [httpx] INFO: HTTP Request: GET https://services.nvd.nist.gov/rest/json/cves/2.0?lastModStartDate=2026-09-27T19%3A27%3A54.000&lastModEndDate=2026-09-27T19%3A57%3A54.000&cvssV3Severity=CRITICAL "HTTP/1.1 200 OK"
2026-09-27 21:57:55,762 [vuln-engine.nvd_delta] INFO: NVD delta: 0 critical CVE(s) since 2026-09-27T19:27:54.977370+00:00
2026-09-27 21:57:55,762 [apscheduler.executors.default] INFO: Job "NVD Delta Collector (trigger: interval[0:30:00], next run at: 2026-09-27 22:27:54 CEST)" executed successfully
2026-09-27 21:57:58,907 [vuln-engine.vendor_rss] INFO: Vendor RSS [microsoft_msrc]: parsed 5228 entries
2026-09-27 21:57:58,922 [httpx] INFO: HTTP Request: GET https://www.intersystems.com/support/product-alerts-advisories/ "HTTP/1.1 200 OK"
2026-09-27 21:57:58,929 [vuln-engine.intersystems] INFO: InterSystems: found 10 advisories on page
2026-09-27 21:57:58,929 [apscheduler.executors.default] INFO: Job "InterSystems Collector (trigger: interval[1:00:00], next run at: 2026-09-27 22:57:54 CEST)" executed successfully
2026-09-27 21:57:58,996 [httpx] INFO: HTTP Request: GET https://www.debian.org/security/dsa "HTTP/1.1 200 OK"
2026-09-27 21:57:59,024 [vuln-engine.vendor_rss] INFO: Vendor RSS [debian_dsa]: parsed 29 entries
2026-09-27 21:58:00,431 [httpx] INFO: HTTP Request: GET https://sec.cloudapps.cisco.com/security/center/psirtrss20/CiscoSecurityAdvisory.xml "HTTP/1.1 200 OK"
2026-09-27 21:58:00,802 [vuln-engine.vendor_rss] INFO: Vendor RSS [cisco]: parsed 50 entries
2026-09-27 21:58:00,841 [httpx] INFO: HTTP Request: GET https://www.cert.ssi.gouv.fr/avis/feed/ "HTTP/1.1 200 OK"
2026-09-27 21:58:00,860 [vuln-engine.vendor_rss] INFO: Vendor RSS [certfr_avis]: parsed 40 entries
2026-09-27 21:58:00,893 [httpx] INFO: HTTP Request: GET https://www.cert.ssi.gouv.fr/alerte/feed/ "HTTP/1.1 200 OK"
2026-09-27 21:58:00,912 [vuln-engine.vendor_rss] INFO: Vendor RSS [certfr_alertes]: parsed 40 entries
2026-09-27 21:58:01,116 [httpx] INFO: HTTP Request: GET https://cert.europa.eu/publications/security-advisories-rss "HTTP/1.1 200 OK"
2026-09-27 21:58:01,123 [vuln-engine.vendor_rss] INFO: Vendor RSS [cert_eu]: parsed 10 entries
2026-09-27 21:58:01,174 [httpx] INFO: HTTP Request: GET https://ubuntu.com/security/notices/rss.xml "HTTP/1.1 200 OK"
2026-09-27 21:58:01,184 [vuln-engine.vendor_rss] INFO: Vendor RSS [ubuntu]: parsed 10 entries
2026-09-27 21:58:01,548 [httpx] INFO: HTTP Request: GET https://access.redhat.com/errata-search/feed/?q=*&advisory_type=Security+Advisory&severity=Critical "HTTP/1.1 200 OK"
2026-09-27 21:58:01,607 [vuln-engine.vendor_rss] INFO: Vendor RSS [redhat]: parsed 0 entries
2026-09-27 21:58:01,607 [apscheduler.executors.default] INFO: Job "Vendor RSS Collector (trigger: interval[1:00:00], next run at: 2026-09-27 22:57:54 CEST)" executed successfully
2026-09-27 22:27:54,976 [apscheduler.executors.default] INFO: Running job "NVD Delta Collector (trigger: interval[0:30:00], next run at: 2026-09-27 22:57:54 CEST)" (scheduled at 2026-09-27 22:27:54.974422+02:00)
2026-09-27 22:27:54,976 [vuln-engine.scheduler] INFO: ⏰ Running NVD delta collector...
2026-09-27 22:27:55,716 [httpx] INFO: HTTP Request: GET https://services.nvd.nist.gov/rest/json/cves/2.0?lastModStartDate=2026-09-27T19%3A57%3A54.000&lastModEndDate=2026-09-27T20%3A27%3A54.000&cvssV3Severity=CRITICAL "HTTP/1.1 200 OK"
2026-09-27 22:27:55,717 [vuln-engine.nvd_delta] INFO: NVD delta: 0 critical CVE(s) since 2026-09-27T19:57:54.977431+00:00
2026-09-27 22:27:55,717 [apscheduler.executors.default] INFO: Job "NVD Delta Collector (trigger: interval[0:30:00], next run at: 2026-09-27 22:57:54 CEST)" executed successfully
2026-09-27 22:57:54,976 [apscheduler.executors.default] INFO: Running job "NVD Delta Collector (trigger: interval[0:30:00], next run at: 2026-09-27 23:27:54 CEST)" (scheduled at 2026-09-27 22:57:54.974422+02:00)
2026-09-27 22:57:54,977 [vuln-engine.scheduler] INFO: ⏰ Running NVD delta collector...
2026-09-27 22:57:54,992 [apscheduler.executors.default] INFO: Running job "CISA KEV Collector (trigger: interval[1:00:00], next run at: 2026-09-27 23:57:54 CEST)" (scheduled at 2026-09-27 22:57:54.974597+02:00)
2026-09-27 22:57:54,992 [vuln-engine.scheduler] INFO: ⏰ Running CISA KEV collector...
2026-09-27 22:57:55,004 [apscheduler.executors.default] INFO: Running job "InterSystems Collector (trigger: interval[1:00:00], next run at: 2026-09-27 23:57:54 CEST)" (scheduled at 2026-09-27 22:57:54.974735+02:00)
2026-09-27 22:57:55,004 [vuln-engine.scheduler] INFO: ⏰ Running InterSystems collector...
2026-09-27 22:57:55,017 [apscheduler.executors.default] INFO: Running job "Vendor RSS Collector (trigger: interval[1:00:00], next run at: 2026-09-27 23:57:54 CEST)" (scheduled at 2026-09-27 22:57:54.974861+02:00)
2026-09-27 22:57:55,017 [vuln-engine.scheduler] INFO: ⏰ Running Vendor RSS collector...
2026-09-27 22:57:55,121 [httpx] INFO: HTTP Request: GET https://www.cisa.gov/sites/default/files/feeds/known_exploited_vulnerabilities.json "HTTP/1.1 200 OK"
2026-09-27 22:57:55,169 [apscheduler.executors.default] INFO: Job "CISA KEV Collector (trigger: interval[1:00:00], next run at: 2026-09-27 23:57:54 CEST)" executed successfully
2026-09-27 22:57:55,603 [httpx] INFO: HTTP Request: GET https://api.msrc.microsoft.com/update-guide/rss "HTTP/1.1 200 OK"
2026-09-27 22:57:56,108 [httpx] INFO: HTTP Request: GET https://services.nvd.nist.gov/rest/json/cves/2.0?lastModStartDate=2026-09-27T20%3A27%3A54.000&lastModEndDate=2026-09-27T20%3A57%3A54.000&cvssV3Severity=CRITICAL "HTTP/1.1 200 OK"
2026-09-27 22:57:56,109 [vuln-engine.nvd_delta] INFO: NVD delta: 0 critical CVE(s) since 2026-09-27T20:27:54.977059+00:00
2026-09-27 22:57:56,109 [apscheduler.executors.default] INFO: Job "NVD Delta Collector (trigger: interval[0:30:00], next run at: 2026-09-27 23:27:54 CEST)" executed successfully
2026-09-27 22:57:59,505 [vuln-engine.vendor_rss] INFO: Vendor RSS [microsoft_msrc]: parsed 5228 entries
2026-09-27 22:57:59,520 [httpx] INFO: HTTP Request: GET https://www.intersystems.com/support/product-alerts-advisories/ "HTTP/1.1 200 OK"
2026-09-27 22:57:59,529 [vuln-engine.intersystems] INFO: InterSystems: found 10 advisories on page
2026-09-27 22:57:59,529 [apscheduler.executors.default] INFO: Job "InterSystems Collector (trigger: interval[1:00:00], next run at: 2026-09-27 23:57:54 CEST)" executed successfully
2026-09-27 22:57:59,613 [httpx] INFO: HTTP Request: GET https://www.debian.org/security/dsa "HTTP/1.1 200 OK"
2026-09-27 22:57:59,639 [vuln-engine.vendor_rss] INFO: Vendor RSS [debian_dsa]: parsed 29 entries
2026-09-27 22:58:00,985 [httpx] INFO: HTTP Request: GET https://sec.cloudapps.cisco.com/security/center/psirtrss20/CiscoSecurityAdvisory.xml "HTTP/1.1 200 OK"
2026-09-27 22:58:01,355 [vuln-engine.vendor_rss] INFO: Vendor RSS [cisco]: parsed 50 entries
2026-09-27 22:58:01,389 [httpx] INFO: HTTP Request: GET https://www.cert.ssi.gouv.fr/avis/feed/ "HTTP/1.1 200 OK"
2026-09-27 22:58:01,408 [vuln-engine.vendor_rss] INFO: Vendor RSS [certfr_avis]: parsed 40 entries
2026-09-27 22:58:01,456 [httpx] INFO: HTTP Request: GET https://www.cert.ssi.gouv.fr/alerte/feed/ "HTTP/1.1 200 OK"
2026-09-27 22:58:01,473 [vuln-engine.vendor_rss] INFO: Vendor RSS [certfr_alertes]: parsed 40 entries
2026-09-27 22:58:01,700 [httpx] INFO: HTTP Request: GET https://cert.europa.eu/publications/security-advisories-rss "HTTP/1.1 200 OK"
2026-09-27 22:58:01,710 [vuln-engine.vendor_rss] INFO: Vendor RSS [cert_eu]: parsed 10 entries
2026-09-27 22:58:02,018 [httpx] INFO: HTTP Request: GET https://ubuntu.com/security/notices/rss.xml "HTTP/1.1 200 OK"
2026-09-27 22:58:02,026 [vuln-engine.vendor_rss] INFO: Vendor RSS [ubuntu]: parsed 10 entries
2026-09-27 22:58:02,655 [httpx] INFO: HTTP Request: GET https://access.redhat.com/errata-search/feed/?q=*&advisory_type=Security+Advisory&severity=Critical "HTTP/1.1 200 OK"
2026-09-27 22:58:02,704 [vuln-engine.vendor_rss] INFO: Vendor RSS [redhat]: parsed 0 entries
2026-09-27 22:58:02,704 [apscheduler.executors.default] INFO: Job "Vendor RSS Collector (trigger: interval[1:00:00], next run at: 2026-09-27 23:57:54 CEST)" executed successfully
2026-09-27 23:27:54,978 [apscheduler.executors.default] INFO: Running job "NVD Delta Collector (trigger: interval[0:30:00], next run at: 2026-09-27 23:57:54 CEST)" (scheduled at 2026-09-27 23:27:54.974422+02:00)
2026-09-27 23:27:54,979 [vuln-engine.scheduler] INFO: ⏰ Running NVD delta collector...
2026-09-27 23:27:55,758 [httpx] INFO: HTTP Request: GET https://services.nvd.nist.gov/rest/json/cves/2.0?lastModStartDate=2026-09-27T20%3A57%3A54.000&lastModEndDate=2026-09-27T21%3A27%3A54.000&cvssV3Severity=CRITICAL "HTTP/1.1 200 OK"
2026-09-27 23:27:55,759 [vuln-engine.nvd_delta] INFO: NVD delta: 3 critical CVE(s) since 2026-09-27T20:57:54.977626+00:00
2026-09-27 23:27:55,761 [vuln-engine.matching] INFO: Matching: 0/3 alerts matched
2026-09-27 23:27:55,761 [apscheduler.executors.default] INFO: Job "NVD Delta Collector (trigger: interval[0:30:00], next run at: 2026-09-27 23:57:54 CEST)" executed successfully
2026-09-27 23:57:54,976 [apscheduler.executors.default] INFO: Running job "NVD Delta Collector (trigger: interval[0:30:00], next run at: 2026-09-28 00:27:54 CEST)" (scheduled at 2026-09-27 23:57:54.974422+02:00)
2026-09-27 23:57:54,977 [vuln-engine.scheduler] INFO: ⏰ Running NVD delta collector...
2026-09-27 23:57:54,993 [apscheduler.executors.default] INFO: Running job "CISA KEV Collector (trigger: interval[1:00:00], next run at: 2026-09-28 00:57:54 CEST)" (scheduled at 2026-09-27 23:57:54.974597+02:00)
2026-09-27 23:57:54,993 [vuln-engine.scheduler] INFO: ⏰ Running CISA KEV collector...
2026-09-27 23:57:55,007 [apscheduler.executors.default] INFO: Running job "InterSystems Collector (trigger: interval[1:00:00], next run at: 2026-09-28 00:57:54 CEST)" (scheduled at 2026-09-27 23:57:54.974735+02:00)
2026-09-27 23:57:55,007 [vuln-engine.scheduler] INFO: ⏰ Running InterSystems collector...
2026-09-27 23:57:55,020 [apscheduler.executors.default] INFO: Running job "Vendor RSS Collector (trigger: interval[1:00:00], next run at: 2026-09-28 00:57:54 CEST)" (scheduled at 2026-09-27 23:57:54.974861+02:00)
2026-09-27 23:57:55,020 [vuln-engine.scheduler] INFO: ⏰ Running Vendor RSS collector...
2026-09-27 23:57:55,032 [apscheduler.executors.default] INFO: Running job "OCS Cache Refresh (trigger: interval[2:00:00], next run at: 2026-09-28 01:57:54 CEST)" (scheduled at 2026-09-27 23:57:54.974982+02:00)
2026-09-27 23:57:55,033 [vuln-engine.ocs_cache] INFO: Refreshing OCS inventory cache...
2026-09-27 23:57:55,057 [httpx] INFO: HTTP Request: GET https://localhost/ocsapi/v1/computers/listID "HTTP/1.1 200 OK"
2026-09-27 23:57:55,114 [httpx] INFO: HTTP Request: GET https://localhost/ocsapi/v1/computer/21/software "HTTP/1.1 200 OK"
2026-09-27 23:57:55,143 [httpx] INFO: HTTP Request: GET https://www.cisa.gov/sites/default/files/feeds/known_exploited_vulnerabilities.json "HTTP/1.1 200 OK"
2026-09-27 23:57:55,173 [vuln-engine.cisa_kev] WARNING: CISA KEV: 2 NEW actively exploited CVE(s)!
2026-09-27 23:57:55,174 [vuln-engine.matching] INFO: Matching: 0/2 alerts matched
2026-09-27 23:57:55,174 [apscheduler.executors.default] INFO: Job "CISA KEV Collector (trigger: interval[1:00:00], next run at: 2026-09-28 00:57:54 CEST)" executed successfully
2026-09-27 23:57:55,184 [httpx] INFO: HTTP Request: GET https://localhost/ocsapi/v1/computer/32/software "HTTP/1.1 200 OK"
2026-09-27 23:57:55,223 [httpx] INFO: HTTP Request: GET https://localhost/ocsapi/v1/computer/33/software "HTTP/1.1 200 OK"
2026-09-27 23:57:55,245 [httpx] INFO: HTTP Request: GET https://localhost/ocsapi/v1/computer/14/software "HTTP/1.1 200 OK"
2026-09-27 23:57:55,262 [httpx] INFO: HTTP Request: GET https://localhost/ocsapi/v1/computer/15/software "HTTP/1.1 200 OK"
2026-09-27 23:57:55,324 [httpx] INFO: HTTP Request: GET https://localhost/ocsapi/v1/computer/4/software "HTTP/1.1 200 OK"
2026-09-27 23:57:55,369 [httpx] INFO: HTTP Request: GET https://localhost/ocsapi/v1/computer/16/software "HTTP/1.1 200 OK"
2026-09-27 23:57:55,408 [httpx] INFO: HTTP Request: GET https://localhost/ocsapi/v1/computer/26/software "HTTP/1.1 200 OK"
2026-09-27 23:57:55,426 [httpx] INFO: HTTP Request: GET https://localhost/ocsapi/v1/computer/10/software "HTTP/1.1 200 OK"
2026-09-27 23:57:55,477 [httpx] INFO: HTTP Request: GET https://localhost/ocsapi/v1/computer/11/software "HTTP/1.1 200 OK"
2026-09-27 23:57:55,504 [httpx] INFO: HTTP Request: GET https://localhost/ocsapi/v1/computer/12/software "HTTP/1.1 200 OK"
2026-09-27 23:57:55,517 [httpx] INFO: HTTP Request: GET https://localhost/ocsapi/v1/computer/13/software "HTTP/1.1 200 OK"
2026-09-27 23:57:55,521 [vuln-engine.ocs_cache] INFO: OCS cache refreshed: 12 machines, 3812 unique packages
2026-09-27 23:57:55,521 [apscheduler.executors.default] INFO: Job "OCS Cache Refresh (trigger: interval[2:00:00], next run at: 2026-09-28 01:57:54 CEST)" executed successfully
2026-09-27 23:57:55,620 [httpx] INFO: HTTP Request: GET https://api.msrc.microsoft.com/update-guide/rss "HTTP/1.1 200 OK"
2026-09-27 23:57:55,773 [httpx] INFO: HTTP Request: GET https://services.nvd.nist.gov/rest/json/cves/2.0?lastModStartDate=2026-09-27T21%3A27%3A54.000&lastModEndDate=2026-09-27T21%3A57%3A54.000&cvssV3Severity=CRITICAL "HTTP/1.1 200 OK"
2026-09-27 23:57:55,775 [vuln-engine.nvd_delta] INFO: NVD delta: 0 critical CVE(s) since 2026-09-27T21:27:54.979606+00:00
2026-09-27 23:57:55,775 [apscheduler.executors.default] INFO: Job "NVD Delta Collector (trigger: interval[0:30:00], next run at: 2026-09-28 00:27:54 CEST)" executed successfully
2026-09-27 23:57:59,265 [vuln-engine.vendor_rss] INFO: Vendor RSS [microsoft_msrc]: parsed 5228 entries
2026-09-27 23:57:59,281 [httpx] INFO: HTTP Request: GET https://www.intersystems.com/support/product-alerts-advisories/ "HTTP/1.1 200 OK"
2026-09-27 23:57:59,291 [vuln-engine.intersystems] INFO: InterSystems: found 10 advisories on page
2026-09-27 23:57:59,291 [apscheduler.executors.default] INFO: Job "InterSystems Collector (trigger: interval[1:00:00], next run at: 2026-09-28 00:57:54 CEST)" executed successfully
2026-09-27 23:57:59,391 [httpx] INFO: HTTP Request: GET https://www.debian.org/security/dsa "HTTP/1.1 200 OK"
2026-09-27 23:57:59,417 [vuln-engine.vendor_rss] INFO: Vendor RSS [debian_dsa]: parsed 29 entries
2026-09-27 23:58:00,718 [httpx] INFO: HTTP Request: GET https://sec.cloudapps.cisco.com/security/center/psirtrss20/CiscoSecurityAdvisory.xml "HTTP/1.1 200 OK"
2026-09-27 23:58:01,036 [vuln-engine.vendor_rss] INFO: Vendor RSS [cisco]: parsed 50 entries
2026-09-27 23:58:01,070 [httpx] INFO: HTTP Request: GET https://www.cert.ssi.gouv.fr/avis/feed/ "HTTP/1.1 200 OK"
2026-09-27 23:58:01,089 [vuln-engine.vendor_rss] INFO: Vendor RSS [certfr_avis]: parsed 40 entries
2026-09-27 23:58:01,129 [httpx] INFO: HTTP Request: GET https://www.cert.ssi.gouv.fr/alerte/feed/ "HTTP/1.1 200 OK"
2026-09-27 23:58:01,146 [vuln-engine.vendor_rss] INFO: Vendor RSS [certfr_alertes]: parsed 40 entries
2026-09-27 23:58:01,357 [httpx] INFO: HTTP Request: GET https://cert.europa.eu/publications/security-advisories-rss "HTTP/1.1 200 OK"
2026-09-27 23:58:01,364 [vuln-engine.vendor_rss] INFO: Vendor RSS [cert_eu]: parsed 10 entries
2026-09-27 23:58:01,421 [httpx] INFO: HTTP Request: GET https://ubuntu.com/security/notices/rss.xml "HTTP/1.1 200 OK"
2026-09-27 23:58:01,427 [vuln-engine.vendor_rss] INFO: Vendor RSS [ubuntu]: parsed 10 entries
2026-09-27 23:58:01,750 [httpx] INFO: HTTP Request: GET https://access.redhat.com/errata-search/feed/?q=*&advisory_type=Security+Advisory&severity=Critical "HTTP/1.1 200 OK"
2026-09-27 23:58:01,800 [vuln-engine.vendor_rss] INFO: Vendor RSS [redhat]: parsed 0 entries
2026-09-27 23:58:01,801 [apscheduler.executors.default] INFO: Job "Vendor RSS Collector (trigger: interval[1:00:00], next run at: 2026-09-28 00:57:54 CEST)" executed successfully
2026-09-28 00:27:54,982 [apscheduler.executors.default] INFO: Running job "NVD Delta Collector (trigger: interval[0:30:00], next run at: 2026-09-28 00:57:54 CEST)" (scheduled at 2026-09-28 00:27:54.974422+02:00)
2026-09-28 00:27:54,987 [vuln-engine.scheduler] INFO: ⏰ Running NVD delta collector...
2026-09-28 00:27:55,811 [httpx] INFO: HTTP Request: GET https://services.nvd.nist.gov/rest/json/cves/2.0?lastModStartDate=2026-09-27T21%3A57%3A54.000&lastModEndDate=2026-09-27T22%3A27%3A54.000&cvssV3Severity=CRITICAL "HTTP/1.1 200 OK"
2026-09-28 00:27:55,814 [vuln-engine.nvd_delta] INFO: NVD delta: 0 critical CVE(s) since 2026-09-27T21:57:54.977612+00:00
2026-09-28 00:27:55,815 [apscheduler.executors.default] INFO: Job "NVD Delta Collector (trigger: interval[0:30:00], next run at: 2026-09-28 00:57:54 CEST)" executed successfully
2026-09-28 00:57:54,978 [apscheduler.executors.default] INFO: Running job "NVD Delta Collector (trigger: interval[0:30:00], next run at: 2026-09-28 01:27:54 CEST)" (scheduled at 2026-09-28 00:57:54.974422+02:00)
2026-09-28 00:57:54,979 [vuln-engine.scheduler] INFO: ⏰ Running NVD delta collector...
2026-09-28 00:57:55,004 [apscheduler.executors.default] INFO: Running job "CISA KEV Collector (trigger: interval[1:00:00], next run at: 2026-09-28 01:57:54 CEST)" (scheduled at 2026-09-28 00:57:54.974597+02:00)
2026-09-28 00:57:55,005 [vuln-engine.scheduler] INFO: ⏰ Running CISA KEV collector...
2026-09-28 00:57:55,025 [apscheduler.executors.default] INFO: Running job "InterSystems Collector (trigger: interval[1:00:00], next run at: 2026-09-28 01:57:54 CEST)" (scheduled at 2026-09-28 00:57:54.974735+02:00)
2026-09-28 00:57:55,026 [vuln-engine.scheduler] INFO: ⏰ Running InterSystems collector...
2026-09-28 00:57:55,044 [apscheduler.executors.default] INFO: Running job "Vendor RSS Collector (trigger: interval[1:00:00], next run at: 2026-09-28 01:57:54 CEST)" (scheduled at 2026-09-28 00:57:54.974861+02:00)
2026-09-28 00:57:55,045 [vuln-engine.scheduler] INFO: ⏰ Running Vendor RSS collector...
2026-09-28 00:57:55,167 [httpx] INFO: HTTP Request: GET https://www.cisa.gov/sites/default/files/feeds/known_exploited_vulnerabilities.json "HTTP/1.1 200 OK"
2026-09-28 00:57:55,373 [apscheduler.executors.default] INFO: Job "CISA KEV Collector (trigger: interval[1:00:00], next run at: 2026-09-28 01:57:54 CEST)" executed successfully
2026-09-28 00:57:55,665 [httpx] INFO: HTTP Request: GET https://api.msrc.microsoft.com/update-guide/rss "HTTP/1.1 200 OK"
2026-09-28 00:57:55,918 [httpx] INFO: HTTP Request: GET https://services.nvd.nist.gov/rest/json/cves/2.0?lastModStartDate=2026-09-27T22%3A27%3A54.000&lastModEndDate=2026-09-27T22%3A57%3A54.000&cvssV3Severity=CRITICAL "HTTP/1.1 200 OK"
2026-09-28 00:57:55,919 [vuln-engine.nvd_delta] INFO: NVD delta: 0 critical CVE(s) since 2026-09-27T22:27:54.987677+00:00
2026-09-28 00:57:55,919 [apscheduler.executors.default] INFO: Job "NVD Delta Collector (trigger: interval[0:30:00], next run at: 2026-09-28 01:27:54 CEST)" executed successfully
2026-09-28 00:58:00,053 [vuln-engine.vendor_rss] INFO: Vendor RSS [microsoft_msrc]: parsed 5228 entries
2026-09-28 00:58:00,069 [httpx] INFO: HTTP Request: GET https://www.intersystems.com/support/product-alerts-advisories/ "HTTP/1.1 200 OK"
2026-09-28 00:58:00,078 [vuln-engine.intersystems] INFO: InterSystems: found 10 advisories on page
2026-09-28 00:58:00,078 [apscheduler.executors.default] INFO: Job "InterSystems Collector (trigger: interval[1:00:00], next run at: 2026-09-28 01:57:54 CEST)" executed successfully
2026-09-28 00:58:00,137 [httpx] INFO: HTTP Request: GET https://www.debian.org/security/dsa "HTTP/1.1 200 OK"
2026-09-28 00:58:00,164 [vuln-engine.vendor_rss] INFO: Vendor RSS [debian_dsa]: parsed 29 entries
2026-09-28 00:58:01,484 [httpx] INFO: HTTP Request: GET https://sec.cloudapps.cisco.com/security/center/psirtrss20/CiscoSecurityAdvisory.xml "HTTP/1.1 200 OK"
2026-09-28 00:58:01,858 [vuln-engine.vendor_rss] INFO: Vendor RSS [cisco]: parsed 50 entries
2026-09-28 00:58:01,890 [httpx] INFO: HTTP Request: GET https://www.cert.ssi.gouv.fr/avis/feed/ "HTTP/1.1 200 OK"
2026-09-28 00:58:01,908 [vuln-engine.vendor_rss] INFO: Vendor RSS [certfr_avis]: parsed 40 entries
2026-09-28 00:58:01,939 [httpx] INFO: HTTP Request: GET https://www.cert.ssi.gouv.fr/alerte/feed/ "HTTP/1.1 200 OK"
2026-09-28 00:58:01,957 [vuln-engine.vendor_rss] INFO: Vendor RSS [certfr_alertes]: parsed 40 entries
2026-09-28 00:58:02,149 [httpx] INFO: HTTP Request: GET https://cert.europa.eu/publications/security-advisories-rss "HTTP/1.1 200 OK"
2026-09-28 00:58:02,156 [vuln-engine.vendor_rss] INFO: Vendor RSS [cert_eu]: parsed 10 entries
2026-09-28 00:58:02,721 [httpx] INFO: HTTP Request: GET https://ubuntu.com/security/notices/rss.xml "HTTP/1.1 200 OK"
2026-09-28 00:58:02,728 [vuln-engine.vendor_rss] INFO: Vendor RSS [ubuntu]: parsed 10 entries
2026-09-28 00:58:03,289 [httpx] INFO: HTTP Request: GET https://access.redhat.com/errata-search/feed/?q=*&advisory_type=Security+Advisory&severity=Critical "HTTP/1.1 200 OK"
2026-09-28 00:58:03,339 [vuln-engine.vendor_rss] INFO: Vendor RSS [redhat]: parsed 0 entries
2026-09-28 00:58:03,340 [apscheduler.executors.default] INFO: Job "Vendor RSS Collector (trigger: interval[1:00:00], next run at: 2026-09-28 01:57:54 CEST)" executed successfully
2026-09-28 01:27:54,978 [apscheduler.executors.default] INFO: Running job "NVD Delta Collector (trigger: interval[0:30:00], next run at: 2026-09-28 01:57:54 CEST)" (scheduled at 2026-09-28 01:27:54.974422+02:00)
2026-09-28 01:27:54,979 [vuln-engine.scheduler] INFO: ⏰ Running NVD delta collector...
2026-09-28 01:27:55,776 [httpx] INFO: HTTP Request: GET https://services.nvd.nist.gov/rest/json/cves/2.0?lastModStartDate=2026-09-27T22%3A57%3A54.000&lastModEndDate=2026-09-27T23%3A27%3A54.000&cvssV3Severity=CRITICAL "HTTP/1.1 200 OK"
2026-09-28 01:27:55,778 [vuln-engine.nvd_delta] INFO: NVD delta: 1 critical CVE(s) since 2026-09-27T22:57:54.979900+00:00
2026-09-28 01:27:55,778 [vuln-engine.matching] INFO: Matching: 0/1 alerts matched
2026-09-28 01:27:55,779 [apscheduler.executors.default] INFO: Job "NVD Delta Collector (trigger: interval[0:30:00], next run at: 2026-09-28 01:57:54 CEST)" executed successfully
2026-09-28 01:57:54,976 [apscheduler.executors.default] INFO: Running job "NVD Delta Collector (trigger: interval[0:30:00], next run at: 2026-09-28 02:27:54 CEST)" (scheduled at 2026-09-28 01:57:54.974422+02:00)
2026-09-28 01:57:54,977 [vuln-engine.scheduler] INFO: ⏰ Running NVD delta collector...
2026-09-28 01:57:54,993 [apscheduler.executors.default] INFO: Running job "CISA KEV Collector (trigger: interval[1:00:00], next run at: 2026-09-28 02:57:54 CEST)" (scheduled at 2026-09-28 01:57:54.974597+02:00)
2026-09-28 01:57:54,994 [vuln-engine.scheduler] INFO: ⏰ Running CISA KEV collector...
2026-09-28 01:57:55,006 [apscheduler.executors.default] INFO: Running job "InterSystems Collector (trigger: interval[1:00:00], next run at: 2026-09-28 02:57:54 CEST)" (scheduled at 2026-09-28 01:57:54.974735+02:00)
2026-09-28 01:57:55,006 [vuln-engine.scheduler] INFO: ⏰ Running InterSystems collector...
2026-09-28 01:57:55,018 [apscheduler.executors.default] INFO: Running job "Vendor RSS Collector (trigger: interval[1:00:00], next run at: 2026-09-28 02:57:54 CEST)" (scheduled at 2026-09-28 01:57:54.974861+02:00)
2026-09-28 01:57:55,019 [vuln-engine.scheduler] INFO: ⏰ Running Vendor RSS collector...
2026-09-28 01:57:55,031 [apscheduler.executors.default] INFO: Running job "OCS Cache Refresh (trigger: interval[2:00:00], next run at: 2026-09-28 03:57:54 CEST)" (scheduled at 2026-09-28 01:57:54.974982+02:00)
2026-09-28 01:57:55,031 [vuln-engine.ocs_cache] INFO: Refreshing OCS inventory cache...
2026-09-28 01:57:55,063 [httpx] INFO: HTTP Request: GET https://localhost/ocsapi/v1/computers/listID "HTTP/1.1 200 OK"
2026-09-28 01:57:55,126 [httpx] INFO: HTTP Request: GET https://localhost/ocsapi/v1/computer/21/software "HTTP/1.1 200 OK"
2026-09-28 01:57:55,129 [httpx] INFO: HTTP Request: GET https://www.cisa.gov/sites/default/files/feeds/known_exploited_vulnerabilities.json "HTTP/1.1 200 OK"
2026-09-28 01:57:55,191 [apscheduler.executors.default] INFO: Job "CISA KEV Collector (trigger: interval[1:00:00], next run at: 2026-09-28 02:57:54 CEST)" executed successfully
2026-09-28 01:57:55,200 [httpx] INFO: HTTP Request: GET https://localhost/ocsapi/v1/computer/32/software "HTTP/1.1 200 OK"
2026-09-28 01:57:55,247 [httpx] INFO: HTTP Request: GET https://localhost/ocsapi/v1/computer/33/software "HTTP/1.1 200 OK"
2026-09-28 01:57:55,284 [httpx] INFO: HTTP Request: GET https://localhost/ocsapi/v1/computer/14/software "HTTP/1.1 200 OK"
2026-09-28 01:57:55,307 [httpx] INFO: HTTP Request: GET https://localhost/ocsapi/v1/computer/15/software "HTTP/1.1 200 OK"
2026-09-28 01:57:55,397 [httpx] INFO: HTTP Request: GET https://localhost/ocsapi/v1/computer/4/software "HTTP/1.1 200 OK"
2026-09-28 01:57:55,442 [httpx] INFO: HTTP Request: GET https://localhost/ocsapi/v1/computer/16/software "HTTP/1.1 200 OK"
2026-09-28 01:57:55,481 [httpx] INFO: HTTP Request: GET https://localhost/ocsapi/v1/computer/26/software "HTTP/1.1 200 OK"
2026-09-28 01:57:55,497 [httpx] INFO: HTTP Request: GET https://localhost/ocsapi/v1/computer/10/software "HTTP/1.1 200 OK"
2026-09-28 01:57:55,560 [httpx] INFO: HTTP Request: GET https://localhost/ocsapi/v1/computer/11/software "HTTP/1.1 200 OK"
2026-09-28 01:57:55,585 [httpx] INFO: HTTP Request: GET https://localhost/ocsapi/v1/computer/12/software "HTTP/1.1 200 OK"
2026-09-28 01:57:55,600 [httpx] INFO: HTTP Request: GET https://localhost/ocsapi/v1/computer/13/software "HTTP/1.1 200 OK"
2026-09-28 01:57:55,605 [vuln-engine.ocs_cache] INFO: OCS cache refreshed: 12 machines, 3812 unique packages
2026-09-28 01:57:55,606 [apscheduler.executors.default] INFO: Job "OCS Cache Refresh (trigger: interval[2:00:00], next run at: 2026-09-28 03:57:54 CEST)" executed successfully
2026-09-28 01:57:55,653 [httpx] INFO: HTTP Request: GET https://api.msrc.microsoft.com/update-guide/rss "HTTP/1.1 200 OK"
2026-09-28 01:57:56,088 [httpx] INFO: HTTP Request: GET https://services.nvd.nist.gov/rest/json/cves/2.0?lastModStartDate=2026-09-27T23%3A27%3A54.000&lastModEndDate=2026-09-27T23%3A57%3A54.000&cvssV3Severity=CRITICAL "HTTP/1.1 200 OK"
2026-09-28 01:57:56,089 [vuln-engine.nvd_delta] INFO: NVD delta: 0 critical CVE(s) since 2026-09-27T23:27:54.979228+00:00
2026-09-28 01:57:56,090 [apscheduler.executors.default] INFO: Job "NVD Delta Collector (trigger: interval[0:30:00], next run at: 2026-09-28 02:27:54 CEST)" executed successfully
2026-09-28 01:57:59,956 [vuln-engine.vendor_rss] INFO: Vendor RSS [microsoft_msrc]: parsed 5228 entries
2026-09-28 01:57:59,976 [httpx] INFO: HTTP Request: GET https://www.intersystems.com/support/product-alerts-advisories/ "HTTP/1.1 200 OK"
2026-09-28 01:58:00,047 [vuln-engine.intersystems] INFO: InterSystems: found 10 advisories on page
2026-09-28 01:58:00,047 [apscheduler.executors.default] INFO: Job "InterSystems Collector (trigger: interval[1:00:00], next run at: 2026-09-28 02:57:54 CEST)" executed successfully
2026-09-28 01:58:00,175 [httpx] INFO: HTTP Request: GET https://www.debian.org/security/dsa "HTTP/1.1 200 OK"
2026-09-28 01:58:00,204 [vuln-engine.vendor_rss] INFO: Vendor RSS [debian_dsa]: parsed 29 entries
2026-09-28 01:58:02,141 [httpx] INFO: HTTP Request: GET https://sec.cloudapps.cisco.com/security/center/psirtrss20/CiscoSecurityAdvisory.xml "HTTP/1.1 200 OK"
2026-09-28 01:58:02,433 [vuln-engine.vendor_rss] INFO: Vendor RSS [cisco]: parsed 50 entries
2026-09-28 01:58:02,474 [httpx] INFO: HTTP Request: GET https://www.cert.ssi.gouv.fr/avis/feed/ "HTTP/1.1 200 OK"
2026-09-28 01:58:02,492 [vuln-engine.vendor_rss] INFO: Vendor RSS [certfr_avis]: parsed 40 entries
2026-09-28 01:58:02,524 [httpx] INFO: HTTP Request: GET https://www.cert.ssi.gouv.fr/alerte/feed/ "HTTP/1.1 200 OK"
2026-09-28 01:58:02,542 [vuln-engine.vendor_rss] INFO: Vendor RSS [certfr_alertes]: parsed 40 entries
2026-09-28 01:58:02,747 [httpx] INFO: HTTP Request: GET https://cert.europa.eu/publications/security-advisories-rss "HTTP/1.1 200 OK"
2026-09-28 01:58:02,753 [vuln-engine.vendor_rss] INFO: Vendor RSS [cert_eu]: parsed 10 entries
2026-09-28 01:58:02,808 [httpx] INFO: HTTP Request: GET https://ubuntu.com/security/notices/rss.xml "HTTP/1.1 200 OK"
2026-09-28 01:58:02,814 [vuln-engine.vendor_rss] INFO: Vendor RSS [ubuntu]: parsed 10 entries
2026-09-28 01:58:03,217 [httpx] INFO: HTTP Request: GET https://access.redhat.com/errata-search/feed/?q=*&advisory_type=Security+Advisory&severity=Critical "HTTP/1.1 200 OK"
2026-09-28 01:58:03,267 [vuln-engine.vendor_rss] INFO: Vendor RSS [redhat]: parsed 0 entries
2026-09-28 01:58:03,268 [apscheduler.executors.default] INFO: Job "Vendor RSS Collector (trigger: interval[1:00:00], next run at: 2026-09-28 02:57:54 CEST)" executed successfully
2026-09-28 02:27:54,977 [apscheduler.executors.default] INFO: Running job "NVD Delta Collector (trigger: interval[0:30:00], next run at: 2026-09-28 02:57:54 CEST)" (scheduled at 2026-09-28 02:27:54.974422+02:00)
2026-09-28 02:27:54,978 [vuln-engine.scheduler] INFO: ⏰ Running NVD delta collector...
2026-09-28 02:27:55,792 [httpx] INFO: HTTP Request: GET https://services.nvd.nist.gov/rest/json/cves/2.0?lastModStartDate=2026-09-27T23%3A57%3A54.000&lastModEndDate=2026-09-28T00%3A27%3A54.000&cvssV3Severity=CRITICAL "HTTP/1.1 200 OK"
2026-09-28 02:27:55,793 [vuln-engine.nvd_delta] INFO: NVD delta: 0 critical CVE(s) since 2026-09-27T23:57:54.977960+00:00
2026-09-28 02:27:55,793 [apscheduler.executors.default] INFO: Job "NVD Delta Collector (trigger: interval[0:30:00], next run at: 2026-09-28 02:57:54 CEST)" executed successfully
2026-09-28 02:57:54,976 [apscheduler.executors.default] INFO: Running job "NVD Delta Collector (trigger: interval[0:30:00], next run at: 2026-09-28 03:27:54 CEST)" (scheduled at 2026-09-28 02:57:54.974422+02:00)
2026-09-28 02:57:54,977 [vuln-engine.scheduler] INFO: ⏰ Running NVD delta collector...
2026-09-28 02:57:54,995 [apscheduler.executors.default] INFO: Running job "CISA KEV Collector (trigger: interval[1:00:00], next run at: 2026-09-28 03:57:54 CEST)" (scheduled at 2026-09-28 02:57:54.974597+02:00)
2026-09-28 02:57:54,996 [vuln-engine.scheduler] INFO: ⏰ Running CISA KEV collector...
2026-09-28 02:57:55,008 [apscheduler.executors.default] INFO: Running job "InterSystems Collector (trigger: interval[1:00:00], next run at: 2026-09-28 03:57:54 CEST)" (scheduled at 2026-09-28 02:57:54.974735+02:00)
2026-09-28 02:57:55,009 [vuln-engine.scheduler] INFO: ⏰ Running InterSystems collector...
2026-09-28 02:57:55,021 [apscheduler.executors.default] INFO: Running job "Vendor RSS Collector (trigger: interval[1:00:00], next run at: 2026-09-28 03:57:54 CEST)" (scheduled at 2026-09-28 02:57:54.974861+02:00)
2026-09-28 02:57:55,021 [vuln-engine.scheduler] INFO: ⏰ Running Vendor RSS collector...
2026-09-28 02:57:55,129 [httpx] INFO: HTTP Request: GET https://www.cisa.gov/sites/default/files/feeds/known_exploited_vulnerabilities.json "HTTP/1.1 200 OK"
2026-09-28 02:57:55,174 [apscheduler.executors.default] INFO: Job "CISA KEV Collector (trigger: interval[1:00:00], next run at: 2026-09-28 03:57:54 CEST)" executed successfully
2026-09-28 02:57:55,642 [httpx] INFO: HTTP Request: GET https://api.msrc.microsoft.com/update-guide/rss "HTTP/1.1 200 OK"
2026-09-28 02:57:55,921 [httpx] INFO: HTTP Request: GET https://services.nvd.nist.gov/rest/json/cves/2.0?lastModStartDate=2026-09-28T00%3A27%3A54.000&lastModEndDate=2026-09-28T00%3A57%3A54.000&cvssV3Severity=CRITICAL "HTTP/1.1 200 OK"
2026-09-28 02:57:55,923 [vuln-engine.nvd_delta] INFO: NVD delta: 0 critical CVE(s) since 2026-09-28T00:27:54.978564+00:00
2026-09-28 02:57:55,923 [apscheduler.executors.default] INFO: Job "NVD Delta Collector (trigger: interval[0:30:00], next run at: 2026-09-28 03:27:54 CEST)" executed successfully
2026-09-28 02:57:59,213 [vuln-engine.vendor_rss] INFO: Vendor RSS [microsoft_msrc]: parsed 5228 entries
2026-09-28 02:57:59,228 [httpx] INFO: HTTP Request: GET https://www.intersystems.com/support/product-alerts-advisories/ "HTTP/1.1 200 OK"
2026-09-28 02:57:59,245 [vuln-engine.intersystems] INFO: InterSystems: found 10 advisories on page
2026-09-28 02:57:59,245 [apscheduler.executors.default] INFO: Job "InterSystems Collector (trigger: interval[1:00:00], next run at: 2026-09-28 03:57:54 CEST)" executed successfully
2026-09-28 02:57:59,420 [httpx] INFO: HTTP Request: GET https://www.debian.org/security/dsa "HTTP/1.1 200 OK"
2026-09-28 02:57:59,451 [vuln-engine.vendor_rss] INFO: Vendor RSS [debian_dsa]: parsed 29 entries
2026-09-28 02:58:01,020 [httpx] INFO: HTTP Request: GET https://sec.cloudapps.cisco.com/security/center/psirtrss20/CiscoSecurityAdvisory.xml "HTTP/1.1 200 OK"
2026-09-28 02:58:01,313 [vuln-engine.vendor_rss] INFO: Vendor RSS [cisco]: parsed 50 entries
2026-09-28 02:58:01,348 [httpx] INFO: HTTP Request: GET https://www.cert.ssi.gouv.fr/avis/feed/ "HTTP/1.1 200 OK"
2026-09-28 02:58:01,365 [vuln-engine.vendor_rss] INFO: Vendor RSS [certfr_avis]: parsed 40 entries
2026-09-28 02:58:01,395 [httpx] INFO: HTTP Request: GET https://www.cert.ssi.gouv.fr/alerte/feed/ "HTTP/1.1 200 OK"
2026-09-28 02:58:01,414 [vuln-engine.vendor_rss] INFO: Vendor RSS [certfr_alertes]: parsed 40 entries
2026-09-28 02:58:01,617 [httpx] INFO: HTTP Request: GET https://cert.europa.eu/publications/security-advisories-rss "HTTP/1.1 200 OK"
2026-09-28 02:58:01,623 [vuln-engine.vendor_rss] INFO: Vendor RSS [cert_eu]: parsed 10 entries
2026-09-28 02:58:01,675 [httpx] INFO: HTTP Request: GET https://ubuntu.com/security/notices/rss.xml "HTTP/1.1 200 OK"
2026-09-28 02:58:01,681 [vuln-engine.vendor_rss] INFO: Vendor RSS [ubuntu]: parsed 10 entries
2026-09-28 02:58:01,939 [httpx] INFO: HTTP Request: GET https://access.redhat.com/errata-search/feed/?q=*&advisory_type=Security+Advisory&severity=Critical "HTTP/1.1 200 OK"
2026-09-28 02:58:01,994 [vuln-engine.vendor_rss] INFO: Vendor RSS [redhat]: parsed 0 entries
2026-09-28 02:58:01,995 [apscheduler.executors.default] INFO: Job "Vendor RSS Collector (trigger: interval[1:00:00], next run at: 2026-09-28 03:57:54 CEST)" executed successfully
2026-09-28 03:27:54,977 [apscheduler.executors.default] INFO: Running job "NVD Delta Collector (trigger: interval[0:30:00], next run at: 2026-09-28 03:57:54 CEST)" (scheduled at 2026-09-28 03:27:54.974422+02:00)
2026-09-28 03:27:54,978 [vuln-engine.scheduler] INFO: ⏰ Running NVD delta collector...
2026-09-28 03:27:55,757 [httpx] INFO: HTTP Request: GET https://services.nvd.nist.gov/rest/json/cves/2.0?lastModStartDate=2026-09-28T00%3A57%3A54.000&lastModEndDate=2026-09-28T01%3A27%3A54.000&cvssV3Severity=CRITICAL "HTTP/1.1 200 OK"
2026-09-28 03:27:55,758 [vuln-engine.nvd_delta] INFO: NVD delta: 0 critical CVE(s) since 2026-09-28T00:57:54.977555+00:00
2026-09-28 03:27:55,758 [apscheduler.executors.default] INFO: Job "NVD Delta Collector (trigger: interval[0:30:00], next run at: 2026-09-28 03:57:54 CEST)" executed successfully
2026-09-28 03:57:54,979 [apscheduler.executors.default] INFO: Running job "NVD Delta Collector (trigger: interval[0:30:00], next run at: 2026-09-28 04:27:54 CEST)" (scheduled at 2026-09-28 03:57:54.974422+02:00)
2026-09-28 03:57:54,981 [vuln-engine.scheduler] INFO: ⏰ Running NVD delta collector...
2026-09-28 03:57:54,999 [apscheduler.executors.default] INFO: Running job "CISA KEV Collector (trigger: interval[1:00:00], next run at: 2026-09-28 04:57:54 CEST)" (scheduled at 2026-09-28 03:57:54.974597+02:00)
2026-09-28 03:57:55,000 [vuln-engine.scheduler] INFO: ⏰ Running CISA KEV collector...
2026-09-28 03:57:55,012 [apscheduler.executors.default] INFO: Running job "InterSystems Collector (trigger: interval[1:00:00], next run at: 2026-09-28 04:57:54 CEST)" (scheduled at 2026-09-28 03:57:54.974735+02:00)
2026-09-28 03:57:55,013 [vuln-engine.scheduler] INFO: ⏰ Running InterSystems collector...
2026-09-28 03:57:55,025 [apscheduler.executors.default] INFO: Running job "Vendor RSS Collector (trigger: interval[1:00:00], next run at: 2026-09-28 04:57:54 CEST)" (scheduled at 2026-09-28 03:57:54.974861+02:00)
2026-09-28 03:57:55,025 [vuln-engine.scheduler] INFO: ⏰ Running Vendor RSS collector...
2026-09-28 03:57:55,037 [apscheduler.executors.default] INFO: Running job "OCS Cache Refresh (trigger: interval[2:00:00], next run at: 2026-09-28 05:57:54 CEST)" (scheduled at 2026-09-28 03:57:54.974982+02:00)
2026-09-28 03:57:55,037 [vuln-engine.ocs_cache] INFO: Refreshing OCS inventory cache...
2026-09-28 03:57:55,080 [httpx] INFO: HTTP Request: GET https://localhost/ocsapi/v1/computers/listID "HTTP/1.1 200 OK"
2026-09-28 03:57:55,138 [httpx] INFO: HTTP Request: GET https://www.cisa.gov/sites/default/files/feeds/known_exploited_vulnerabilities.json "HTTP/1.1 200 OK"
2026-09-28 03:57:55,141 [httpx] INFO: HTTP Request: GET https://localhost/ocsapi/v1/computer/21/software "HTTP/1.1 200 OK"
2026-09-28 03:57:55,211 [apscheduler.executors.default] INFO: Job "CISA KEV Collector (trigger: interval[1:00:00], next run at: 2026-09-28 04:57:54 CEST)" executed successfully
2026-09-28 03:57:55,232 [httpx] INFO: HTTP Request: GET https://localhost/ocsapi/v1/computer/32/software "HTTP/1.1 200 OK"
2026-09-28 03:57:55,278 [httpx] INFO: HTTP Request: GET https://localhost/ocsapi/v1/computer/33/software "HTTP/1.1 200 OK"
2026-09-28 03:57:55,303 [httpx] INFO: HTTP Request: GET https://localhost/ocsapi/v1/computer/14/software "HTTP/1.1 200 OK"
2026-09-28 03:57:55,324 [httpx] INFO: HTTP Request: GET https://localhost/ocsapi/v1/computer/15/software "HTTP/1.1 200 OK"
2026-09-28 03:57:55,394 [httpx] INFO: HTTP Request: GET https://localhost/ocsapi/v1/computer/4/software "HTTP/1.1 200 OK"
2026-09-28 03:57:55,450 [httpx] INFO: HTTP Request: GET https://localhost/ocsapi/v1/computer/16/software "HTTP/1.1 200 OK"
2026-09-28 03:57:55,492 [httpx] INFO: HTTP Request: GET https://localhost/ocsapi/v1/computer/26/software "HTTP/1.1 200 OK"
2026-09-28 03:57:55,509 [httpx] INFO: HTTP Request: GET https://localhost/ocsapi/v1/computer/10/software "HTTP/1.1 200 OK"
2026-09-28 03:57:55,578 [httpx] INFO: HTTP Request: GET https://localhost/ocsapi/v1/computer/11/software "HTTP/1.1 200 OK"
2026-09-28 03:57:55,603 [httpx] INFO: HTTP Request: GET https://localhost/ocsapi/v1/computer/12/software "HTTP/1.1 200 OK"
2026-09-28 03:57:55,619 [httpx] INFO: HTTP Request: GET https://localhost/ocsapi/v1/computer/13/software "HTTP/1.1 200 OK"
2026-09-28 03:57:55,623 [vuln-engine.ocs_cache] INFO: OCS cache refreshed: 12 machines, 3812 unique packages
2026-09-28 03:57:55,624 [apscheduler.executors.default] INFO: Job "OCS Cache Refresh (trigger: interval[2:00:00], next run at: 2026-09-28 05:57:54 CEST)" executed successfully
2026-09-28 03:57:55,649 [httpx] INFO: HTTP Request: GET https://api.msrc.microsoft.com/update-guide/rss "HTTP/1.1 200 OK"
2026-09-28 03:57:55,801 [httpx] INFO: HTTP Request: GET https://services.nvd.nist.gov/rest/json/cves/2.0?lastModStartDate=2026-09-28T01%3A27%3A54.000&lastModEndDate=2026-09-28T01%3A57%3A54.000&cvssV3Severity=CRITICAL "HTTP/1.1 200 OK"
2026-09-28 03:57:55,802 [vuln-engine.nvd_delta] INFO: NVD delta: 0 critical CVE(s) since 2026-09-28T01:27:54.978616+00:00
2026-09-28 03:57:55,802 [apscheduler.executors.default] INFO: Job "NVD Delta Collector (trigger: interval[0:30:00], next run at: 2026-09-28 04:27:54 CEST)" executed successfully
2026-09-28 03:57:59,422 [vuln-engine.vendor_rss] INFO: Vendor RSS [microsoft_msrc]: parsed 5228 entries
2026-09-28 03:57:59,440 [httpx] INFO: HTTP Request: GET https://www.intersystems.com/support/product-alerts-advisories/ "HTTP/1.1 200 OK"
2026-09-28 03:57:59,450 [vuln-engine.intersystems] INFO: InterSystems: found 10 advisories on page
2026-09-28 03:57:59,451 [apscheduler.executors.default] INFO: Job "InterSystems Collector (trigger: interval[1:00:00], next run at: 2026-09-28 04:57:54 CEST)" executed successfully
2026-09-28 03:57:59,636 [httpx] INFO: HTTP Request: GET https://www.debian.org/security/dsa "HTTP/1.1 200 OK"
2026-09-28 03:57:59,665 [vuln-engine.vendor_rss] INFO: Vendor RSS [debian_dsa]: parsed 29 entries
2026-09-28 03:58:01,130 [httpx] INFO: HTTP Request: GET https://sec.cloudapps.cisco.com/security/center/psirtrss20/CiscoSecurityAdvisory.xml "HTTP/1.1 200 OK"
2026-09-28 03:58:01,504 [vuln-engine.vendor_rss] INFO: Vendor RSS [cisco]: parsed 50 entries
2026-09-28 03:58:01,544 [httpx] INFO: HTTP Request: GET https://www.cert.ssi.gouv.fr/avis/feed/ "HTTP/1.1 200 OK"
2026-09-28 03:58:01,564 [vuln-engine.vendor_rss] INFO: Vendor RSS [certfr_avis]: parsed 40 entries
2026-09-28 03:58:01,605 [httpx] INFO: HTTP Request: GET https://www.cert.ssi.gouv.fr/alerte/feed/ "HTTP/1.1 200 OK"
2026-09-28 03:58:01,626 [vuln-engine.vendor_rss] INFO: Vendor RSS [certfr_alertes]: parsed 40 entries
2026-09-28 03:58:01,822 [httpx] INFO: HTTP Request: GET https://cert.europa.eu/publications/security-advisories-rss "HTTP/1.1 200 OK"
2026-09-28 03:58:01,829 [vuln-engine.vendor_rss] INFO: Vendor RSS [cert_eu]: parsed 10 entries
2026-09-28 03:58:01,887 [httpx] INFO: HTTP Request: GET https://ubuntu.com/security/notices/rss.xml "HTTP/1.1 200 OK"
2026-09-28 03:58:01,894 [vuln-engine.vendor_rss] INFO: Vendor RSS [ubuntu]: parsed 10 entries
2026-09-28 03:58:02,183 [httpx] INFO: HTTP Request: GET https://access.redhat.com/errata-search/feed/?q=*&advisory_type=Security+Advisory&severity=Critical "HTTP/1.1 200 OK"
2026-09-28 03:58:02,237 [vuln-engine.vendor_rss] INFO: Vendor RSS [redhat]: parsed 0 entries
2026-09-28 03:58:02,237 [apscheduler.executors.default] INFO: Job "Vendor RSS Collector (trigger: interval[1:00:00], next run at: 2026-09-28 04:57:54 CEST)" executed successfully
2026-09-28 04:00:03,408 [apscheduler.scheduler] INFO: Scheduler has been shut down
2026-09-28 04:00:04,302 [apscheduler.scheduler] INFO: Adding job tentatively -- it will be properly scheduled when the scheduler starts
2026-09-28 04:00:04,302 [apscheduler.scheduler] INFO: Adding job tentatively -- it will be properly scheduled when the scheduler starts
2026-09-28 04:00:04,302 [apscheduler.scheduler] INFO: Adding job tentatively -- it will be properly scheduled when the scheduler starts
2026-09-28 04:00:04,302 [apscheduler.scheduler] INFO: Adding job tentatively -- it will be properly scheduled when the scheduler starts
2026-09-28 04:00:04,303 [apscheduler.scheduler] INFO: Adding job tentatively -- it will be properly scheduled when the scheduler starts
2026-09-28 04:00:04,303 [apscheduler.scheduler] INFO: Adding job tentatively -- it will be properly scheduled when the scheduler starts
2026-09-28 04:00:04,303 [apscheduler.scheduler] INFO: Added job "refresh_ocs" to job store "default"
2026-09-28 04:00:04,303 [apscheduler.scheduler] INFO: Added job "NVD Delta Collector" to job store "default"
2026-09-28 04:00:04,303 [apscheduler.scheduler] INFO: Added job "CISA KEV Collector" to job store "default"
2026-09-28 04:00:04,304 [apscheduler.scheduler] INFO: Added job "InterSystems Collector" to job store "default"
2026-09-28 04:00:04,304 [apscheduler.scheduler] INFO: Added job "Vendor RSS Collector" to job store "default"
2026-09-28 04:00:04,304 [apscheduler.scheduler] INFO: Added job "OCS Cache Refresh" to job store "default"
2026-09-28 04:00:04,304 [apscheduler.scheduler] INFO: Scheduler started
2026-09-28 04:00:04,304 [vuln-engine.scheduler] INFO: Scheduler started with all collectors
2026-09-28 04:00:04,304 [apscheduler.scheduler] INFO: Removed job 0f179942395e4fc29636911c1d547b27
2026-09-28 04:00:04,304 [apscheduler.executors.default] INFO: Running job "refresh_ocs (trigger: date[2026-09-28 04:00:04 CEST], next run at: 2026-09-28 04:00:04 CEST)" (scheduled at 2026-09-28 04:00:04.302211+02:00)
2026-09-28 04:00:04,305 [vuln-engine.ocs_cache] INFO: Refreshing OCS inventory cache...
2026-09-28 04:00:04,358 [httpx] INFO: HTTP Request: GET https://localhost/ocsapi/v1/computers/listID "HTTP/1.1 200 OK"
2026-09-28 04:00:04,411 [httpx] INFO: HTTP Request: GET https://localhost/ocsapi/v1/computer/21/software "HTTP/1.1 200 OK"
2026-09-28 04:00:04,458 [httpx] INFO: HTTP Request: GET https://localhost/ocsapi/v1/computer/32/software "HTTP/1.1 200 OK"
2026-09-28 04:00:04,497 [httpx] INFO: HTTP Request: GET https://localhost/ocsapi/v1/computer/33/software "HTTP/1.1 200 OK"
2026-09-28 04:00:04,518 [httpx] INFO: HTTP Request: GET https://localhost/ocsapi/v1/computer/14/software "HTTP/1.1 200 OK"
2026-09-28 04:00:04,539 [httpx] INFO: HTTP Request: GET https://localhost/ocsapi/v1/computer/15/software "HTTP/1.1 200 OK"
2026-09-28 04:00:04,605 [httpx] INFO: HTTP Request: GET https://localhost/ocsapi/v1/computer/4/software "HTTP/1.1 200 OK"
2026-09-28 04:00:04,654 [httpx] INFO: HTTP Request: GET https://localhost/ocsapi/v1/computer/16/software "HTTP/1.1 200 OK"
2026-09-28 04:00:04,702 [httpx] INFO: HTTP Request: GET https://localhost/ocsapi/v1/computer/26/software "HTTP/1.1 200 OK"
2026-09-28 04:00:04,727 [httpx] INFO: HTTP Request: GET https://localhost/ocsapi/v1/computer/10/software "HTTP/1.1 200 OK"
2026-09-28 04:00:04,789 [httpx] INFO: HTTP Request: GET https://localhost/ocsapi/v1/computer/11/software "HTTP/1.1 200 OK"
2026-09-28 04:00:04,812 [httpx] INFO: HTTP Request: GET https://localhost/ocsapi/v1/computer/12/software "HTTP/1.1 200 OK"
2026-09-28 04:00:04,828 [httpx] INFO: HTTP Request: GET https://localhost/ocsapi/v1/computer/13/software "HTTP/1.1 200 OK"
2026-09-28 04:00:04,829 [vuln-engine.ocs_cache] INFO: OCS cache refreshed: 12 machines, 3812 unique packages
2026-09-28 04:00:04,830 [apscheduler.executors.default] INFO: Job "refresh_ocs (trigger: date[2026-09-28 04:00:04 CEST], next run at: 2026-09-28 04:00:04 CEST)" executed successfully
2026-09-28 04:30:04,306 [apscheduler.executors.default] INFO: Running job "NVD Delta Collector (trigger: interval[0:30:00], next run at: 2026-09-28 05:00:04 CEST)" (scheduled at 2026-09-28 04:30:04.302565+02:00)
2026-09-28 04:30:04,309 [vuln-engine.scheduler] INFO: ⏰ Running NVD delta collector...
2026-09-28 04:30:05,779 [httpx] INFO: HTTP Request: GET https://services.nvd.nist.gov/rest/json/cves/2.0?lastModStartDate=2026-09-28T01%3A00%3A04.000&lastModEndDate=2026-09-28T02%3A30%3A04.000&cvssV3Severity=CRITICAL "HTTP/1.1 200 OK"
2026-09-28 04:30:05,787 [vuln-engine.nvd_delta] INFO: NVD delta: 2 critical CVE(s) since 2026-09-28T01:00:04.210721+00:00
2026-09-28 04:30:05,790 [vuln-engine.matching] INFO: Matching: 0/2 alerts matched
2026-09-28 04:30:05,791 [apscheduler.executors.default] INFO: Job "NVD Delta Collector (trigger: interval[0:30:00], next run at: 2026-09-28 05:00:04 CEST)" executed successfully
2026-09-28 05:00:04,305 [apscheduler.executors.default] INFO: Running job "NVD Delta Collector (trigger: interval[0:30:00], next run at: 2026-09-28 05:30:04 CEST)" (scheduled at 2026-09-28 05:00:04.302565+02:00)
2026-09-28 05:00:04,307 [vuln-engine.scheduler] INFO: ⏰ Running NVD delta collector...
2026-09-28 05:00:04,331 [apscheduler.executors.default] INFO: Running job "CISA KEV Collector (trigger: interval[1:00:00], next run at: 2026-09-28 06:00:04 CEST)" (scheduled at 2026-09-28 05:00:04.302748+02:00)
2026-09-28 05:00:04,332 [vuln-engine.scheduler] INFO: ⏰ Running CISA KEV collector...
2026-09-28 05:00:04,344 [apscheduler.executors.default] INFO: Running job "InterSystems Collector (trigger: interval[1:00:00], next run at: 2026-09-28 06:00:04 CEST)" (scheduled at 2026-09-28 05:00:04.302891+02:00)
2026-09-28 05:00:04,345 [vuln-engine.scheduler] INFO: ⏰ Running InterSystems collector...
2026-09-28 05:00:04,357 [apscheduler.executors.default] INFO: Running job "Vendor RSS Collector (trigger: interval[1:00:00], next run at: 2026-09-28 06:00:04 CEST)" (scheduled at 2026-09-28 05:00:04.303011+02:00)
2026-09-28 05:00:04,358 [vuln-engine.scheduler] INFO: ⏰ Running Vendor RSS collector...
2026-09-28 05:00:04,470 [httpx] INFO: HTTP Request: GET https://www.cisa.gov/sites/default/files/feeds/known_exploited_vulnerabilities.json "HTTP/1.1 200 OK"
2026-09-28 05:00:04,506 [vuln-engine.cisa_kev] INFO: CISA KEV: initial load, 1728 CVEs catalogued
2026-09-28 05:00:04,507 [apscheduler.executors.default] INFO: Job "CISA KEV Collector (trigger: interval[1:00:00], next run at: 2026-09-28 06:00:04 CEST)" executed successfully
2026-09-28 05:00:04,975 [httpx] INFO: HTTP Request: GET https://api.msrc.microsoft.com/update-guide/rss "HTTP/1.1 200 OK"
2026-09-28 05:00:08,828 [vuln-engine.vendor_rss] INFO: Vendor RSS [microsoft_msrc]: parsed 5228 entries
2026-09-28 05:00:08,841 [httpx] INFO: HTTP Request: GET https://www.intersystems.com/support/product-alerts-advisories/ "HTTP/1.1 200 OK"
2026-09-28 05:00:08,849 [vuln-engine.intersystems] INFO: InterSystems: found 10 advisories on page
2026-09-28 05:00:08,849 [vuln-engine.intersystems] INFO: InterSystems: initial load, 10 advisories catalogued
2026-09-28 05:00:08,849 [apscheduler.executors.default] INFO: Job "InterSystems Collector (trigger: interval[1:00:00], next run at: 2026-09-28 06:00:04 CEST)" executed successfully
2026-09-28 05:00:09,073 [httpx] INFO: HTTP Request: GET https://www.debian.org/security/dsa "HTTP/1.1 200 OK"
2026-09-28 05:00:09,099 [vuln-engine.vendor_rss] INFO: Vendor RSS [debian_dsa]: parsed 29 entries
2026-09-28 05:00:10,509 [httpx] INFO: HTTP Request: GET https://sec.cloudapps.cisco.com/security/center/psirtrss20/CiscoSecurityAdvisory.xml "HTTP/1.1 200 OK"
2026-09-28 05:00:10,891 [vuln-engine.vendor_rss] INFO: Vendor RSS [cisco]: parsed 50 entries
2026-09-28 05:00:10,931 [httpx] INFO: HTTP Request: GET https://www.cert.ssi.gouv.fr/avis/feed/ "HTTP/1.1 200 OK"
2026-09-28 05:00:10,951 [vuln-engine.vendor_rss] INFO: Vendor RSS [certfr_avis]: parsed 40 entries
2026-09-28 05:00:10,980 [httpx] INFO: HTTP Request: GET https://www.cert.ssi.gouv.fr/alerte/feed/ "HTTP/1.1 200 OK"
2026-09-28 05:00:11,000 [vuln-engine.vendor_rss] INFO: Vendor RSS [certfr_alertes]: parsed 40 entries
2026-09-28 05:00:11,237 [httpx] INFO: HTTP Request: GET https://services.nvd.nist.gov/rest/json/cves/2.0?lastModStartDate=2026-09-28T02%3A30%3A04.000&lastModEndDate=2026-09-28T03%3A00%3A04.000&cvssV3Severity=CRITICAL "HTTP/1.1 200 OK"
2026-09-28 05:00:11,238 [vuln-engine.nvd_delta] INFO: NVD delta: 0 critical CVE(s) since 2026-09-28T02:30:04.309604+00:00
2026-09-28 05:00:11,239 [apscheduler.executors.default] INFO: Job "NVD Delta Collector (trigger: interval[0:30:00], next run at: 2026-09-28 05:30:04 CEST)" executed successfully
2026-09-28 05:00:13,876 [httpx] INFO: HTTP Request: GET https://cert.europa.eu/publications/security-advisories-rss "HTTP/1.1 200 OK"
2026-09-28 05:00:13,883 [vuln-engine.vendor_rss] INFO: Vendor RSS [cert_eu]: parsed 10 entries
2026-09-28 05:00:13,934 [httpx] INFO: HTTP Request: GET https://ubuntu.com/security/notices/rss.xml "HTTP/1.1 200 OK"
2026-09-28 05:00:13,941 [vuln-engine.vendor_rss] INFO: Vendor RSS [ubuntu]: parsed 10 entries
2026-09-28 05:00:14,406 [httpx] INFO: HTTP Request: GET https://access.redhat.com/errata-search/feed/?q=*&advisory_type=Security+Advisory&severity=Critical "HTTP/1.1 200 OK"
2026-09-28 05:00:14,460 [vuln-engine.vendor_rss] INFO: Vendor RSS [redhat]: parsed 0 entries
2026-09-28 05:00:14,460 [vuln-engine.vendor_rss] WARNING: Vendor RSS: 47 new HIGH+/zero-day advisory(ies)
2026-09-28 05:00:14,461 [vuln-engine.matching] INFO: Matching: 0/47 alerts matched
2026-09-28 05:00:14,461 [apscheduler.executors.default] INFO: Job "Vendor RSS Collector (trigger: interval[1:00:00], next run at: 2026-09-28 06:00:04 CEST)" executed successfully
2026-09-28 05:30:04,304 [apscheduler.executors.default] INFO: Running job "NVD Delta Collector (trigger: interval[0:30:00], next run at: 2026-09-28 06:00:04 CEST)" (scheduled at 2026-09-28 05:30:04.302565+02:00)
2026-09-28 05:30:04,304 [vuln-engine.scheduler] INFO: ⏰ Running NVD delta collector...
2026-09-28 05:30:05,553 [httpx] INFO: HTTP Request: GET https://services.nvd.nist.gov/rest/json/cves/2.0?lastModStartDate=2026-09-28T03%3A00%3A04.000&lastModEndDate=2026-09-28T03%3A30%3A04.000&cvssV3Severity=CRITICAL "HTTP/1.1 200 OK"
2026-09-28 05:30:05,554 [vuln-engine.nvd_delta] INFO: NVD delta: 0 critical CVE(s) since 2026-09-28T03:00:04.307331+00:00
2026-09-28 05:30:05,555 [apscheduler.executors.default] INFO: Job "NVD Delta Collector (trigger: interval[0:30:00], next run at: 2026-09-28 06:00:04 CEST)" executed successfully
2026-09-28 06:00:04,306 [apscheduler.executors.default] INFO: Running job "NVD Delta Collector (trigger: interval[0:30:00], next run at: 2026-09-28 06:30:04 CEST)" (scheduled at 2026-09-28 06:00:04.302565+02:00)
2026-09-28 06:00:04,308 [vuln-engine.scheduler] INFO: ⏰ Running NVD delta collector...
2026-09-28 06:00:04,330 [apscheduler.executors.default] INFO: Running job "CISA KEV Collector (trigger: interval[1:00:00], next run at: 2026-09-28 07:00:04 CEST)" (scheduled at 2026-09-28 06:00:04.302748+02:00)
2026-09-28 06:00:04,331 [vuln-engine.scheduler] INFO: ⏰ Running CISA KEV collector...
2026-09-28 06:00:04,348 [apscheduler.executors.default] INFO: Running job "InterSystems Collector (trigger: interval[1:00:00], next run at: 2026-09-28 07:00:04 CEST)" (scheduled at 2026-09-28 06:00:04.302891+02:00)
2026-09-28 06:00:04,349 [vuln-engine.scheduler] INFO: ⏰ Running InterSystems collector...
2026-09-28 06:00:04,363 [apscheduler.executors.default] INFO: Running job "Vendor RSS Collector (trigger: interval[1:00:00], next run at: 2026-09-28 07:00:04 CEST)" (scheduled at 2026-09-28 06:00:04.303011+02:00)
2026-09-28 06:00:04,363 [vuln-engine.scheduler] INFO: ⏰ Running Vendor RSS collector...
2026-09-28 06:00:04,373 [apscheduler.executors.default] INFO: Running job "OCS Cache Refresh (trigger: interval[2:00:00], next run at: 2026-09-28 08:00:04 CEST)" (scheduled at 2026-09-28 06:00:04.303126+02:00)
2026-09-28 06:00:04,374 [vuln-engine.ocs_cache] INFO: Refreshing OCS inventory cache...
2026-09-28 06:00:04,400 [httpx] INFO: HTTP Request: GET https://localhost/ocsapi/v1/computers/listID "HTTP/1.1 200 OK"
2026-09-28 06:00:04,458 [httpx] INFO: HTTP Request: GET https://localhost/ocsapi/v1/computer/21/software "HTTP/1.1 200 OK"
2026-09-28 06:00:04,503 [httpx] INFO: HTTP Request: GET https://www.cisa.gov/sites/default/files/feeds/known_exploited_vulnerabilities.json "HTTP/1.1 200 OK"
2026-09-28 06:00:04,534 [apscheduler.executors.default] INFO: Job "CISA KEV Collector (trigger: interval[1:00:00], next run at: 2026-09-28 07:00:04 CEST)" executed successfully
2026-09-28 06:00:04,553 [httpx] INFO: HTTP Request: GET https://localhost/ocsapi/v1/computer/32/software "HTTP/1.1 200 OK"
2026-09-28 06:00:04,594 [httpx] INFO: HTTP Request: GET https://localhost/ocsapi/v1/computer/33/software "HTTP/1.1 200 OK"
2026-09-28 06:00:04,624 [httpx] INFO: HTTP Request: GET https://localhost/ocsapi/v1/computer/14/software "HTTP/1.1 200 OK"
2026-09-28 06:00:04,641 [httpx] INFO: HTTP Request: GET https://localhost/ocsapi/v1/computer/15/software "HTTP/1.1 200 OK"
2026-09-28 06:00:04,703 [httpx] INFO: HTTP Request: GET https://localhost/ocsapi/v1/computer/4/software "HTTP/1.1 200 OK"
2026-09-28 06:00:04,759 [httpx] INFO: HTTP Request: GET https://localhost/ocsapi/v1/computer/16/software "HTTP/1.1 200 OK"
2026-09-28 06:00:04,807 [httpx] INFO: HTTP Request: GET https://localhost/ocsapi/v1/computer/26/software "HTTP/1.1 200 OK"
2026-09-28 06:00:04,823 [httpx] INFO: HTTP Request: GET https://localhost/ocsapi/v1/computer/10/software "HTTP/1.1 200 OK"
2026-09-28 06:00:04,879 [httpx] INFO: HTTP Request: GET https://localhost/ocsapi/v1/computer/11/software "HTTP/1.1 200 OK"
2026-09-28 06:00:04,916 [httpx] INFO: HTTP Request: GET https://localhost/ocsapi/v1/computer/12/software "HTTP/1.1 200 OK"
2026-09-28 06:00:04,931 [httpx] INFO: HTTP Request: GET https://localhost/ocsapi/v1/computer/13/software "HTTP/1.1 200 OK"
2026-09-28 06:00:04,935 [vuln-engine.ocs_cache] INFO: OCS cache refreshed: 12 machines, 3812 unique packages
2026-09-28 06:00:04,936 [apscheduler.executors.default] INFO: Job "OCS Cache Refresh (trigger: interval[2:00:00], next run at: 2026-09-28 08:00:04 CEST)" executed successfully
2026-09-28 06:00:04,979 [httpx] INFO: HTTP Request: GET https://api.msrc.microsoft.com/update-guide/rss "HTTP/1.1 200 OK"
2026-09-28 06:00:08,339 [vuln-engine.vendor_rss] INFO: Vendor RSS [microsoft_msrc]: parsed 5228 entries
2026-09-28 06:00:08,352 [httpx] INFO: HTTP Request: GET https://www.intersystems.com/support/product-alerts-advisories/ "HTTP/1.1 200 OK"
2026-09-28 06:00:08,363 [vuln-engine.intersystems] INFO: InterSystems: found 10 advisories on page
2026-09-28 06:00:08,363 [apscheduler.executors.default] INFO: Job "InterSystems Collector (trigger: interval[1:00:00], next run at: 2026-09-28 07:00:04 CEST)" executed successfully
2026-09-28 06:00:08,532 [httpx] INFO: HTTP Request: GET https://www.debian.org/security/dsa "HTTP/1.1 200 OK"
2026-09-28 06:00:08,556 [vuln-engine.vendor_rss] INFO: Vendor RSS [debian_dsa]: parsed 29 entries
2026-09-28 06:00:10,112 [httpx] INFO: HTTP Request: GET https://sec.cloudapps.cisco.com/security/center/psirtrss20/CiscoSecurityAdvisory.xml "HTTP/1.1 200 OK"
2026-09-28 06:00:10,484 [vuln-engine.vendor_rss] INFO: Vendor RSS [cisco]: parsed 50 entries
2026-09-28 06:00:10,515 [httpx] INFO: HTTP Request: GET https://www.cert.ssi.gouv.fr/avis/feed/ "HTTP/1.1 200 OK"
2026-09-28 06:00:10,533 [vuln-engine.vendor_rss] INFO: Vendor RSS [certfr_avis]: parsed 40 entries
2026-09-28 06:00:10,570 [httpx] INFO: HTTP Request: GET https://www.cert.ssi.gouv.fr/alerte/feed/ "HTTP/1.1 200 OK"
2026-09-28 06:00:10,590 [vuln-engine.vendor_rss] INFO: Vendor RSS [certfr_alertes]: parsed 40 entries
2026-09-28 06:00:15,139 [httpx] INFO: HTTP Request: GET https://cert.europa.eu/publications/security-advisories-rss "HTTP/1.1 200 OK"
2026-09-28 06:00:15,145 [vuln-engine.vendor_rss] INFO: Vendor RSS [cert_eu]: parsed 10 entries
2026-09-28 06:00:15,187 [httpx] INFO: HTTP Request: GET https://ubuntu.com/security/notices/rss.xml "HTTP/1.1 200 OK"
2026-09-28 06:00:15,193 [vuln-engine.vendor_rss] INFO: Vendor RSS [ubuntu]: parsed 10 entries
2026-09-28 06:00:15,855 [httpx] INFO: HTTP Request: GET https://access.redhat.com/errata-search/feed/?q=*&advisory_type=Security+Advisory&severity=Critical "HTTP/1.1 200 OK"
2026-09-28 06:00:15,903 [vuln-engine.vendor_rss] INFO: Vendor RSS [redhat]: parsed 0 entries
2026-09-28 06:00:15,903 [apscheduler.executors.default] INFO: Job "Vendor RSS Collector (trigger: interval[1:00:00], next run at: 2026-09-28 07:00:04 CEST)" executed successfully
2026-09-28 06:00:18,098 [httpx] INFO: HTTP Request: GET https://services.nvd.nist.gov/rest/json/cves/2.0?lastModStartDate=2026-09-28T03%3A30%3A04.000&lastModEndDate=2026-09-28T04%3A00%3A04.000&cvssV3Severity=CRITICAL "HTTP/1.1 200 OK"
2026-09-28 06:00:18,100 [vuln-engine.nvd_delta] INFO: NVD delta: 0 critical CVE(s) since 2026-09-28T03:30:04.304819+00:00
2026-09-28 06:00:18,100 [apscheduler.executors.default] INFO: Job "NVD Delta Collector (trigger: interval[0:30:00], next run at: 2026-09-28 06:30:04 CEST)" executed successfully
2026-09-28 06:30:04,304 [apscheduler.executors.default] INFO: Running job "NVD Delta Collector (trigger: interval[0:30:00], next run at: 2026-09-28 07:00:04 CEST)" (scheduled at 2026-09-28 06:30:04.302565+02:00)
2026-09-28 06:30:04,305 [vuln-engine.scheduler] INFO: ⏰ Running NVD delta collector...
2026-09-28 06:30:05,153 [httpx] INFO: HTTP Request: GET https://services.nvd.nist.gov/rest/json/cves/2.0?lastModStartDate=2026-09-28T04%3A00%3A04.000&lastModEndDate=2026-09-28T04%3A30%3A04.000&cvssV3Severity=CRITICAL "HTTP/1.1 200 OK"
2026-09-28 06:30:05,155 [vuln-engine.nvd_delta] INFO: NVD delta: 0 critical CVE(s) since 2026-09-28T04:00:04.308615+00:00
2026-09-28 06:30:05,155 [apscheduler.executors.default] INFO: Job "NVD Delta Collector (trigger: interval[0:30:00], next run at: 2026-09-28 07:00:04 CEST)" executed successfully
2026-09-28 07:00:04,305 [apscheduler.executors.default] INFO: Running job "NVD Delta Collector (trigger: interval[0:30:00], next run at: 2026-09-28 07:30:04 CEST)" (scheduled at 2026-09-28 07:00:04.302565+02:00)
2026-09-28 07:00:04,306 [vuln-engine.scheduler] INFO: ⏰ Running NVD delta collector...
2026-09-28 07:00:04,320 [apscheduler.executors.default] INFO: Running job "CISA KEV Collector (trigger: interval[1:00:00], next run at: 2026-09-28 08:00:04 CEST)" (scheduled at 2026-09-28 07:00:04.302748+02:00)
2026-09-28 07:00:04,321 [vuln-engine.scheduler] INFO: ⏰ Running CISA KEV collector...
2026-09-28 07:00:04,331 [apscheduler.executors.default] INFO: Running job "InterSystems Collector (trigger: interval[1:00:00], next run at: 2026-09-28 08:00:04 CEST)" (scheduled at 2026-09-28 07:00:04.302891+02:00)
2026-09-28 07:00:04,331 [vuln-engine.scheduler] INFO: ⏰ Running InterSystems collector...
2026-09-28 07:00:04,342 [apscheduler.executors.default] INFO: Running job "Vendor RSS Collector (trigger: interval[1:00:00], next run at: 2026-09-28 08:00:04 CEST)" (scheduled at 2026-09-28 07:00:04.303011+02:00)
2026-09-28 07:00:04,342 [vuln-engine.scheduler] INFO: ⏰ Running Vendor RSS collector...
2026-09-28 07:00:04,444 [httpx] INFO: HTTP Request: GET https://www.cisa.gov/sites/default/files/feeds/known_exploited_vulnerabilities.json "HTTP/1.1 200 OK"
2026-09-28 07:00:04,491 [apscheduler.executors.default] INFO: Job "CISA KEV Collector (trigger: interval[1:00:00], next run at: 2026-09-28 08:00:04 CEST)" executed successfully
2026-09-28 07:00:04,940 [httpx] INFO: HTTP Request: GET https://api.msrc.microsoft.com/update-guide/rss "HTTP/1.1 200 OK"
2026-09-28 07:00:08,463 [vuln-engine.vendor_rss] INFO: Vendor RSS [microsoft_msrc]: parsed 5228 entries
2026-09-28 07:00:08,478 [httpx] INFO: HTTP Request: GET https://www.intersystems.com/support/product-alerts-advisories/ "HTTP/1.1 200 OK"
2026-09-28 07:00:08,486 [vuln-engine.intersystems] INFO: InterSystems: found 10 advisories on page
2026-09-28 07:00:08,486 [apscheduler.executors.default] INFO: Job "InterSystems Collector (trigger: interval[1:00:00], next run at: 2026-09-28 08:00:04 CEST)" executed successfully
2026-09-28 07:00:08,676 [httpx] INFO: HTTP Request: GET https://www.debian.org/security/dsa "HTTP/1.1 200 OK"
2026-09-28 07:00:08,702 [vuln-engine.vendor_rss] INFO: Vendor RSS [debian_dsa]: parsed 29 entries
2026-09-28 07:00:09,597 [httpx] INFO: HTTP Request: GET https://services.nvd.nist.gov/rest/json/cves/2.0?lastModStartDate=2026-09-28T04%3A30%3A04.000&lastModEndDate=2026-09-28T05%3A00%3A04.000&cvssV3Severity=CRITICAL "HTTP/1.1 200 OK"
2026-09-28 07:00:09,598 [vuln-engine.nvd_delta] INFO: NVD delta: 0 critical CVE(s) since 2026-09-28T04:30:04.305919+00:00
2026-09-28 07:00:09,598 [apscheduler.executors.default] INFO: Job "NVD Delta Collector (trigger: interval[0:30:00], next run at: 2026-09-28 07:30:04 CEST)" executed successfully
2026-09-28 07:00:10,191 [httpx] INFO: HTTP Request: GET https://sec.cloudapps.cisco.com/security/center/psirtrss20/CiscoSecurityAdvisory.xml "HTTP/1.1 200 OK"
2026-09-28 07:00:10,564 [vuln-engine.vendor_rss] INFO: Vendor RSS [cisco]: parsed 50 entries
2026-09-28 07:00:10,595 [httpx] INFO: HTTP Request: GET https://www.cert.ssi.gouv.fr/avis/feed/ "HTTP/1.1 200 OK"
2026-09-28 07:00:10,612 [vuln-engine.vendor_rss] INFO: Vendor RSS [certfr_avis]: parsed 40 entries
2026-09-28 07:00:10,651 [httpx] INFO: HTTP Request: GET https://www.cert.ssi.gouv.fr/alerte/feed/ "HTTP/1.1 200 OK"
2026-09-28 07:00:10,669 [vuln-engine.vendor_rss] INFO: Vendor RSS [certfr_alertes]: parsed 40 entries
2026-09-28 07:00:15,078 [httpx] INFO: HTTP Request: GET https://cert.europa.eu/publications/security-advisories-rss "HTTP/1.1 200 OK"
2026-09-28 07:00:15,085 [vuln-engine.vendor_rss] INFO: Vendor RSS [cert_eu]: parsed 10 entries
2026-09-28 07:00:15,382 [httpx] INFO: HTTP Request: GET https://ubuntu.com/security/notices/rss.xml "HTTP/1.1 200 OK"
2026-09-28 07:00:15,391 [vuln-engine.vendor_rss] INFO: Vendor RSS [ubuntu]: parsed 10 entries
2026-09-28 07:00:15,666 [httpx] INFO: HTTP Request: GET https://access.redhat.com/errata-search/feed/?q=*&advisory_type=Security+Advisory&severity=Critical "HTTP/1.1 200 OK"
2026-09-28 07:00:15,714 [vuln-engine.vendor_rss] INFO: Vendor RSS [redhat]: parsed 0 entries
2026-09-28 07:00:15,715 [apscheduler.executors.default] INFO: Job "Vendor RSS Collector (trigger: interval[1:00:00], next run at: 2026-09-28 08:00:04 CEST)" executed successfully
2026-09-28 07:30:04,304 [apscheduler.executors.default] INFO: Running job "NVD Delta Collector (trigger: interval[0:30:00], next run at: 2026-09-28 08:00:04 CEST)" (scheduled at 2026-09-28 07:30:04.302565+02:00)
2026-09-28 07:30:04,305 [vuln-engine.scheduler] INFO: ⏰ Running NVD delta collector...
2026-09-28 07:30:05,999 [httpx] INFO: HTTP Request: GET https://services.nvd.nist.gov/rest/json/cves/2.0?lastModStartDate=2026-09-28T05%3A00%3A04.000&lastModEndDate=2026-09-28T05%3A30%3A04.000&cvssV3Severity=CRITICAL "HTTP/1.1 200 OK"
2026-09-28 07:30:06,001 [vuln-engine.nvd_delta] INFO: NVD delta: 2 critical CVE(s) since 2026-09-28T05:00:04.306727+00:00
2026-09-28 07:30:06,002 [vuln-engine.matching] INFO: Matching: 0/2 alerts matched
2026-09-28 07:30:06,002 [apscheduler.executors.default] INFO: Job "NVD Delta Collector (trigger: interval[0:30:00], next run at: 2026-09-28 08:00:04 CEST)" executed successfully
2026-09-28 08:00:04,304 [apscheduler.executors.default] INFO: Running job "NVD Delta Collector (trigger: interval[0:30:00], next run at: 2026-09-28 08:30:04 CEST)" (scheduled at 2026-09-28 08:00:04.302565+02:00)
2026-09-28 08:00:04,305 [vuln-engine.scheduler] INFO: ⏰ Running NVD delta collector...
2026-09-28 08:00:04,321 [apscheduler.executors.default] INFO: Running job "CISA KEV Collector (trigger: interval[1:00:00], next run at: 2026-09-28 09:00:04 CEST)" (scheduled at 2026-09-28 08:00:04.302748+02:00)
2026-09-28 08:00:04,322 [vuln-engine.scheduler] INFO: ⏰ Running CISA KEV collector...
2026-09-28 08:00:04,332 [apscheduler.executors.default] INFO: Running job "InterSystems Collector (trigger: interval[1:00:00], next run at: 2026-09-28 09:00:04 CEST)" (scheduled at 2026-09-28 08:00:04.302891+02:00)
2026-09-28 08:00:04,332 [vuln-engine.scheduler] INFO: ⏰ Running InterSystems collector...
2026-09-28 08:00:04,344 [apscheduler.executors.default] INFO: Running job "Vendor RSS Collector (trigger: interval[1:00:00], next run at: 2026-09-28 09:00:04 CEST)" (scheduled at 2026-09-28 08:00:04.303011+02:00)
2026-09-28 08:00:04,344 [vuln-engine.scheduler] INFO: ⏰ Running Vendor RSS collector...
2026-09-28 08:00:04,354 [apscheduler.executors.default] INFO: Running job "OCS Cache Refresh (trigger: interval[2:00:00], next run at: 2026-09-28 10:00:04 CEST)" (scheduled at 2026-09-28 08:00:04.303126+02:00)
2026-09-28 08:00:04,355 [vuln-engine.ocs_cache] INFO: Refreshing OCS inventory cache...
2026-09-28 08:00:04,415 [httpx] INFO: HTTP Request: GET https://localhost/ocsapi/v1/computers/listID "HTTP/1.1 200 OK"
2026-09-28 08:00:04,467 [httpx] INFO: HTTP Request: GET https://www.cisa.gov/sites/default/files/feeds/known_exploited_vulnerabilities.json "HTTP/1.1 200 OK"
2026-09-28 08:00:04,475 [httpx] INFO: HTTP Request: GET https://localhost/ocsapi/v1/computer/21/software "HTTP/1.1 200 OK"
2026-09-28 08:00:04,523 [apscheduler.executors.default] INFO: Job "CISA KEV Collector (trigger: interval[1:00:00], next run at: 2026-09-28 09:00:04 CEST)" executed successfully
2026-09-28 08:00:04,568 [httpx] INFO: HTTP Request: GET https://localhost/ocsapi/v1/computer/32/software "HTTP/1.1 200 OK"
2026-09-28 08:00:04,624 [httpx] INFO: HTTP Request: GET https://localhost/ocsapi/v1/computer/33/software "HTTP/1.1 200 OK"
2026-09-28 08:00:04,650 [httpx] INFO: HTTP Request: GET https://localhost/ocsapi/v1/computer/14/software "HTTP/1.1 200 OK"
2026-09-28 08:00:04,674 [httpx] INFO: HTTP Request: GET https://localhost/ocsapi/v1/computer/15/software "HTTP/1.1 200 OK"
2026-09-28 08:00:04,763 [httpx] INFO: HTTP Request: GET https://localhost/ocsapi/v1/computer/4/software "HTTP/1.1 200 OK"
2026-09-28 08:00:04,820 [httpx] INFO: HTTP Request: GET https://localhost/ocsapi/v1/computer/16/software "HTTP/1.1 200 OK"
2026-09-28 08:00:04,868 [httpx] INFO: HTTP Request: GET https://localhost/ocsapi/v1/computer/26/software "HTTP/1.1 200 OK"
2026-09-28 08:00:04,928 [httpx] INFO: HTTP Request: GET https://localhost/ocsapi/v1/computer/10/software "HTTP/1.1 200 OK"
2026-09-28 08:00:04,994 [httpx] INFO: HTTP Request: GET https://localhost/ocsapi/v1/computer/11/software "HTTP/1.1 200 OK"
2026-09-28 08:00:05,013 [httpx] INFO: HTTP Request: GET https://api.msrc.microsoft.com/update-guide/rss "HTTP/1.1 200 OK"
2026-09-28 08:00:05,024 [httpx] INFO: HTTP Request: GET https://localhost/ocsapi/v1/computer/12/software "HTTP/1.1 200 OK"
2026-09-28 08:00:05,043 [httpx] INFO: HTTP Request: GET https://localhost/ocsapi/v1/computer/13/software "HTTP/1.1 200 OK"
2026-09-28 08:00:05,048 [vuln-engine.ocs_cache] INFO: OCS cache refreshed: 12 machines, 3812 unique packages
2026-09-28 08:00:05,049 [apscheduler.executors.default] INFO: Job "OCS Cache Refresh (trigger: interval[2:00:00], next run at: 2026-09-28 10:00:04 CEST)" executed successfully
2026-09-28 08:00:08,925 [vuln-engine.vendor_rss] INFO: Vendor RSS [microsoft_msrc]: parsed 5228 entries
2026-09-28 08:00:08,942 [httpx] INFO: HTTP Request: GET https://www.intersystems.com/support/product-alerts-advisories/ "HTTP/1.1 200 OK"
2026-09-28 08:00:08,952 [vuln-engine.intersystems] INFO: InterSystems: found 10 advisories on page
2026-09-28 08:00:08,952 [apscheduler.executors.default] INFO: Job "InterSystems Collector (trigger: interval[1:00:00], next run at: 2026-09-28 09:00:04 CEST)" executed successfully
2026-09-28 08:00:09,121 [httpx] INFO: HTTP Request: GET https://www.debian.org/security/dsa "HTTP/1.1 200 OK"
2026-09-28 08:00:09,148 [vuln-engine.vendor_rss] INFO: Vendor RSS [debian_dsa]: parsed 29 entries
2026-09-28 08:00:10,637 [httpx] INFO: HTTP Request: GET https://sec.cloudapps.cisco.com/security/center/psirtrss20/CiscoSecurityAdvisory.xml "HTTP/1.1 200 OK"
2026-09-28 08:00:10,937 [vuln-engine.vendor_rss] INFO: Vendor RSS [cisco]: parsed 50 entries
2026-09-28 08:00:10,979 [httpx] INFO: HTTP Request: GET https://www.cert.ssi.gouv.fr/avis/feed/ "HTTP/1.1 200 OK"
2026-09-28 08:00:10,996 [vuln-engine.vendor_rss] INFO: Vendor RSS [certfr_avis]: parsed 40 entries
2026-09-28 08:00:11,025 [httpx] INFO: HTTP Request: GET https://www.cert.ssi.gouv.fr/alerte/feed/ "HTTP/1.1 200 OK"
2026-09-28 08:00:11,044 [vuln-engine.vendor_rss] INFO: Vendor RSS [certfr_alertes]: parsed 40 entries
2026-09-28 08:00:12,484 [httpx] INFO: HTTP Request: GET https://services.nvd.nist.gov/rest/json/cves/2.0?lastModStartDate=2026-09-28T05%3A30%3A04.000&lastModEndDate=2026-09-28T06%3A00%3A04.000&cvssV3Severity=CRITICAL "HTTP/1.1 200 OK"
2026-09-28 08:00:12,486 [vuln-engine.nvd_delta] INFO: NVD delta: 0 critical CVE(s) since 2026-09-28T05:30:04.305387+00:00
2026-09-28 08:00:12,486 [apscheduler.executors.default] INFO: Job "NVD Delta Collector (trigger: interval[0:30:00], next run at: 2026-09-28 08:30:04 CEST)" executed successfully
2026-09-28 08:00:19,075 [httpx] INFO: HTTP Request: GET https://cert.europa.eu/publications/security-advisories-rss "HTTP/1.1 200 OK"
2026-09-28 08:00:19,084 [vuln-engine.vendor_rss] INFO: Vendor RSS [cert_eu]: parsed 10 entries
2026-09-28 08:00:19,129 [httpx] INFO: HTTP Request: GET https://ubuntu.com/security/notices/rss.xml "HTTP/1.1 200 OK"
2026-09-28 08:00:19,135 [vuln-engine.vendor_rss] INFO: Vendor RSS [ubuntu]: parsed 10 entries
2026-09-28 08:00:19,444 [httpx] INFO: HTTP Request: GET https://access.redhat.com/errata-search/feed/?q=*&advisory_type=Security+Advisory&severity=Critical "HTTP/1.1 200 OK"
2026-09-28 08:00:19,496 [vuln-engine.vendor_rss] INFO: Vendor RSS [redhat]: parsed 0 entries
2026-09-28 08:00:19,497 [apscheduler.executors.default] INFO: Job "Vendor RSS Collector (trigger: interval[1:00:00], next run at: 2026-09-28 09:00:04 CEST)" executed successfully
2026-09-28 08:30:04,304 [apscheduler.executors.default] INFO: Running job "NVD Delta Collector (trigger: interval[0:30:00], next run at: 2026-09-28 09:00:04 CEST)" (scheduled at 2026-09-28 08:30:04.302565+02:00)
2026-09-28 08:30:04,305 [vuln-engine.scheduler] INFO: ⏰ Running NVD delta collector...
2026-09-28 08:30:06,270 [httpx] INFO: HTTP Request: GET https://services.nvd.nist.gov/rest/json/cves/2.0?lastModStartDate=2026-09-28T06%3A00%3A04.000&lastModEndDate=2026-09-28T06%3A30%3A04.000&cvssV3Severity=CRITICAL "HTTP/1.1 200 OK"
2026-09-28 08:30:06,272 [vuln-engine.nvd_delta] INFO: NVD delta: 1 critical CVE(s) since 2026-09-28T06:00:04.305652+00:00
2026-09-28 08:30:06,272 [vuln-engine.matching] INFO: Matching: 0/1 alerts matched
2026-09-28 08:30:06,272 [apscheduler.executors.default] INFO: Job "NVD Delta Collector (trigger: interval[0:30:00], next run at: 2026-09-28 09:00:04 CEST)" executed successfully
2026-09-28 09:00:04,304 [apscheduler.executors.default] INFO: Running job "NVD Delta Collector (trigger: interval[0:30:00], next run at: 2026-09-28 09:30:04 CEST)" (scheduled at 2026-09-28 09:00:04.302565+02:00)
2026-09-28 09:00:04,305 [vuln-engine.scheduler] INFO: ⏰ Running NVD delta collector...
2026-09-28 09:00:04,321 [apscheduler.executors.default] INFO: Running job "CISA KEV Collector (trigger: interval[1:00:00], next run at: 2026-09-28 10:00:04 CEST)" (scheduled at 2026-09-28 09:00:04.302748+02:00)
2026-09-28 09:00:04,322 [vuln-engine.scheduler] INFO: ⏰ Running CISA KEV collector...
2026-09-28 09:00:04,333 [apscheduler.executors.default] INFO: Running job "InterSystems Collector (trigger: interval[1:00:00], next run at: 2026-09-28 10:00:04 CEST)" (scheduled at 2026-09-28 09:00:04.302891+02:00)
2026-09-28 09:00:04,333 [vuln-engine.scheduler] INFO: ⏰ Running InterSystems collector...
2026-09-28 09:00:04,345 [apscheduler.executors.default] INFO: Running job "Vendor RSS Collector (trigger: interval[1:00:00], next run at: 2026-09-28 10:00:04 CEST)" (scheduled at 2026-09-28 09:00:04.303011+02:00)
2026-09-28 09:00:04,345 [vuln-engine.scheduler] INFO: ⏰ Running Vendor RSS collector...
2026-09-28 09:00:04,456 [httpx] INFO: HTTP Request: GET https://www.cisa.gov/sites/default/files/feeds/known_exploited_vulnerabilities.json "HTTP/1.1 200 OK"
2026-09-28 09:00:04,505 [apscheduler.executors.default] INFO: Job "CISA KEV Collector (trigger: interval[1:00:00], next run at: 2026-09-28 10:00:04 CEST)" executed successfully
2026-09-28 09:00:04,979 [httpx] INFO: HTTP Request: GET https://api.msrc.microsoft.com/update-guide/rss "HTTP/1.1 200 OK"
2026-09-28 09:00:08,912 [vuln-engine.vendor_rss] INFO: Vendor RSS [microsoft_msrc]: parsed 5228 entries
2026-09-28 09:00:08,930 [httpx] INFO: HTTP Request: GET https://www.intersystems.com/support/product-alerts-advisories/ "HTTP/1.1 200 OK"
2026-09-28 09:00:08,938 [vuln-engine.intersystems] INFO: InterSystems: found 10 advisories on page
2026-09-28 09:00:08,938 [apscheduler.executors.default] INFO: Job "InterSystems Collector (trigger: interval[1:00:00], next run at: 2026-09-28 10:00:04 CEST)" executed successfully
2026-09-28 09:00:09,043 [httpx] INFO: HTTP Request: GET https://www.debian.org/security/dsa "HTTP/1.1 200 OK"
2026-09-28 09:00:09,070 [vuln-engine.vendor_rss] INFO: Vendor RSS [debian_dsa]: parsed 29 entries
2026-09-28 09:00:10,377 [httpx] INFO: HTTP Request: GET https://sec.cloudapps.cisco.com/security/center/psirtrss20/CiscoSecurityAdvisory.xml "HTTP/1.1 200 OK"
2026-09-28 09:00:10,750 [vuln-engine.vendor_rss] INFO: Vendor RSS [cisco]: parsed 50 entries
2026-09-28 09:00:10,781 [httpx] INFO: HTTP Request: GET https://www.cert.ssi.gouv.fr/avis/feed/ "HTTP/1.1 200 OK"
2026-09-28 09:00:10,799 [vuln-engine.vendor_rss] INFO: Vendor RSS [certfr_avis]: parsed 40 entries
2026-09-28 09:00:10,830 [httpx] INFO: HTTP Request: GET https://www.cert.ssi.gouv.fr/alerte/feed/ "HTTP/1.1 200 OK"
2026-09-28 09:00:10,848 [vuln-engine.vendor_rss] INFO: Vendor RSS [certfr_alertes]: parsed 40 entries
2026-09-28 09:00:13,293 [httpx] INFO: HTTP Request: GET https://services.nvd.nist.gov/rest/json/cves/2.0?lastModStartDate=2026-09-28T06%3A30%3A04.000&lastModEndDate=2026-09-28T07%3A00%3A04.000&cvssV3Severity=CRITICAL "HTTP/1.1 200 OK"
2026-09-28 09:00:13,294 [vuln-engine.nvd_delta] INFO: NVD delta: 0 critical CVE(s) since 2026-09-28T06:30:04.305466+00:00
2026-09-28 09:00:13,294 [apscheduler.executors.default] INFO: Job "NVD Delta Collector (trigger: interval[0:30:00], next run at: 2026-09-28 09:30:04 CEST)" executed successfully
2026-09-28 09:00:16,390 [httpx] INFO: HTTP Request: GET https://cert.europa.eu/publications/security-advisories-rss "HTTP/1.1 200 OK"
2026-09-28 09:00:16,397 [vuln-engine.vendor_rss] INFO: Vendor RSS [cert_eu]: parsed 10 entries
2026-09-28 09:00:16,454 [httpx] INFO: HTTP Request: GET https://ubuntu.com/security/notices/rss.xml "HTTP/1.1 200 OK"
2026-09-28 09:00:16,461 [vuln-engine.vendor_rss] INFO: Vendor RSS [ubuntu]: parsed 10 entries
2026-09-28 09:00:16,767 [httpx] INFO: HTTP Request: GET https://access.redhat.com/errata-search/feed/?q=*&advisory_type=Security+Advisory&severity=Critical "HTTP/1.1 200 OK"
2026-09-28 09:00:16,843 [vuln-engine.vendor_rss] INFO: Vendor RSS [redhat]: parsed 0 entries
2026-09-28 09:00:16,844 [apscheduler.executors.default] INFO: Job "Vendor RSS Collector (trigger: interval[1:00:00], next run at: 2026-09-28 10:00:04 CEST)" executed successfully
2026-09-28 09:30:04,304 [apscheduler.executors.default] INFO: Running job "NVD Delta Collector (trigger: interval[0:30:00], next run at: 2026-09-28 10:00:04 CEST)" (scheduled at 2026-09-28 09:30:04.302565+02:00)
2026-09-28 09:30:04,304 [vuln-engine.scheduler] INFO: ⏰ Running NVD delta collector...
2026-09-28 09:30:05,573 [httpx] INFO: HTTP Request: GET https://services.nvd.nist.gov/rest/json/cves/2.0?lastModStartDate=2026-09-28T07%3A00%3A04.000&lastModEndDate=2026-09-28T07%3A30%3A04.000&cvssV3Severity=CRITICAL "HTTP/1.1 200 OK"
2026-09-28 09:30:05,575 [vuln-engine.nvd_delta] INFO: NVD delta: 1 critical CVE(s) since 2026-09-28T07:00:04.305401+00:00
2026-09-28 09:30:05,575 [vuln-engine.matching] INFO: Matching: 0/1 alerts matched
2026-09-28 09:30:05,575 [apscheduler.executors.default] INFO: Job "NVD Delta Collector (trigger: interval[0:30:00], next run at: 2026-09-28 10:00:04 CEST)" executed successfully
2026-09-28 10:00:04,305 [apscheduler.executors.default] INFO: Running job "NVD Delta Collector (trigger: interval[0:30:00], next run at: 2026-09-28 10:30:04 CEST)" (scheduled at 2026-09-28 10:00:04.302565+02:00)
2026-09-28 10:00:04,306 [vuln-engine.scheduler] INFO: ⏰ Running NVD delta collector...
2026-09-28 10:00:04,330 [apscheduler.executors.default] INFO: Running job "CISA KEV Collector (trigger: interval[1:00:00], next run at: 2026-09-28 11:00:04 CEST)" (scheduled at 2026-09-28 10:00:04.302748+02:00)
2026-09-28 10:00:04,331 [vuln-engine.scheduler] INFO: ⏰ Running CISA KEV collector...
2026-09-28 10:00:04,351 [apscheduler.executors.default] INFO: Running job "InterSystems Collector (trigger: interval[1:00:00], next run at: 2026-09-28 11:00:04 CEST)" (scheduled at 2026-09-28 10:00:04.302891+02:00)
2026-09-28 10:00:04,351 [vuln-engine.scheduler] INFO: ⏰ Running InterSystems collector...
2026-09-28 10:00:04,364 [apscheduler.executors.default] INFO: Running job "Vendor RSS Collector (trigger: interval[1:00:00], next run at: 2026-09-28 11:00:04 CEST)" (scheduled at 2026-09-28 10:00:04.303011+02:00)
2026-09-28 10:00:04,364 [vuln-engine.scheduler] INFO: ⏰ Running Vendor RSS collector...
2026-09-28 10:00:04,374 [apscheduler.executors.default] INFO: Running job "OCS Cache Refresh (trigger: interval[2:00:00], next run at: 2026-09-28 12:00:04 CEST)" (scheduled at 2026-09-28 10:00:04.303126+02:00)
2026-09-28 10:00:04,375 [vuln-engine.ocs_cache] INFO: Refreshing OCS inventory cache...
2026-09-28 10:00:04,413 [httpx] INFO: HTTP Request: GET https://localhost/ocsapi/v1/computers/listID "HTTP/1.1 200 OK"
2026-09-28 10:00:04,477 [httpx] INFO: HTTP Request: GET https://localhost/ocsapi/v1/computer/21/software "HTTP/1.1 200 OK"
2026-09-28 10:00:04,481 [httpx] INFO: HTTP Request: GET https://www.cisa.gov/sites/default/files/feeds/known_exploited_vulnerabilities.json "HTTP/1.1 200 OK"
2026-09-28 10:00:04,547 [apscheduler.executors.default] INFO: Job "CISA KEV Collector (trigger: interval[1:00:00], next run at: 2026-09-28 11:00:04 CEST)" executed successfully
2026-09-28 10:00:04,561 [httpx] INFO: HTTP Request: GET https://localhost/ocsapi/v1/computer/32/software "HTTP/1.1 200 OK"
2026-09-28 10:00:04,615 [httpx] INFO: HTTP Request: GET https://localhost/ocsapi/v1/computer/33/software "HTTP/1.1 200 OK"
2026-09-28 10:00:04,642 [httpx] INFO: HTTP Request: GET https://localhost/ocsapi/v1/computer/14/software "HTTP/1.1 200 OK"
2026-09-28 10:00:04,664 [httpx] INFO: HTTP Request: GET https://localhost/ocsapi/v1/computer/15/software "HTTP/1.1 200 OK"
2026-09-28 10:00:04,739 [httpx] INFO: HTTP Request: GET https://localhost/ocsapi/v1/computer/4/software "HTTP/1.1 200 OK"
2026-09-28 10:00:04,793 [httpx] INFO: HTTP Request: GET https://localhost/ocsapi/v1/computer/16/software "HTTP/1.1 200 OK"
2026-09-28 10:00:04,837 [httpx] INFO: HTTP Request: GET https://localhost/ocsapi/v1/computer/26/software "HTTP/1.1 200 OK"
2026-09-28 10:00:04,857 [httpx] INFO: HTTP Request: GET https://localhost/ocsapi/v1/computer/10/software "HTTP/1.1 200 OK"
2026-09-28 10:00:04,940 [httpx] INFO: HTTP Request: GET https://api.msrc.microsoft.com/update-guide/rss "HTTP/1.1 200 OK"
2026-09-28 10:00:04,972 [httpx] INFO: HTTP Request: GET https://localhost/ocsapi/v1/computer/11/software "HTTP/1.1 200 OK"
2026-09-28 10:00:04,997 [httpx] INFO: HTTP Request: GET https://localhost/ocsapi/v1/computer/12/software "HTTP/1.1 200 OK"
2026-09-28 10:00:05,013 [httpx] INFO: HTTP Request: GET https://localhost/ocsapi/v1/computer/13/software "HTTP/1.1 200 OK"
2026-09-28 10:00:05,018 [vuln-engine.ocs_cache] INFO: OCS cache refreshed: 12 machines, 3812 unique packages
2026-09-28 10:00:05,018 [apscheduler.executors.default] INFO: Job "OCS Cache Refresh (trigger: interval[2:00:00], next run at: 2026-09-28 12:00:04 CEST)" executed successfully
2026-09-28 10:00:08,834 [vuln-engine.vendor_rss] INFO: Vendor RSS [microsoft_msrc]: parsed 5228 entries
2026-09-28 10:00:08,852 [httpx] INFO: HTTP Request: GET https://www.intersystems.com/support/product-alerts-advisories/ "HTTP/1.1 200 OK"
2026-09-28 10:00:08,862 [vuln-engine.intersystems] INFO: InterSystems: found 10 advisories on page
2026-09-28 10:00:08,863 [apscheduler.executors.default] INFO: Job "InterSystems Collector (trigger: interval[1:00:00], next run at: 2026-09-28 11:00:04 CEST)" executed successfully
2026-09-28 10:00:09,066 [httpx] INFO: HTTP Request: GET https://www.debian.org/security/dsa "HTTP/1.1 200 OK"
2026-09-28 10:00:09,098 [vuln-engine.vendor_rss] INFO: Vendor RSS [debian_dsa]: parsed 29 entries
2026-09-28 10:00:09,209 [httpx] INFO: HTTP Request: GET https://services.nvd.nist.gov/rest/json/cves/2.0?lastModStartDate=2026-09-28T07%3A30%3A04.000&lastModEndDate=2026-09-28T08%3A00%3A04.000&cvssV3Severity=CRITICAL "HTTP/1.1 200 OK"
2026-09-28 10:00:09,211 [vuln-engine.nvd_delta] INFO: NVD delta: 0 critical CVE(s) since 2026-09-28T07:30:04.304937+00:00
2026-09-28 10:00:09,211 [apscheduler.executors.default] INFO: Job "NVD Delta Collector (trigger: interval[0:30:00], next run at: 2026-09-28 10:30:04 CEST)" executed successfully
2026-09-28 10:00:10,418 [httpx] INFO: HTTP Request: GET https://sec.cloudapps.cisco.com/security/center/psirtrss20/CiscoSecurityAdvisory.xml "HTTP/1.1 200 OK"
2026-09-28 10:00:10,809 [vuln-engine.vendor_rss] INFO: Vendor RSS [cisco]: parsed 50 entries
2026-09-28 10:00:10,853 [httpx] INFO: HTTP Request: GET https://www.cert.ssi.gouv.fr/avis/feed/ "HTTP/1.1 200 OK"
2026-09-28 10:00:10,875 [vuln-engine.vendor_rss] INFO: Vendor RSS [certfr_avis]: parsed 40 entries
2026-09-28 10:00:10,908 [httpx] INFO: HTTP Request: GET https://www.cert.ssi.gouv.fr/alerte/feed/ "HTTP/1.1 200 OK"
2026-09-28 10:00:10,939 [vuln-engine.vendor_rss] INFO: Vendor RSS [certfr_alertes]: parsed 40 entries
2026-09-28 10:00:16,628 [httpx] INFO: HTTP Request: GET https://cert.europa.eu/publications/security-advisories-rss "HTTP/1.1 200 OK"
2026-09-28 10:00:16,635 [vuln-engine.vendor_rss] INFO: Vendor RSS [cert_eu]: parsed 10 entries
2026-09-28 10:00:16,679 [httpx] INFO: HTTP Request: GET https://ubuntu.com/security/notices/rss.xml "HTTP/1.1 200 OK"
2026-09-28 10:00:16,687 [vuln-engine.vendor_rss] INFO: Vendor RSS [ubuntu]: parsed 10 entries
2026-09-28 10:00:17,054 [httpx] INFO: HTTP Request: GET https://access.redhat.com/errata-search/feed/?q=*&advisory_type=Security+Advisory&severity=Critical "HTTP/1.1 200 OK"
2026-09-28 10:00:17,109 [vuln-engine.vendor_rss] INFO: Vendor RSS [redhat]: parsed 0 entries
2026-09-28 10:00:17,109 [apscheduler.executors.default] INFO: Job "Vendor RSS Collector (trigger: interval[1:00:00], next run at: 2026-09-28 11:00:04 CEST)" executed successfully
2026-09-28 10:30:04,304 [apscheduler.executors.default] INFO: Running job "NVD Delta Collector (trigger: interval[0:30:00], next run at: 2026-09-28 11:00:04 CEST)" (scheduled at 2026-09-28 10:30:04.302565+02:00)
2026-09-28 10:30:04,305 [vuln-engine.scheduler] INFO: ⏰ Running NVD delta collector...
2026-09-28 10:30:05,901 [httpx] INFO: HTTP Request: GET https://services.nvd.nist.gov/rest/json/cves/2.0?lastModStartDate=2026-09-28T08%3A00%3A04.000&lastModEndDate=2026-09-28T08%3A30%3A04.000&cvssV3Severity=CRITICAL "HTTP/1.1 200 OK"
2026-09-28 10:30:05,904 [vuln-engine.nvd_delta] INFO: NVD delta: 1 critical CVE(s) since 2026-09-28T08:00:04.306827+00:00
2026-09-28 10:30:05,905 [vuln-engine.matching] INFO: Matching: 0/1 alerts matched
2026-09-28 10:30:05,905 [apscheduler.executors.default] INFO: Job "NVD Delta Collector (trigger: interval[0:30:00], next run at: 2026-09-28 11:00:04 CEST)" executed successfully
2026-09-28 11:00:04,305 [apscheduler.executors.default] INFO: Running job "NVD Delta Collector (trigger: interval[0:30:00], next run at: 2026-09-28 11:30:04 CEST)" (scheduled at 2026-09-28 11:00:04.302565+02:00)
2026-09-28 11:00:04,306 [vuln-engine.scheduler] INFO: ⏰ Running NVD delta collector...
2026-09-28 11:00:04,321 [apscheduler.executors.default] INFO: Running job "CISA KEV Collector (trigger: interval[1:00:00], next run at: 2026-09-28 12:00:04 CEST)" (scheduled at 2026-09-28 11:00:04.302748+02:00)
2026-09-28 11:00:04,321 [vuln-engine.scheduler] INFO: ⏰ Running CISA KEV collector...
2026-09-28 11:00:04,332 [apscheduler.executors.default] INFO: Running job "InterSystems Collector (trigger: interval[1:00:00], next run at: 2026-09-28 12:00:04 CEST)" (scheduled at 2026-09-28 11:00:04.302891+02:00)
2026-09-28 11:00:04,332 [vuln-engine.scheduler] INFO: ⏰ Running InterSystems collector...
2026-09-28 11:00:04,343 [apscheduler.executors.default] INFO: Running job "Vendor RSS Collector (trigger: interval[1:00:00], next run at: 2026-09-28 12:00:04 CEST)" (scheduled at 2026-09-28 11:00:04.303011+02:00)
2026-09-28 11:00:04,344 [vuln-engine.scheduler] INFO: ⏰ Running Vendor RSS collector...
2026-09-28 11:00:04,459 [httpx] INFO: HTTP Request: GET https://www.cisa.gov/sites/default/files/feeds/known_exploited_vulnerabilities.json "HTTP/1.1 200 OK"
2026-09-28 11:00:04,509 [apscheduler.executors.default] INFO: Job "CISA KEV Collector (trigger: interval[1:00:00], next run at: 2026-09-28 12:00:04 CEST)" executed successfully
2026-09-28 11:00:04,956 [httpx] INFO: HTTP Request: GET https://api.msrc.microsoft.com/update-guide/rss "HTTP/1.1 200 OK"
2026-09-28 11:00:08,448 [vuln-engine.vendor_rss] INFO: Vendor RSS [microsoft_msrc]: parsed 5228 entries
2026-09-28 11:00:08,465 [httpx] INFO: HTTP Request: GET https://services.nvd.nist.gov/rest/json/cves/2.0?lastModStartDate=2026-09-28T08%3A30%3A04.000&lastModEndDate=2026-09-28T09%3A00%3A04.000&cvssV3Severity=CRITICAL "HTTP/1.1 200 OK"
2026-09-28 11:00:08,467 [httpx] INFO: HTTP Request: GET https://www.intersystems.com/support/product-alerts-advisories/ "HTTP/1.1 200 OK"
2026-09-28 11:00:08,471 [vuln-engine.nvd_delta] INFO: NVD delta: 0 critical CVE(s) since 2026-09-28T08:30:04.305522+00:00
2026-09-28 11:00:08,472 [apscheduler.executors.default] INFO: Job "NVD Delta Collector (trigger: interval[0:30:00], next run at: 2026-09-28 11:30:04 CEST)" executed successfully
2026-09-28 11:00:08,478 [vuln-engine.intersystems] INFO: InterSystems: found 10 advisories on page
2026-09-28 11:00:08,479 [apscheduler.executors.default] INFO: Job "InterSystems Collector (trigger: interval[1:00:00], next run at: 2026-09-28 12:00:04 CEST)" executed successfully
2026-09-28 11:00:08,646 [httpx] INFO: HTTP Request: GET https://www.debian.org/security/dsa "HTTP/1.1 200 OK"
2026-09-28 11:00:08,673 [vuln-engine.vendor_rss] INFO: Vendor RSS [debian_dsa]: parsed 29 entries
2026-09-28 11:00:10,080 [httpx] INFO: HTTP Request: GET https://sec.cloudapps.cisco.com/security/center/psirtrss20/CiscoSecurityAdvisory.xml "HTTP/1.1 200 OK"
2026-09-28 11:00:10,450 [vuln-engine.vendor_rss] INFO: Vendor RSS [cisco]: parsed 50 entries
2026-09-28 11:00:10,487 [httpx] INFO: HTTP Request: GET https://www.cert.ssi.gouv.fr/avis/feed/ "HTTP/1.1 200 OK"
2026-09-28 11:00:10,505 [vuln-engine.vendor_rss] INFO: Vendor RSS [certfr_avis]: parsed 40 entries
2026-09-28 11:00:10,535 [httpx] INFO: HTTP Request: GET https://www.cert.ssi.gouv.fr/alerte/feed/ "HTTP/1.1 200 OK"
2026-09-28 11:00:10,553 [vuln-engine.vendor_rss] INFO: Vendor RSS [certfr_alertes]: parsed 40 entries
2026-09-28 11:00:15,532 [httpx] INFO: HTTP Request: GET https://cert.europa.eu/publications/security-advisories-rss "HTTP/1.1 200 OK"
2026-09-28 11:00:15,538 [vuln-engine.vendor_rss] INFO: Vendor RSS [cert_eu]: parsed 10 entries
2026-09-28 11:00:15,589 [httpx] INFO: HTTP Request: GET https://ubuntu.com/security/notices/rss.xml "HTTP/1.1 200 OK"
2026-09-28 11:00:15,595 [vuln-engine.vendor_rss] INFO: Vendor RSS [ubuntu]: parsed 10 entries
2026-09-28 11:00:15,902 [httpx] INFO: HTTP Request: GET https://access.redhat.com/errata-search/feed/?q=*&advisory_type=Security+Advisory&severity=Critical "HTTP/1.1 200 OK"
2026-09-28 11:00:15,951 [vuln-engine.vendor_rss] INFO: Vendor RSS [redhat]: parsed 0 entries
2026-09-28 11:00:15,951 [apscheduler.executors.default] INFO: Job "Vendor RSS Collector (trigger: interval[1:00:00], next run at: 2026-09-28 12:00:04 CEST)" executed successfully
2026-09-28 11:30:04,304 [apscheduler.executors.default] INFO: Running job "NVD Delta Collector (trigger: interval[0:30:00], next run at: 2026-09-28 12:00:04 CEST)" (scheduled at 2026-09-28 11:30:04.302565+02:00)
2026-09-28 11:30:04,305 [vuln-engine.scheduler] INFO: ⏰ Running NVD delta collector...
2026-09-28 11:30:05,932 [httpx] INFO: HTTP Request: GET https://services.nvd.nist.gov/rest/json/cves/2.0?lastModStartDate=2026-09-28T09%3A00%3A04.000&lastModEndDate=2026-09-28T09%3A30%3A04.000&cvssV3Severity=CRITICAL "HTTP/1.1 200 OK"
2026-09-28 11:30:05,933 [vuln-engine.nvd_delta] INFO: NVD delta: 0 critical CVE(s) since 2026-09-28T09:00:04.306810+00:00
2026-09-28 11:30:05,934 [apscheduler.executors.default] INFO: Job "NVD Delta Collector (trigger: interval[0:30:00], next run at: 2026-09-28 12:00:04 CEST)" executed successfully
2026-09-28 12:00:04,304 [apscheduler.executors.default] INFO: Running job "NVD Delta Collector (trigger: interval[0:30:00], next run at: 2026-09-28 12:30:04 CEST)" (scheduled at 2026-09-28 12:00:04.302565+02:00)
2026-09-28 12:00:04,305 [vuln-engine.scheduler] INFO: ⏰ Running NVD delta collector...
2026-09-28 12:00:04,319 [apscheduler.executors.default] INFO: Running job "CISA KEV Collector (trigger: interval[1:00:00], next run at: 2026-09-28 13:00:04 CEST)" (scheduled at 2026-09-28 12:00:04.302748+02:00)
2026-09-28 12:00:04,320 [vuln-engine.scheduler] INFO: ⏰ Running CISA KEV collector...
2026-09-28 12:00:04,330 [apscheduler.executors.default] INFO: Running job "InterSystems Collector (trigger: interval[1:00:00], next run at: 2026-09-28 13:00:04 CEST)" (scheduled at 2026-09-28 12:00:04.302891+02:00)
2026-09-28 12:00:04,330 [vuln-engine.scheduler] INFO: ⏰ Running InterSystems collector...
2026-09-28 12:00:04,340 [apscheduler.executors.default] INFO: Running job "Vendor RSS Collector (trigger: interval[1:00:00], next run at: 2026-09-28 13:00:04 CEST)" (scheduled at 2026-09-28 12:00:04.303011+02:00)
2026-09-28 12:00:04,341 [vuln-engine.scheduler] INFO: ⏰ Running Vendor RSS collector...
2026-09-28 12:00:04,353 [apscheduler.executors.default] INFO: Running job "OCS Cache Refresh (trigger: interval[2:00:00], next run at: 2026-09-28 14:00:04 CEST)" (scheduled at 2026-09-28 12:00:04.303126+02:00)
2026-09-28 12:00:04,354 [vuln-engine.ocs_cache] INFO: Refreshing OCS inventory cache...
2026-09-28 12:00:04,379 [httpx] INFO: HTTP Request: GET https://localhost/ocsapi/v1/computers/listID "HTTP/1.1 200 OK"
2026-09-28 12:00:04,466 [httpx] INFO: HTTP Request: GET https://www.cisa.gov/sites/default/files/feeds/known_exploited_vulnerabilities.json "HTTP/1.1 200 OK"
2026-09-28 12:00:04,470 [httpx] INFO: HTTP Request: GET https://localhost/ocsapi/v1/computer/21/software "HTTP/1.1 200 OK"
2026-09-28 12:00:04,530 [apscheduler.executors.default] INFO: Job "CISA KEV Collector (trigger: interval[1:00:00], next run at: 2026-09-28 13:00:04 CEST)" executed successfully
2026-09-28 12:00:04,551 [httpx] INFO: HTTP Request: GET https://localhost/ocsapi/v1/computer/32/software "HTTP/1.1 200 OK"
2026-09-28 12:00:04,599 [httpx] INFO: HTTP Request: GET https://localhost/ocsapi/v1/computer/33/software "HTTP/1.1 200 OK"
2026-09-28 12:00:04,626 [httpx] INFO: HTTP Request: GET https://localhost/ocsapi/v1/computer/14/software "HTTP/1.1 200 OK"
2026-09-28 12:00:04,644 [httpx] INFO: HTTP Request: GET https://localhost/ocsapi/v1/computer/15/software "HTTP/1.1 200 OK"
2026-09-28 12:00:04,716 [httpx] INFO: HTTP Request: GET https://localhost/ocsapi/v1/computer/4/software "HTTP/1.1 200 OK"
2026-09-28 12:00:04,814 [httpx] INFO: HTTP Request: GET https://localhost/ocsapi/v1/computer/16/software "HTTP/1.1 200 OK"
2026-09-28 12:00:04,857 [httpx] INFO: HTTP Request: GET https://localhost/ocsapi/v1/computer/26/software "HTTP/1.1 200 OK"
2026-09-28 12:00:04,877 [httpx] INFO: HTTP Request: GET https://localhost/ocsapi/v1/computer/10/software "HTTP/1.1 200 OK"
2026-09-28 12:00:04,942 [httpx] INFO: HTTP Request: GET https://api.msrc.microsoft.com/update-guide/rss "HTTP/1.1 200 OK"
2026-09-28 12:00:04,960 [httpx] INFO: HTTP Request: GET https://localhost/ocsapi/v1/computer/11/software "HTTP/1.1 200 OK"
2026-09-28 12:00:04,986 [httpx] INFO: HTTP Request: GET https://localhost/ocsapi/v1/computer/12/software "HTTP/1.1 200 OK"
2026-09-28 12:00:05,000 [httpx] INFO: HTTP Request: GET https://localhost/ocsapi/v1/computer/13/software "HTTP/1.1 200 OK"
2026-09-28 12:00:05,005 [vuln-engine.ocs_cache] INFO: OCS cache refreshed: 12 machines, 3812 unique packages
2026-09-28 12:00:05,005 [apscheduler.executors.default] INFO: Job "OCS Cache Refresh (trigger: interval[2:00:00], next run at: 2026-09-28 14:00:04 CEST)" executed successfully
2026-09-28 12:00:08,698 [vuln-engine.vendor_rss] INFO: Vendor RSS [microsoft_msrc]: parsed 5228 entries
2026-09-28 12:00:08,737 [httpx] INFO: HTTP Request: GET https://www.intersystems.com/support/product-alerts-advisories/ "HTTP/1.1 200 OK"
2026-09-28 12:00:08,845 [vuln-engine.intersystems] INFO: InterSystems: found 10 advisories on page
2026-09-28 12:00:08,846 [apscheduler.executors.default] INFO: Job "InterSystems Collector (trigger: interval[1:00:00], next run at: 2026-09-28 13:00:04 CEST)" executed successfully
2026-09-28 12:00:08,901 [httpx] INFO: HTTP Request: GET https://www.debian.org/security/dsa "HTTP/1.1 200 OK"
2026-09-28 12:00:08,929 [vuln-engine.vendor_rss] INFO: Vendor RSS [debian_dsa]: parsed 29 entries
2026-09-28 12:00:10,339 [httpx] INFO: HTTP Request: GET https://sec.cloudapps.cisco.com/security/center/psirtrss20/CiscoSecurityAdvisory.xml "HTTP/1.1 200 OK"
2026-09-28 12:00:10,636 [vuln-engine.vendor_rss] INFO: Vendor RSS [cisco]: parsed 50 entries
2026-09-28 12:00:10,649 [httpx] INFO: HTTP Request: GET https://services.nvd.nist.gov/rest/json/cves/2.0?lastModStartDate=2026-09-28T09%3A30%3A04.000&lastModEndDate=2026-09-28T10%3A00%3A04.000&cvssV3Severity=CRITICAL "HTTP/1.1 200 OK"
2026-09-28 12:00:10,650 [vuln-engine.nvd_delta] INFO: NVD delta: 0 critical CVE(s) since 2026-09-28T09:30:04.305448+00:00
2026-09-28 12:00:10,651 [apscheduler.executors.default] INFO: Job "NVD Delta Collector (trigger: interval[0:30:00], next run at: 2026-09-28 12:30:04 CEST)" executed successfully
2026-09-28 12:00:10,684 [httpx] INFO: HTTP Request: GET https://www.cert.ssi.gouv.fr/avis/feed/ "HTTP/1.1 200 OK"
2026-09-28 12:00:10,703 [vuln-engine.vendor_rss] INFO: Vendor RSS [certfr_avis]: parsed 40 entries
2026-09-28 12:00:10,742 [httpx] INFO: HTTP Request: GET https://www.cert.ssi.gouv.fr/alerte/feed/ "HTTP/1.1 200 OK"
2026-09-28 12:00:10,761 [vuln-engine.vendor_rss] INFO: Vendor RSS [certfr_alertes]: parsed 40 entries
2026-09-28 12:00:14,403 [httpx] INFO: HTTP Request: GET https://cert.europa.eu/publications/security-advisories-rss "HTTP/1.1 200 OK"
2026-09-28 12:00:14,411 [vuln-engine.vendor_rss] INFO: Vendor RSS [cert_eu]: parsed 10 entries
2026-09-28 12:00:14,456 [httpx] INFO: HTTP Request: GET https://ubuntu.com/security/notices/rss.xml "HTTP/1.1 200 OK"
2026-09-28 12:00:14,462 [vuln-engine.vendor_rss] INFO: Vendor RSS [ubuntu]: parsed 10 entries
2026-09-28 12:00:14,759 [httpx] INFO: HTTP Request: GET https://access.redhat.com/errata-search/feed/?q=*&advisory_type=Security+Advisory&severity=Critical "HTTP/1.1 200 OK"
2026-09-28 12:00:14,810 [vuln-engine.vendor_rss] INFO: Vendor RSS [redhat]: parsed 0 entries
2026-09-28 12:00:14,811 [apscheduler.executors.default] INFO: Job "Vendor RSS Collector (trigger: interval[1:00:00], next run at: 2026-09-28 13:00:04 CEST)" executed successfully
2026-09-28 12:30:04,307 [apscheduler.executors.default] INFO: Running job "NVD Delta Collector (trigger: interval[0:30:00], next run at: 2026-09-28 13:00:04 CEST)" (scheduled at 2026-09-28 12:30:04.302565+02:00)
2026-09-28 12:30:04,310 [vuln-engine.scheduler] INFO: ⏰ Running NVD delta collector...
2026-09-28 12:30:05,961 [httpx] INFO: HTTP Request: GET https://services.nvd.nist.gov/rest/json/cves/2.0?lastModStartDate=2026-09-28T10%3A00%3A04.000&lastModEndDate=2026-09-28T10%3A30%3A04.000&cvssV3Severity=CRITICAL "HTTP/1.1 200 OK"
2026-09-28 12:30:06,043 [vuln-engine.nvd_delta] INFO: NVD delta: 7 critical CVE(s) since 2026-09-28T10:00:04.305729+00:00
2026-09-28 12:30:06,046 [vuln-engine.matching] INFO: Matching: 0/7 alerts matched
2026-09-28 12:30:06,046 [apscheduler.executors.default] INFO: Job "NVD Delta Collector (trigger: interval[0:30:00], next run at: 2026-09-28 13:00:04 CEST)" executed successfully
2026-09-28 13:00:04,304 [apscheduler.executors.default] INFO: Running job "NVD Delta Collector (trigger: interval[0:30:00], next run at: 2026-09-28 13:30:04 CEST)" (scheduled at 2026-09-28 13:00:04.302565+02:00)
2026-09-28 13:00:04,305 [vuln-engine.scheduler] INFO: ⏰ Running NVD delta collector...
2026-09-28 13:00:04,318 [apscheduler.executors.default] INFO: Running job "CISA KEV Collector (trigger: interval[1:00:00], next run at: 2026-09-28 14:00:04 CEST)" (scheduled at 2026-09-28 13:00:04.302748+02:00)
2026-09-28 13:00:04,318 [vuln-engine.scheduler] INFO: ⏰ Running CISA KEV collector...
2026-09-28 13:00:04,328 [apscheduler.executors.default] INFO: Running job "InterSystems Collector (trigger: interval[1:00:00], next run at: 2026-09-28 14:00:04 CEST)" (scheduled at 2026-09-28 13:00:04.302891+02:00)
2026-09-28 13:00:04,328 [vuln-engine.scheduler] INFO: ⏰ Running InterSystems collector...
2026-09-28 13:00:04,338 [apscheduler.executors.default] INFO: Running job "Vendor RSS Collector (trigger: interval[1:00:00], next run at: 2026-09-28 14:00:04 CEST)" (scheduled at 2026-09-28 13:00:04.303011+02:00)
2026-09-28 13:00:04,338 [vuln-engine.scheduler] INFO: ⏰ Running Vendor RSS collector...
2026-09-28 13:00:04,461 [httpx] INFO: HTTP Request: GET https://www.cisa.gov/sites/default/files/feeds/known_exploited_vulnerabilities.json "HTTP/1.1 200 OK"
2026-09-28 13:00:04,514 [apscheduler.executors.default] INFO: Job "CISA KEV Collector (trigger: interval[1:00:00], next run at: 2026-09-28 14:00:04 CEST)" executed successfully
2026-09-28 13:00:04,919 [httpx] INFO: HTTP Request: GET https://api.msrc.microsoft.com/update-guide/rss "HTTP/1.1 200 OK"
2026-09-28 13:00:08,366 [vuln-engine.vendor_rss] INFO: Vendor RSS [microsoft_msrc]: parsed 5228 entries
2026-09-28 13:00:08,378 [httpx] INFO: HTTP Request: GET https://www.intersystems.com/support/product-alerts-advisories/ "HTTP/1.1 200 OK"
2026-09-28 13:00:08,381 [httpx] INFO: HTTP Request: GET https://services.nvd.nist.gov/rest/json/cves/2.0?lastModStartDate=2026-09-28T10%3A30%3A04.000&lastModEndDate=2026-09-28T11%3A00%3A04.000&cvssV3Severity=CRITICAL "HTTP/1.1 200 OK"
2026-09-28 13:00:08,385 [vuln-engine.nvd_delta] INFO: NVD delta: 0 critical CVE(s) since 2026-09-28T10:30:04.310904+00:00
2026-09-28 13:00:08,386 [apscheduler.executors.default] INFO: Job "NVD Delta Collector (trigger: interval[0:30:00], next run at: 2026-09-28 13:30:04 CEST)" executed successfully
2026-09-28 13:00:08,389 [vuln-engine.intersystems] INFO: InterSystems: found 10 advisories on page
2026-09-28 13:00:08,389 [apscheduler.executors.default] INFO: Job "InterSystems Collector (trigger: interval[1:00:00], next run at: 2026-09-28 14:00:04 CEST)" executed successfully
2026-09-28 13:00:08,578 [httpx] INFO: HTTP Request: GET https://www.debian.org/security/dsa "HTTP/1.1 200 OK"
2026-09-28 13:00:08,604 [vuln-engine.vendor_rss] INFO: Vendor RSS [debian_dsa]: parsed 29 entries
2026-09-28 13:00:10,158 [httpx] INFO: HTTP Request: GET https://sec.cloudapps.cisco.com/security/center/psirtrss20/CiscoSecurityAdvisory.xml "HTTP/1.1 200 OK"
2026-09-28 13:00:10,453 [vuln-engine.vendor_rss] INFO: Vendor RSS [cisco]: parsed 50 entries
2026-09-28 13:00:10,483 [httpx] INFO: HTTP Request: GET https://www.cert.ssi.gouv.fr/avis/feed/ "HTTP/1.1 200 OK"
2026-09-28 13:00:10,502 [vuln-engine.vendor_rss] INFO: Vendor RSS [certfr_avis]: parsed 40 entries
2026-09-28 13:00:10,532 [httpx] INFO: HTTP Request: GET https://www.cert.ssi.gouv.fr/alerte/feed/ "HTTP/1.1 200 OK"
2026-09-28 13:00:10,551 [vuln-engine.vendor_rss] INFO: Vendor RSS [certfr_alertes]: parsed 40 entries
2026-09-28 13:00:15,834 [httpx] INFO: HTTP Request: GET https://cert.europa.eu/publications/security-advisories-rss "HTTP/1.1 200 OK"
2026-09-28 13:00:15,841 [vuln-engine.vendor_rss] INFO: Vendor RSS [cert_eu]: parsed 10 entries
2026-09-28 13:00:15,885 [httpx] INFO: HTTP Request: GET https://ubuntu.com/security/notices/rss.xml "HTTP/1.1 200 OK"
2026-09-28 13:00:15,891 [vuln-engine.vendor_rss] INFO: Vendor RSS [ubuntu]: parsed 10 entries
2026-09-28 13:00:16,147 [httpx] INFO: HTTP Request: GET https://access.redhat.com/errata-search/feed/?q=*&advisory_type=Security+Advisory&severity=Critical "HTTP/1.1 200 OK"
2026-09-28 13:00:16,196 [vuln-engine.vendor_rss] INFO: Vendor RSS [redhat]: parsed 0 entries
2026-09-28 13:00:16,197 [apscheduler.executors.default] INFO: Job "Vendor RSS Collector (trigger: interval[1:00:00], next run at: 2026-09-28 14:00:04 CEST)" executed successfully
2026-09-28 13:30:04,307 [apscheduler.executors.default] INFO: Running job "NVD Delta Collector (trigger: interval[0:30:00], next run at: 2026-09-28 14:00:04 CEST)" (scheduled at 2026-09-28 13:30:04.302565+02:00)
2026-09-28 13:30:04,308 [vuln-engine.scheduler] INFO: ⏰ Running NVD delta collector...
2026-09-28 13:30:09,437 [httpx] INFO: HTTP Request: GET https://services.nvd.nist.gov/rest/json/cves/2.0?lastModStartDate=2026-09-28T11%3A00%3A04.000&lastModEndDate=2026-09-28T11%3A30%3A04.000&cvssV3Severity=CRITICAL "HTTP/1.1 200 OK"
2026-09-28 13:30:09,440 [vuln-engine.nvd_delta] INFO: NVD delta: 3 critical CVE(s) since 2026-09-28T11:00:04.305470+00:00
2026-09-28 13:30:09,440 [vuln-engine.matching] INFO: Matching: 0/3 alerts matched
2026-09-28 13:30:09,441 [apscheduler.executors.default] INFO: Job "NVD Delta Collector (trigger: interval[0:30:00], next run at: 2026-09-28 14:00:04 CEST)" executed successfully
2026-09-28 14:00:04,304 [apscheduler.executors.default] INFO: Running job "NVD Delta Collector (trigger: interval[0:30:00], next run at: 2026-09-28 14:30:04 CEST)" (scheduled at 2026-09-28 14:00:04.302565+02:00)
2026-09-28 14:00:04,305 [vuln-engine.scheduler] INFO: ⏰ Running NVD delta collector...
2026-09-28 14:00:04,327 [apscheduler.executors.default] INFO: Running job "CISA KEV Collector (trigger: interval[1:00:00], next run at: 2026-09-28 15:00:04 CEST)" (scheduled at 2026-09-28 14:00:04.302748+02:00)
2026-09-28 14:00:04,328 [vuln-engine.scheduler] INFO: ⏰ Running CISA KEV collector...
2026-09-28 14:00:04,339 [apscheduler.executors.default] INFO: Running job "InterSystems Collector (trigger: interval[1:00:00], next run at: 2026-09-28 15:00:04 CEST)" (scheduled at 2026-09-28 14:00:04.302891+02:00)
2026-09-28 14:00:04,340 [vuln-engine.scheduler] INFO: ⏰ Running InterSystems collector...
2026-09-28 14:00:04,351 [apscheduler.executors.default] INFO: Running job "Vendor RSS Collector (trigger: interval[1:00:00], next run at: 2026-09-28 15:00:04 CEST)" (scheduled at 2026-09-28 14:00:04.303011+02:00)
2026-09-28 14:00:04,351 [vuln-engine.scheduler] INFO: ⏰ Running Vendor RSS collector...
2026-09-28 14:00:04,362 [apscheduler.executors.default] INFO: Running job "OCS Cache Refresh (trigger: interval[2:00:00], next run at: 2026-09-28 16:00:04 CEST)" (scheduled at 2026-09-28 14:00:04.303126+02:00)
2026-09-28 14:00:04,362 [vuln-engine.ocs_cache] INFO: Refreshing OCS inventory cache...
2026-09-28 14:00:04,467 [httpx] INFO: HTTP Request: GET https://www.cisa.gov/sites/default/files/feeds/known_exploited_vulnerabilities.json "HTTP/1.1 200 OK"
2026-09-28 14:00:04,520 [apscheduler.executors.default] INFO: Job "CISA KEV Collector (trigger: interval[1:00:00], next run at: 2026-09-28 15:00:04 CEST)" executed successfully
2026-09-28 14:00:04,791 [httpx] INFO: HTTP Request: GET https://localhost/ocsapi/v1/computers/listID "HTTP/1.1 200 OK"
2026-09-28 14:00:04,962 [httpx] INFO: HTTP Request: GET https://api.msrc.microsoft.com/update-guide/rss "HTTP/1.1 200 OK"
2026-09-28 14:00:05,877 [httpx] INFO: HTTP Request: GET https://localhost/ocsapi/v1/computer/21/software "HTTP/1.1 200 OK"
2026-09-28 14:00:08,376 [vuln-engine.vendor_rss] INFO: Vendor RSS [microsoft_msrc]: parsed 5228 entries
2026-09-28 14:00:08,390 [httpx] INFO: HTTP Request: GET https://www.intersystems.com/support/product-alerts-advisories/ "HTTP/1.1 200 OK"
2026-09-28 14:00:08,393 [httpx] INFO: HTTP Request: GET https://localhost/ocsapi/v1/computer/32/software "HTTP/1.1 200 OK"
2026-09-28 14:00:08,410 [vuln-engine.intersystems] INFO: InterSystems: found 10 advisories on page
2026-09-28 14:00:08,410 [apscheduler.executors.default] INFO: Job "InterSystems Collector (trigger: interval[1:00:00], next run at: 2026-09-28 15:00:04 CEST)" executed successfully
2026-09-28 14:00:08,466 [httpx] INFO: HTTP Request: GET https://www.debian.org/security/dsa "HTTP/1.1 200 OK"
2026-09-28 14:00:08,497 [vuln-engine.vendor_rss] INFO: Vendor RSS [debian_dsa]: parsed 30 entries
2026-09-28 14:00:09,061 [httpx] INFO: HTTP Request: GET https://localhost/ocsapi/v1/computer/33/software "HTTP/1.1 200 OK"
2026-09-28 14:00:09,584 [httpx] INFO: HTTP Request: GET https://services.nvd.nist.gov/rest/json/cves/2.0?lastModStartDate=2026-09-28T11%3A30%3A04.000&lastModEndDate=2026-09-28T12%3A00%3A04.000&cvssV3Severity=CRITICAL "HTTP/1.1 200 OK"
2026-09-28 14:00:09,587 [vuln-engine.nvd_delta] INFO: NVD delta: 0 critical CVE(s) since 2026-09-28T11:30:04.309001+00:00
2026-09-28 14:00:09,587 [apscheduler.executors.default] INFO: Job "NVD Delta Collector (trigger: interval[0:30:00], next run at: 2026-09-28 14:30:04 CEST)" executed successfully
2026-09-28 14:00:09,747 [httpx] INFO: HTTP Request: GET https://localhost/ocsapi/v1/computer/14/software "HTTP/1.1 200 OK"
2026-09-28 14:00:09,824 [httpx] INFO: HTTP Request: GET https://sec.cloudapps.cisco.com/security/center/psirtrss20/CiscoSecurityAdvisory.xml "HTTP/1.1 200 OK"
2026-09-28 14:00:10,200 [vuln-engine.vendor_rss] INFO: Vendor RSS [cisco]: parsed 50 entries
2026-09-28 14:00:10,212 [httpx] INFO: HTTP Request: GET https://localhost/ocsapi/v1/computer/15/software "HTTP/1.1 200 OK"
2026-09-28 14:00:10,234 [httpx] INFO: HTTP Request: GET https://www.cert.ssi.gouv.fr/avis/feed/ "HTTP/1.1 200 OK"
2026-09-28 14:00:10,252 [vuln-engine.vendor_rss] INFO: Vendor RSS [certfr_avis]: parsed 40 entries
2026-09-28 14:00:10,285 [httpx] INFO: HTTP Request: GET https://www.cert.ssi.gouv.fr/alerte/feed/ "HTTP/1.1 200 OK"
2026-09-28 14:00:10,304 [vuln-engine.vendor_rss] INFO: Vendor RSS [certfr_alertes]: parsed 40 entries
2026-09-28 14:00:10,953 [httpx] INFO: HTTP Request: GET https://localhost/ocsapi/v1/computer/4/software "HTTP/1.1 200 OK"
2026-09-28 14:00:11,186 [httpx] INFO: HTTP Request: GET https://localhost/ocsapi/v1/computer/16/software "HTTP/1.1 200 OK"
2026-09-28 14:00:11,248 [httpx] INFO: HTTP Request: GET https://localhost/ocsapi/v1/computer/26/software "HTTP/1.1 200 OK"
2026-09-28 14:00:11,277 [httpx] INFO: HTTP Request: GET https://localhost/ocsapi/v1/computer/10/software "HTTP/1.1 200 OK"
2026-09-28 14:00:11,409 [httpx] INFO: HTTP Request: GET https://localhost/ocsapi/v1/computer/11/software "HTTP/1.1 200 OK"
2026-09-28 14:00:11,469 [httpx] INFO: HTTP Request: GET https://localhost/ocsapi/v1/computer/12/software "HTTP/1.1 200 OK"
2026-09-28 14:00:11,508 [httpx] INFO: HTTP Request: GET https://localhost/ocsapi/v1/computer/13/software "HTTP/1.1 200 OK"
2026-09-28 14:00:11,512 [vuln-engine.ocs_cache] INFO: OCS cache refreshed: 12 machines, 3812 unique packages
2026-09-28 14:00:11,513 [apscheduler.executors.default] INFO: Job "OCS Cache Refresh (trigger: interval[2:00:00], next run at: 2026-09-28 16:00:04 CEST)" executed successfully
2026-09-28 14:00:15,583 [httpx] INFO: HTTP Request: GET https://cert.europa.eu/publications/security-advisories-rss "HTTP/1.1 200 OK"
2026-09-28 14:00:15,591 [vuln-engine.vendor_rss] INFO: Vendor RSS [cert_eu]: parsed 10 entries
2026-09-28 14:00:15,636 [httpx] INFO: HTTP Request: GET https://ubuntu.com/security/notices/rss.xml "HTTP/1.1 200 OK"
2026-09-28 14:00:15,642 [vuln-engine.vendor_rss] INFO: Vendor RSS [ubuntu]: parsed 10 entries
2026-09-28 14:00:15,906 [httpx] INFO: HTTP Request: GET https://access.redhat.com/errata-search/feed/?q=*&advisory_type=Security+Advisory&severity=Critical "HTTP/1.1 200 OK"
2026-09-28 14:00:15,958 [vuln-engine.vendor_rss] INFO: Vendor RSS [redhat]: parsed 0 entries
2026-09-28 14:00:15,958 [apscheduler.executors.default] INFO: Job "Vendor RSS Collector (trigger: interval[1:00:00], next run at: 2026-09-28 15:00:04 CEST)" executed successfully
2026-09-28 14:30:04,307 [apscheduler.executors.default] INFO: Running job "NVD Delta Collector (trigger: interval[0:30:00], next run at: 2026-09-28 15:00:04 CEST)" (scheduled at 2026-09-28 14:30:04.302565+02:00)
2026-09-28 14:30:04,308 [vuln-engine.scheduler] INFO: ⏰ Running NVD delta collector...
2026-09-28 14:30:11,014 [httpx] INFO: HTTP Request: GET https://services.nvd.nist.gov/rest/json/cves/2.0?lastModStartDate=2026-09-28T12%3A00%3A04.000&lastModEndDate=2026-09-28T12%3A30%3A04.000&cvssV3Severity=CRITICAL "HTTP/1.1 200 OK"
2026-09-28 14:30:11,017 [vuln-engine.nvd_delta] INFO: NVD delta: 1 critical CVE(s) since 2026-09-28T12:00:04.305882+00:00
2026-09-28 14:30:11,018 [vuln-engine.matching] INFO: Matching: 0/1 alerts matched
2026-09-28 14:30:11,018 [apscheduler.executors.default] INFO: Job "NVD Delta Collector (trigger: interval[0:30:00], next run at: 2026-09-28 15:00:04 CEST)" executed successfully
2026-09-28 15:00:04,305 [apscheduler.executors.default] INFO: Running job "NVD Delta Collector (trigger: interval[0:30:00], next run at: 2026-09-28 15:30:04 CEST)" (scheduled at 2026-09-28 15:00:04.302565+02:00)
2026-09-28 15:00:04,306 [vuln-engine.scheduler] INFO: ⏰ Running NVD delta collector...
2026-09-28 15:00:04,327 [apscheduler.executors.default] INFO: Running job "CISA KEV Collector (trigger: interval[1:00:00], next run at: 2026-09-28 16:00:04 CEST)" (scheduled at 2026-09-28 15:00:04.302748+02:00)
2026-09-28 15:00:04,327 [vuln-engine.scheduler] INFO: ⏰ Running CISA KEV collector...
2026-09-28 15:00:04,343 [apscheduler.executors.default] INFO: Running job "InterSystems Collector (trigger: interval[1:00:00], next run at: 2026-09-28 16:00:04 CEST)" (scheduled at 2026-09-28 15:00:04.302891+02:00)
2026-09-28 15:00:04,343 [vuln-engine.scheduler] INFO: ⏰ Running InterSystems collector...
2026-09-28 15:00:04,359 [apscheduler.executors.default] INFO: Running job "Vendor RSS Collector (trigger: interval[1:00:00], next run at: 2026-09-28 16:00:04 CEST)" (scheduled at 2026-09-28 15:00:04.303011+02:00)
2026-09-28 15:00:04,360 [vuln-engine.scheduler] INFO: ⏰ Running Vendor RSS collector...
2026-09-28 15:00:04,496 [httpx] INFO: HTTP Request: GET https://www.cisa.gov/sites/default/files/feeds/known_exploited_vulnerabilities.json "HTTP/1.1 200 OK"
2026-09-28 15:00:04,534 [apscheduler.executors.default] INFO: Job "CISA KEV Collector (trigger: interval[1:00:00], next run at: 2026-09-28 16:00:04 CEST)" executed successfully
2026-09-28 15:00:04,991 [httpx] INFO: HTTP Request: GET https://api.msrc.microsoft.com/update-guide/rss "HTTP/1.1 200 OK"
2026-09-28 15:00:08,780 [vuln-engine.vendor_rss] INFO: Vendor RSS [microsoft_msrc]: parsed 5228 entries
2026-09-28 15:00:08,794 [httpx] INFO: HTTP Request: GET https://www.intersystems.com/support/product-alerts-advisories/ "HTTP/1.1 200 OK"
2026-09-28 15:00:08,805 [vuln-engine.intersystems] INFO: InterSystems: found 10 advisories on page
2026-09-28 15:00:08,806 [apscheduler.executors.default] INFO: Job "InterSystems Collector (trigger: interval[1:00:00], next run at: 2026-09-28 16:00:04 CEST)" executed successfully
2026-09-28 15:00:08,866 [httpx] INFO: HTTP Request: GET https://www.debian.org/security/dsa "HTTP/1.1 200 OK"
2026-09-28 15:00:08,894 [vuln-engine.vendor_rss] INFO: Vendor RSS [debian_dsa]: parsed 30 entries
2026-09-28 15:00:09,290 [httpx] INFO: HTTP Request: GET https://services.nvd.nist.gov/rest/json/cves/2.0?lastModStartDate=2026-09-28T12%3A30%3A04.000&lastModEndDate=2026-09-28T13%3A00%3A04.000&cvssV3Severity=CRITICAL "HTTP/1.1 200 OK"
2026-09-28 15:00:09,292 [vuln-engine.nvd_delta] INFO: NVD delta: 0 critical CVE(s) since 2026-09-28T12:30:04.309467+00:00
2026-09-28 15:00:09,292 [apscheduler.executors.default] INFO: Job "NVD Delta Collector (trigger: interval[0:30:00], next run at: 2026-09-28 15:30:04 CEST)" executed successfully
2026-09-28 15:00:10,351 [httpx] INFO: HTTP Request: GET https://sec.cloudapps.cisco.com/security/center/psirtrss20/CiscoSecurityAdvisory.xml "HTTP/1.1 200 OK"
2026-09-28 15:00:10,648 [vuln-engine.vendor_rss] INFO: Vendor RSS [cisco]: parsed 50 entries
2026-09-28 15:00:10,679 [httpx] INFO: HTTP Request: GET https://www.cert.ssi.gouv.fr/avis/feed/ "HTTP/1.1 200 OK"
2026-09-28 15:00:10,697 [vuln-engine.vendor_rss] INFO: Vendor RSS [certfr_avis]: parsed 40 entries
2026-09-28 15:00:10,734 [httpx] INFO: HTTP Request: GET https://www.cert.ssi.gouv.fr/alerte/feed/ "HTTP/1.1 200 OK"
2026-09-28 15:00:10,752 [vuln-engine.vendor_rss] INFO: Vendor RSS [certfr_alertes]: parsed 40 entries
2026-09-28 15:00:15,147 [httpx] INFO: HTTP Request: GET https://cert.europa.eu/publications/security-advisories-rss "HTTP/1.1 200 OK"
2026-09-28 15:00:15,154 [vuln-engine.vendor_rss] INFO: Vendor RSS [cert_eu]: parsed 10 entries
2026-09-28 15:00:15,203 [httpx] INFO: HTTP Request: GET https://ubuntu.com/security/notices/rss.xml "HTTP/1.1 200 OK"
2026-09-28 15:00:15,210 [vuln-engine.vendor_rss] INFO: Vendor RSS [ubuntu]: parsed 10 entries
2026-09-28 15:00:15,676 [httpx] INFO: HTTP Request: GET https://access.redhat.com/errata-search/feed/?q=*&advisory_type=Security+Advisory&severity=Critical "HTTP/1.1 200 OK"
2026-09-28 15:00:15,725 [vuln-engine.vendor_rss] INFO: Vendor RSS [redhat]: parsed 0 entries
2026-09-28 15:00:15,725 [vuln-engine.vendor_rss] WARNING: Vendor RSS: 1 new HIGH+/zero-day advisory(ies)
2026-09-28 15:00:15,726 [vuln-engine.matching] INFO: Matching: 0/1 alerts matched
2026-09-28 15:00:15,726 [apscheduler.executors.default] INFO: Job "Vendor RSS Collector (trigger: interval[1:00:00], next run at: 2026-09-28 16:00:04 CEST)" executed successfully
2026-09-28 15:30:04,304 [apscheduler.executors.default] INFO: Running job "NVD Delta Collector (trigger: interval[0:30:00], next run at: 2026-09-28 16:00:04 CEST)" (scheduled at 2026-09-28 15:30:04.302565+02:00)
2026-09-28 15:30:04,305 [vuln-engine.scheduler] INFO: ⏰ Running NVD delta collector...
2026-09-28 15:30:06,686 [httpx] INFO: HTTP Request: GET https://services.nvd.nist.gov/rest/json/cves/2.0?lastModStartDate=2026-09-28T13%3A00%3A04.000&lastModEndDate=2026-09-28T13%3A30%3A04.000&cvssV3Severity=CRITICAL "HTTP/1.1 200 OK"
2026-09-28 15:30:06,689 [vuln-engine.nvd_delta] INFO: NVD delta: 1 critical CVE(s) since 2026-09-28T13:00:04.306951+00:00
2026-09-28 15:30:06,690 [vuln-engine.matching] INFO: Matching: 0/1 alerts matched
2026-09-28 15:30:06,690 [apscheduler.executors.default] INFO: Job "NVD Delta Collector (trigger: interval[0:30:00], next run at: 2026-09-28 16:00:04 CEST)" executed successfully
